{"skeleton":{"hash":"kZz2o/SZfYM8HX2e9J0yRcLSREc","spine":"3.8.76","x":-120.13,"y":-5.38,"width":218.94,"height":202.28,"images":"./images/","audio":""},"bones":[{"name":"root","scaleX":-0.15,"scaleY":0.15},{"name":"1","parent":"root","x":-149.66,"y":211.97,"color":"ff3f00ff"},{"name":"body","parent":"root","length":300.06,"rotation":96.55,"x":-49.1,"y":501.96},{"name":"arm2_l","parent":"body","length":204.75,"rotation":158.04,"x":236.53,"y":82.31},{"name":"arm1_l","parent":"arm2_l","length":207.5,"rotation":-73.48,"x":210.77,"y":-6.7},{"name":"arm2_r","parent":"body","length":214.57,"rotation":-136.22,"x":255.73,"y":-138.86},{"name":"arm1_r","parent":"arm2_r","length":265.91,"rotation":-60.37,"x":211.01,"y":23.22},{"name":"manteau","parent":"body","length":68.95,"rotation":166.74,"x":-60.19,"y":23.13,"color":"99199cff"},{"name":"bone2","parent":"manteau","length":58.45,"rotation":4.73,"x":81.19,"y":-0.59,"color":"99199cff"},{"name":"bone3","parent":"bone2","length":60.56,"rotation":5.79,"x":62.54,"y":-1.87,"color":"99199cff"},{"name":"bone4","parent":"bone3","length":62.73,"rotation":1.71,"x":64.58,"y":-0.27,"color":"99199cff"},{"name":"bone5","parent":"bone4","length":66.44,"rotation":8.51,"x":66.94,"y":1.62,"color":"99199cff"},{"name":"bone6","parent":"bone5","length":75.69,"rotation":11.16,"x":66.93,"y":1.95,"color":"99199cff"},{"name":"tail","parent":"body","length":75.26,"rotation":-112.08,"x":-104.82,"y":-135.96,"color":"9c0700ff"},{"name":"bone7","parent":"tail","length":77.2,"rotation":0.4,"x":80.54,"y":3.56,"color":"9c0700ff"},{"name":"bone8","parent":"bone7","length":87.75,"rotation":5.88,"x":80.56,"y":3,"color":"9c0700ff"},{"name":"bone9","parent":"bone8","length":80.67,"rotation":6.38,"x":89.09,"y":4.3,"color":"9c0700ff"},{"name":"bone10","parent":"bone9","length":75.2,"rotation":10.56,"x":80.67,"color":"9c0700ff"},{"name":"bone11","parent":"bone10","length":77.8,"rotation":13.55,"x":78.93,"y":-2.54,"color":"9c0700ff"},{"name":"bone12","parent":"bone11","length":69.45,"rotation":8.29,"x":80.41,"y":1.15,"color":"9c0700ff"},{"name":"bone13","parent":"bone12","length":72.62,"rotation":26.77,"x":73.19,"y":2.51,"color":"9c0700ff"},{"name":"bone14","parent":"bone13","length":72.62,"rotation":36.87,"x":79.33,"y":4.47,"color":"9c0700ff"},{"name":"bone15","parent":"bone14","length":53.18,"rotation":49.52,"x":72.85,"y":4.02,"color":"9c0700ff"},{"name":"effect_attack","parent":"root","x":-685.54,"y":472.14},{"name":"explotion1","parent":"root","x":-1937,"y":32.66},{"name":"explotion2","parent":"root","x":-1863.02,"y":77.05},{"name":"fog","parent":"root","rotation":153.43,"x":-492.18,"y":727.53},{"name":"leg3_l","parent":"body","length":277.02,"rotation":132.58,"x":-45.2,"y":47.77},{"name":"leftfoot_1","parent":"root","x":-272.73,"y":48.47,"color":"ff3f00ff"},{"name":"leg2_l","parent":"leg3_l","length":132.88,"rotation":116.84,"x":283.82,"y":-4.77},{"name":"leg1_l","parent":"leg2_l","length":177.66,"rotation":-108.93,"x":115.29,"y":-12.7},{"name":"leftfoot_2","parent":"root","x":-313.17,"y":1,"color":"ff3f00ff"},{"name":"foot_l","parent":"leg1_l","length":55.56,"rotation":-10.56,"x":181.04,"y":2.19},{"name":"leg3_r","parent":"body","length":262.39,"rotation":-162.55,"x":-32.12,"y":-85.52},{"name":"rightfoot1","parent":"root","x":239.83,"y":77.67,"color":"ff3f00ff"},{"name":"leg2_r","parent":"leg3_r","length":123.67,"rotation":96.32,"x":276.15,"y":-10.02},{"name":"leg1_r","parent":"leg2_r","length":171.25,"rotation":-121.67,"x":104.94,"y":-24.05},{"name":"rightfoot_r2","parent":"root","x":249.42,"y":-25.37,"color":"ff3f00ff"},{"name":"foot_r","parent":"leg1_r","length":80.59,"rotation":2.78,"x":183.38,"y":-1.73},{"name":"hand_l","parent":"arm1_l","length":198.17,"rotation":-27.68,"x":201.42,"y":-1.9},{"name":"glow","parent":"hand_l","x":152.23,"y":-151.33},{"name":"hand_r","parent":"arm1_r","length":103.53,"rotation":-27.06,"x":259.84,"y":11.2},{"name":"head","parent":"body","length":227.35,"rotation":23.19,"x":327.65,"y":3.34},{"name":"horn","parent":"head","length":370.84,"rotation":12.17,"x":26.73,"y":123.92},{"name":"magic","parent":"hand_l","x":152.23,"y":-151.33},{"name":"magic_light","parent":"magic","x":64.27,"y":32.84},{"name":"mouth","parent":"head","length":153.92,"rotation":107.38,"x":27.73,"y":-52.96},{"name":"rightfoot_r1","parent":"root","x":249.42,"y":67.8,"color":"ff3f00ff"},{"name":"shoulder_l","parent":"arm2_l","length":156.34,"rotation":-22.8,"x":-33.69,"y":-21.82},{"name":"shoulder_r","parent":"arm2_r","length":177.98,"rotation":44.86,"x":-3.06,"y":13.16},{"name":"wing_l","parent":"body","length":694.11,"rotation":46.94,"x":195.64,"y":-26.53},{"name":"wing_r","parent":"body","length":838.9,"rotation":-51.84,"x":179.65,"y":-201.08}],"slots":[{"name":"Layer 129","bone":"tail","attachment":"Layer 129"},{"name":"wing_l","bone":"wing_l","attachment":"wing_l"},{"name":"wing_r","bone":"wing_r","attachment":"wing_r"},{"name":"arm2_l","bone":"arm2_l","attachment":"arm2_l"},{"name":"hand_l","bone":"hand_l","attachment":"hand_l"},{"name":"magic","bone":"magic","attachment":"magic"},{"name":"glow","bone":"glow","color":"ffffff87"},{"name":"arm1_l","bone":"arm1_l","attachment":"arm1_l"},{"name":"sholder_l","bone":"shoulder_l","attachment":"sholder_l"},{"name":"leg3_l","bone":"leg3_l","attachment":"leg3_l"},{"name":"leg1_l","bone":"leg1_l","attachment":"leg1_l"},{"name":"foot_l","bone":"foot_l","attachment":"foot_l"},{"name":"leg2_l","bone":"leg2_l","attachment":"leg2_l"},{"name":"leg3_r","bone":"leg3_r","attachment":"leg3_r"},{"name":"leg1_r","bone":"leg1_r","attachment":"leg1_r"},{"name":"foot_r","bone":"foot_r","attachment":"foot_r"},{"name":"leg2_r","bone":"leg2_r","attachment":"leg2_r"},{"name":"manteau","bone":"manteau","attachment":"manteau"},{"name":"body","bone":"body","attachment":"body"},{"name":"horn","bone":"horn","attachment":"horn"},{"name":"head","bone":"head","attachment":"head"},{"name":"mouth","bone":"mouth","attachment":"mouth"},{"name":"arm2_r","bone":"arm2_r","attachment":"arm2_r"},{"name":"shoulder_r","bone":"shoulder_r","attachment":"shoulder_r"},{"name":"hand_r","bone":"hand_r","attachment":"hand_r"},{"name":"arm1_r","bone":"arm1_r","attachment":"arm1_r"},{"name":"effect_attack","bone":"effect_attack"},{"name":"fog_magic","bone":"fog"},{"name":"magic_light","bone":"magic_light"},{"name":"explotion1","bone":"explotion1"},{"name":"explotion2","bone":"explotion2"}],"ik":[{"name":"leftfoot_1","order":2,"bones":["leg2_l","leg1_l"],"target":"leftfoot_1","bendPositive":false},{"name":"leftfoot_2","order":3,"bones":["foot_l"],"target":"leftfoot_2"},{"name":"rightfoot1","bones":["leg2_r","leg1_r"],"target":"rightfoot1","bendPositive":false},{"name":"rightfoot_r2","order":1,"bones":["foot_r"],"target":"rightfoot_r2"}],"skins":[{"name":"default","attachments":{"Layer 129":{"Layer 129":{"type":"mesh","uvs":[0.85759,0.01741,0.88656,0.15748,0.8845,0.34795,0.82862,0.50239,0.74376,0.59504,0.61959,0.63623,0.49541,0.62593,0.36296,0.53842,0.25534,0.37884,0.13531,0.16778,0.0132,0.64652,0.14772,0.83699,0.2719,0.9348,0.38572,0.98259,0.49955,0.98259,0.62787,0.98259,0.78102,0.92965,0.88036,0.81125,0.96728,0.66197,1,0.38399,1,0.15234,0.91554,0.01741],"triangles":[1,21,20,1,0,21,19,2,20,2,1,20,18,3,19,19,3,2,17,4,18,4,3,18,16,5,17,17,5,4,16,15,5,15,14,5,13,6,14,14,6,5,13,12,6,6,11,7,6,12,11,11,10,7,10,8,7,10,9,8],"vertices":[2,18,185.61,190.86,0,22,73.62,11.24,1,3,18,189.28,141.94,2.0E-5,21,66.72,48.66,0.2878,22,29.98,33.64,0.71218,4,19,96.94,72.06,0.05804,20,52.53,51.4,0.36808,21,6.72,53.62,0.54155,22,-5.21,82.5,0.03233,3,18,107.33,56.87,0.09074,19,34.67,51.26,0.78054,20,-12.44,60.87,0.12872,4,16,168.3,75.15,3.1E-4,17,99.92,57.82,0.15436,18,34.55,53.75,0.79236,19,-37.79,58.66,0.05298,4,15,153.75,69.17,0.00191,16,71.47,57.27,0.54501,17,1.45,57.99,0.44554,18,-61.13,77,0.00754,3,14,131.35,65.22,0.03981,15,56.89,56.69,0.72568,16,-26.17,55.65,0.23451,3,13,103.72,68.47,0.23638,14,23.63,64.75,0.68126,15,-50.3,67.26,0.08236,2,13,8.72,94.42,0.94917,14,-71.18,91.36,0.05083,1,13,-100.03,133.43,1,1,13,-152.02,-38.02,1,1,13,-34.03,-67.71,1,2,13,68.28,-71.37,0.59911,14,-12.78,-74.84,0.40089,3,13,158.53,-61.98,0.00418,14,77.53,-66.08,0.56495,15,-10.09,-68.4,0.43087,2,15,78.21,-54.02,0.70155,16,-17.29,-56.75,0.29845,2,16,83.44,-51.72,0.52851,17,-6.76,-51.35,0.47149,3,17,114.78,-50.89,0.12116,18,23.52,-55.41,0.8635,19,-64.45,-47.76,0.01533,3,18,109.85,-48.84,0.13604,19,21.93,-53.71,0.83225,20,-71.09,-27.1,0.03172,2,19,104.63,-46.35,0.2051,20,6.06,-57.78,0.7949,3,18,246.43,42.91,0,20,93.41,-30.46,0.65504,21,-9.69,-36.39,0.34496,3,18,272.97,111.14,0,21,63.4,-40.45,0.95506,22,-39.96,-21.69,0.04494,1,22,38.69,-15.38,1],"hull":22,"edges":[0,2,2,4,4,6,6,8,8,10,10,12,12,14,14,16,16,18,18,20,20,22,22,24,24,26,26,28,28,30,30,32,32,34,34,36,36,38,38,40,40,42,0,42],"width":786,"height":316}},"arm1_l":{"arm1_l":{"x":92.64,"y":-1.8,"rotation":178.89,"width":320,"height":151}},"arm1_r":{"arm1_r":{"x":105.9,"y":-13.5,"rotation":100.03,"width":178,"height":381}},"arm2_l":{"arm2_l":{"type":"mesh","uvs":[0.42015,0,1,0,1,0.39568,0.93395,0.66245,0.71375,0.99783,0.29432,1,0,0.8835,0,0.50239,0.15801,0.37281,0.13704,0.05268],"triangles":[8,9,0,0,1,2,2,8,0,3,8,2,5,6,7,7,8,5,3,4,8,4,5,8],"vertices":[-0.82,-48.64,-28.7,52.54,66.28,78.71,133.5,84.83,224.59,68.59,245.28,-4.46,231.46,-63.52,139.98,-88.73,101.27,-69.73,25.43,-94.56],"hull":10,"edges":[0,2,2,4,4,6,6,8,8,10,10,12,12,14,14,16,16,18,0,18],"width":181,"height":249}},"arm2_r":{"arm2_r":{"x":50.04,"y":78.4,"rotation":39.67,"width":174,"height":407}},"body":{"body":{"type":"mesh","uvs":[0.58786,0.18863,0.01979,0.31426,0,0.53331,0.03969,0.65553,0.05022,0.68794,0.05529,0.86834,0.19688,0.9404,0.31397,1,0.50671,0.91666,0.58279,0.83612,0.84654,0.84579,0.78567,0.72982,0.89219,0.5011,0.86176,0.27238,0.25475,0.58084,0.36383,0.50836,0.64701,0.34526,0.18281,0.52752,0.21454,0.59762,0.19469,0.67351,0.40654,0.65675,0.62787,0.64023,0.50944,0.75684,0.16094,0.85117],"triangles":[16,0,13,16,13,12,15,1,0,15,0,16,17,1,15,2,1,17,14,17,15,18,17,14,21,15,16,21,16,12,3,2,17,3,17,18,20,15,21,14,15,20,18,14,20,19,3,18,19,18,20,4,3,19,11,21,12,22,20,21,9,22,21,9,21,11,9,11,10,23,4,19,5,4,23,23,20,7,8,22,9,20,23,19,7,20,22,23,7,6,5,23,6,8,7,22],"vertices":[398.51,-135.28,346.3,112.84,204.7,137.39,123.29,130.12,101.7,128.19,-15.93,139.58,-69.55,86.45,-113.89,42.51,-68.81,-43.37,-20.01,-80.83,-38.82,-189.12,39.53,-172.63,183.31,-233.74,333.58,-238.26,161.02,34.66,202.65,-16.39,294.88,-146.32,199.33,60.7,152.14,52.73,103.83,66.8,104.57,-22.18,104.9,-114.76,34.84,-56.79,-9.89,94.47],"hull":14,"edges":[0,2,2,4,8,10,14,16,16,18,18,20,20,22,22,24,24,26,0,26,28,30,30,32,32,26,28,34,34,2,36,38,36,28,36,40,40,42,42,24,4,6,6,8,38,6,40,44,44,16,38,46,10,12,12,14,46,12],"width":416,"height":655}},"effect_attack":{"effect_attack":{"x":-89.49,"y":42.11,"width":309,"height":270},"effect_attack_black":{"width":309,"height":270}},"explotion1":{"explotion1":{"x":36.99,"y":251.53,"width":1168,"height":607}},"explotion2":{"explotion2":{"x":22.19,"y":303.32,"width":801,"height":801}},"fog_magic":{"fog_magic":{"x":12.67,"y":6.34,"scaleX":0.6404,"scaleY":0.6404,"rotation":-153.43,"width":1295,"height":957}},"foot_l":{"foot_l":{"x":43.37,"y":-31.03,"rotation":133.53,"width":296,"height":94}},"foot_r":{"foot_r":{"x":44.1,"y":-2.33,"rotation":85,"width":191,"height":107}},"glow":{"magic":{"x":6.31,"y":-3.6,"scaleX":2.6286,"scaleY":2.6286,"rotation":-153.43,"width":329,"height":329}},"hand_l":{"hand_l":{"x":106.29,"y":-23.42,"rotation":-153.43,"width":249,"height":199}},"hand_r":{"hand_r":{"x":45.84,"y":-13.52,"rotation":127.09,"width":147,"height":153}},"head":{"head":{"type":"mesh","uvs":[0.03461,0.04421,0,0.15964,0.06169,0.33943,0.14896,0.20181,0.32651,0.24842,0.42581,0.47705,0.23623,0.426,0.06771,0.51035,0,0.63687,0,0.75007,0,0.82332,0.04905,0.87373,0.13392,0.96094,0.2904,1,0.39873,0.94318,0.62142,0.82332,0.5191,1,0.60035,0.98979,0.89827,0.82998,0.95544,0.5281,0.81702,0.60579,0.82905,0.42822,0.66956,0.133,0.30845,0,0.15197,0,0.44688,0.59913,0.49202,0.71677,0.64549,0.78115,0.32952,0.60357,0.20614,0.69902,0.19711,0.79224,0.20313,0.86993,0.29942,0.82776,0.41679,0.73675],"triangles":[3,0,24,1,0,3,4,23,22,3,24,23,4,3,23,2,1,3,5,4,22,5,22,21,25,5,21,28,6,5,28,5,25,20,25,21,28,29,7,28,7,6,8,7,29,26,25,20,33,28,25,33,25,26,29,28,33,9,8,29,27,26,20,30,9,29,32,30,29,11,10,9,15,26,27,33,32,29,18,20,19,27,20,18,31,30,32,30,11,9,31,11,30,14,32,33,14,33,26,15,14,26,12,11,31,18,17,15,18,15,27,13,31,32,13,32,14,12,31,13,17,16,15],"vertices":[472.75,-94.1,425.63,-49.76,328.25,-22.68,375.97,-90.35,318.5,-139.72,190.51,-112.56,252.48,-60.19,246.17,21.44,199.81,79.28,146.24,109.89,111.58,129.7,77.95,126.21,19.75,120.17,-29.94,76.11,-24.66,22.94,-12.36,-87.2,-75.55,-3.71,-86.93,-34.83,-70.73,-182.03,60.72,-283.61,51.56,-214.29,133.19,-266.51,304.69,-290.66,439.65,-200.59,470.86,-145.97,128.54,-86.9,63.87,-70.84,2.8,-107.01,149.84,-44.74,129.29,24.14,86.97,52.49,49.01,71.4,49.76,26.39,69.42,-39.18],"hull":25,"edges":[0,2,2,4,4,6,6,8,8,10,10,12,12,14,14,16,16,18,18,20,24,26,26,28,28,30,30,32,32,34,34,36,36,38,38,40,40,42,42,44,44,46,46,48,0,48,10,50,50,52,52,54,54,30,56,58,58,60,60,18,60,62,20,22,22,24,62,22,60,64,64,66,66,56],"width":402,"height":545}},"horn":{"horn":{"x":158.43,"y":-28.55,"rotation":-131.92,"width":412,"height":470}},"leg1_l":{"leg1_l":{"x":80.47,"y":1.78,"rotation":122.97,"width":272,"height":224}},"leg1_r":{"leg1_r":{"x":88.72,"y":9.67,"rotation":88.59,"width":191,"height":321}},"leg2_l":{"leg2_l":{"x":38.1,"y":5.37,"rotation":14.04,"width":303,"height":183}},"leg2_r":{"leg2_r":{"x":27.3,"y":25.21,"rotation":-32.15,"width":288,"height":231}},"leg3_l":{"leg3_l":{"type":"mesh","uvs":[0.6214,0.04051,0.30767,0.17908,0.08006,0.46251,0,0.65776,0,0.89081,0.12312,1,0.38149,1,0.61525,0.916,0.80595,0.68926,0.85516,0.19797],"triangles":[9,1,0,8,1,9,2,1,8,4,3,5,2,7,3,2,8,7,3,6,5,7,6,3],"vertices":[-39.02,-63.94,66.5,-114.93,189.38,-111.83,256.81,-89.8,315.85,-38.71,315.87,17.16,257.88,84.17,184.13,126.39,83.89,126.14,-51.6,31.21],"hull":10,"edges":[0,2,2,4,4,6,6,8,8,10,10,12,12,14,14,16,16,18,0,18],"width":343,"height":335}},"leg3_r":{"leg3_r":{"type":"mesh","uvs":[0.34017,0,0.17606,0.19592,0.14089,0.49284,0.32844,0.83398,0.65081,1,0.94972,1,1,0.66341,0.91456,0.34122,0.79147,0.1517,0.64495,9.0E-5],"triangles":[1,9,2,3,2,7,0,9,1,8,2,9,7,2,8,6,4,3,6,3,7,5,4,6],"vertices":[-71.47,-2.49,-35.73,-83.08,49.71,-135,181.26,-119.67,279.13,-36.22,322.91,62.08,227.58,124.35,116.76,140.03,40.91,125.31,-26.81,97.73],"hull":10,"edges":[0,2,2,4,4,6,6,8,8,10,10,12,12,14,14,16,16,18,0,18],"width":360,"height":334}},"magic":{"magic":{"x":6.31,"y":-3.6,"rotation":-153.43,"width":329,"height":329},"magic_black":{"rotation":-153.43,"width":657,"height":649}},"magic_light":{"magic_light":{"x":-41.64,"y":-7.81,"rotation":-153.43,"width":1205,"height":303}},"manteau":{"manteau":{"type":"mesh","uvs":[1,0.00807,1,0.14984,0.97737,0.31996,0.8334,0.44626,0.71343,0.61122,0.71343,0.74783,0.80941,0.90248,0.8654,0.99528,0.60945,1,0.31352,0.92568,0.15355,0.75814,0,0.57771,0,0.39728,0,0.19366,0,0.02096,0.52947,0,0.50548,0.82258,0.42549,0.66793,0.3775,0.49523,0.44149,0.32511,0.47348,0.13953],"triangles":[9,16,8,8,6,7,8,5,6,8,16,5,9,17,16,9,10,17,16,17,5,10,18,17,17,4,5,17,18,4,10,11,18,18,19,4,11,12,18,4,19,3,18,12,19,12,13,19,1,2,3,3,19,20,19,13,20,1,3,20,1,20,15,13,14,20,15,0,1,20,14,15],"vertices":[2,7,-81.63,89.69,0.99999,9,-205.63,126.67,1.0E-5,3,7,-9.54,98.17,0.97942,8,-82.27,105.91,0.01899,9,-133.2,121.84,0.0016,3,7,77.4,104.64,0.52473,8,4.91,105.18,0.33435,9,-46.54,112.32,0.14093,4,7,144.4,88.6,0.0688,8,70.35,83.67,0.27709,9,16.4,84.32,0.57688,10,-45.63,85.99,0.07722,3,9,99.36,58.95,0.13766,10,36.53,58.15,0.68141,11,-21.7,60.41,0.18093,3,10,106.15,51.41,0.02904,11,46.15,43.45,0.78945,12,-12.35,44.73,0.18151,2,10,186.49,59.55,1.0E-5,12,66.04,25.34,0.99999,1,12,112.96,13.47,1,2,10,233.01,21.9,2.0E-5,12,97.17,-25.77,0.99998,3,10,190.43,-23.04,2.5E-4,11,118.49,-42.65,0.02771,12,41.95,-53.75,0.97203,3,10,102.51,-41.04,0.08838,11,28.87,-47.45,0.86593,12,-46.9,-41.1,0.04568,3,9,74.41,-57.36,0.32526,10,8.12,-57.36,0.66614,11,-66.9,-49.63,0.0086,3,7,135.56,-50.9,0.00368,8,50.03,-54.62,0.66731,9,-17.77,-51.22,0.32901,2,7,32.02,-63.08,0.91462,8,-54.16,-58.22,0.08538,1,7,-55.8,-73.41,1,2,7,-76.66,12.1,1,9,-214.91,49.48,0,2,11,74.96,0.88,0.5,12,7.67,-2.61,0.5,2,10,60.85,8.07,0.5,11,-5.06,7.28,0.5,1,9,36.41,7.6,1,3,7,90.35,17.13,0.10537,8,10.59,16.91,0.85495,9,-49.79,23.92,0.03968,1,7,-4.63,11.27,1],"hull":16,"edges":[0,2,2,4,4,6,6,8,8,10,10,12,12,14,14,16,16,18,18,20,20,22,22,24,24,26,26,28,28,30,0,30],"width":165,"height":512}},"mouth":{"mouth":{"x":79.68,"y":-11.23,"rotation":132.88,"width":246,"height":183}},"sholder_l":{"sholder_l":{"x":86.88,"y":-29,"rotation":128.2,"width":162,"height":249}},"shoulder_r":{"shoulder_r":{"x":93.79,"y":35.09,"rotation":-5.19,"width":237,"height":360}},"wing_l":{"wing_l":{"x":309.28,"y":45.96,"rotation":-143.5,"width":675,"height":568}},"wing_r":{"wing_r":{"x":347.5,"y":4.62,"rotation":-44.71,"width":854,"height":723}}}}],"animations":{"attack":{"slots":{"effect_attack":{"color":[{"time":1.3667,"color":"ffffffff"},{"time":1.9667,"color":"ffffff00"}],"attachment":[{"time":1.3667,"name":"effect_attack"},{"time":2,"name":null}]},"glow":{"color":[{"color":"ffffff86"},{"time":0.8333,"color":"ffffffba","curve":"stepped"},{"time":1.3333,"color":"ffffffba"},{"time":1.3667,"color":"ffffff00","curve":"stepped"},{"time":1.9667,"color":"ffffff00"},{"time":2.5333,"color":"ffffff86"}]},"magic":{"color":[{"time":0.8333,"color":"ffffffff","curve":"stepped"},{"time":1.3333,"color":"ffffffff"},{"time":1.3667,"color":"ffffff00","curve":"stepped"},{"time":1.9667,"color":"ffffff00"},{"time":2.5333,"color":"ffffffff"}],"attachment":[{"name":"magic"},{"time":2.5333,"name":"magic"}]}},"bones":{"root":{"rotate":[{"curve":"stepped"},{"time":2.5333}],"translate":[{"curve":"stepped"},{"time":2.5333}],"scale":[{"curve":"stepped"},{"time":2.5333}]},"body":{"rotate":[{"curve":0.25,"c3":0.454},{"time":0.5,"angle":6.56,"curve":0.618,"c2":0.02,"c3":0.75},{"time":0.8333,"angle":10.41},{"time":1.2,"angle":12.52},{"time":1.3333,"angle":10.41},{"time":1.6333,"angle":9.11,"curve":0.815,"c2":0.14,"c3":0.127,"c4":0.89},{"time":2.5333}],"translate":[{"curve":0.25,"c3":0.454},{"time":0.5,"x":-51.27,"y":-47.85,"curve":0.618,"c2":0.02,"c3":0.75},{"time":0.8333,"x":-57.67,"y":-63.86},{"time":1.2,"x":-51.85,"y":-63.86},{"time":1.3333,"x":-57.67,"y":-63.86},{"time":1.3667,"x":-1.51,"y":-45.27},{"time":1.6333,"x":63.38,"y":-34.92,"curve":0.815,"c2":0.14,"c3":0.127,"c4":0.89},{"time":2.5333}],"scale":[{"curve":"stepped"},{"time":2.5333}]},"head":{"rotate":[{},{"time":0.5,"angle":-9.15,"curve":"stepped"},{"time":0.8333,"angle":-9.15,"curve":"stepped"},{"time":1.3333,"angle":-9.15},{"time":1.3667,"angle":-2.1},{"time":1.6333,"angle":-3.07},{"time":2.5333}],"translate":[{},{"time":1.6333,"x":3.9,"y":-20.24},{"time":2.5333}],"scale":[{"curve":"stepped"},{"time":2.5333}]},"mouth":{"rotate":[{"curve":"stepped"},{"time":0.5,"curve":"stepped"},{"time":0.8333,"curve":"stepped"},{"time":1.3333},{"time":1.3667,"angle":26.95},{"time":2.5333}],"translate":[{"curve":"stepped"},{"time":0.5,"curve":"stepped"},{"time":0.8333,"curve":"stepped"},{"time":1.3333,"curve":"stepped"},{"time":2.5333}],"scale":[{"curve":"stepped"},{"time":0.5,"curve":"stepped"},{"time":0.8333,"curve":"stepped"},{"time":1.3333,"curve":"stepped"},{"time":2.5333}]},"horn":{"rotate":[{"curve":"stepped"},{"time":0.5,"curve":"stepped"},{"time":0.8333,"curve":"stepped"},{"time":1.3333,"curve":"stepped"},{"time":2.5333}],"translate":[{"curve":"stepped"},{"time":0.5,"curve":"stepped"},{"time":0.8333,"curve":"stepped"},{"time":1.3333,"curve":"stepped"},{"time":2.5333}],"scale":[{"curve":"stepped"},{"time":0.5,"curve":"stepped"},{"time":0.8333,"curve":"stepped"},{"time":1.3333,"curve":"stepped"},{"time":2.5333}]},"arm2_r":{"rotate":[{"curve":0.825,"c3":0.964,"c4":0.69},{"time":0.5,"angle":-42.1,"curve":"stepped"},{"time":0.8333,"angle":-42.1},{"time":1.3333,"angle":315.21},{"time":1.3667,"angle":25.1,"curve":0.356,"c2":0.64,"c3":0.519,"c4":0.94},{"time":2.5333}],"translate":[{"curve":0.825,"c3":0.964,"c4":0.69},{"time":0.5,"x":45.76,"y":-10.66,"curve":"stepped"},{"time":0.8333,"x":45.76,"y":-10.66,"curve":"stepped"},{"time":1.3333,"x":45.76,"y":-10.66},{"time":1.3667,"x":16.1,"y":-11.96,"curve":0.356,"c2":0.64,"c3":0.519,"c4":0.94},{"time":2.5333}],"scale":[{"curve":"stepped"},{"time":2.5333}]},"arm1_r":{"rotate":[{"curve":0.825,"c3":0.964,"c4":0.69},{"time":0.5,"angle":-29.06,"curve":"stepped"},{"time":0.8333,"angle":-29.06},{"time":1.2,"angle":-33.52},{"time":1.3333,"angle":-29.06},{"time":1.3667,"angle":-72.51,"curve":0.356,"c2":0.64,"c3":0.519,"c4":0.94},{"time":2.5333}],"translate":[{"curve":"stepped"},{"time":2.5333}],"scale":[{"curve":"stepped"},{"time":2.5333}]},"hand_r":{"rotate":[{"curve":"stepped"},{"time":2.5333}],"translate":[{"curve":"stepped"},{"time":2.5333}],"scale":[{"curve":"stepped"},{"time":2.5333}]},"shoulder_r":{"rotate":[{"curve":0.825,"c3":0.964,"c4":0.69},{"time":0.5,"angle":4.17,"curve":"stepped"},{"time":0.8333,"angle":4.17,"curve":"stepped"},{"time":1.3333,"angle":4.17},{"time":2.5333}],"translate":[{"curve":"stepped"},{"time":2.5333}],"scale":[{"curve":"stepped"},{"time":2.5333}]},"arm2_l":{"rotate":[{},{"time":0.5,"angle":-324.69},{"time":0.8333,"angle":-315.92,"curve":"stepped"},{"time":1.3333,"angle":-315.92},{"time":1.3667,"angle":-59.4,"curve":0.972,"c3":0.539,"c4":0.99},{"time":2.5333}],"translate":[{"curve":"stepped"},{"time":2.5333}],"scale":[{"curve":"stepped"},{"time":2.5333}]},"arm1_l":{"rotate":[{},{"time":0.5,"angle":-23.4},{"time":0.8333,"angle":-37.86,"curve":"stepped"},{"time":1.3333,"angle":-37.86},{"time":1.3667,"angle":79.98,"curve":0.972,"c3":0.539,"c4":0.99},{"time":2.5333}],"translate":[{"curve":"stepped"},{"time":2.5333}],"scale":[{"curve":"stepped"},{"time":2.5333}]},"hand_l":{"rotate":[{},{"time":0.5,"angle":36.19,"curve":"stepped"},{"time":0.8333,"angle":36.19,"curve":"stepped"},{"time":1.3333,"angle":36.19},{"time":1.3667,"angle":62.73,"curve":0.972,"c3":0.539,"c4":0.99},{"time":2.5333}],"translate":[{"curve":"stepped"},{"time":2.5333}],"scale":[{"curve":"stepped"},{"time":2.5333}]},"shoulder_l":{"rotate":[{},{"time":0.5,"angle":-32.89},{"time":2.5333}],"translate":[{},{"time":0.5,"x":-32.32,"y":37.29},{"time":2.5333}],"scale":[{"curve":"stepped"},{"time":2.5333}]},"manteau":{"rotate":[{},{"time":0.8333,"angle":-17.22,"curve":"stepped"},{"time":1.3333,"angle":-17.22},{"time":1.4,"angle":-21.2},{"time":2.1,"angle":-7.41},{"time":2.5333}],"translate":[{"curve":"stepped"},{"time":2.5333}],"scale":[{"curve":"stepped"},{"time":2.5333}]},"bone2":{"rotate":[{},{"time":0.8333,"angle":-0.48,"curve":"stepped"},{"time":1.3333,"angle":-0.48},{"time":1.4,"angle":-7.78},{"time":2.1,"angle":-2.11},{"time":2.5333}],"translate":[{"curve":"stepped"},{"time":2.5333}],"scale":[{"curve":"stepped"},{"time":2.5333}]},"bone3":{"rotate":[{},{"time":0.8333,"angle":-5.51,"curve":"stepped"},{"time":1.3333,"angle":-5.51},{"time":1.4,"angle":-17.75},{"time":2.1,"angle":-4.91},{"time":2.5333}],"translate":[{"curve":"stepped"},{"time":2.5333}],"scale":[{"curve":"stepped"},{"time":2.5333}]},"bone4":{"rotate":[{},{"time":0.8333,"angle":6.25,"curve":"stepped"},{"time":1.3333,"angle":6.25},{"time":1.4,"angle":-19.14},{"time":2.1,"angle":-1.56},{"time":2.5333}],"translate":[{"curve":"stepped"},{"time":2.5333}],"scale":[{"curve":"stepped"},{"time":2.5333}]},"bone5":{"rotate":[{},{"time":0.8333,"angle":-0.56,"curve":"stepped"},{"time":1.3333,"angle":-0.56},{"time":1.4,"angle":-43.55},{"time":2.1,"angle":3.02},{"time":2.5333}],"translate":[{"curve":"stepped"},{"time":2.5333}],"scale":[{"curve":"stepped"},{"time":2.5333}]},"bone6":{"rotate":[{},{"time":0.8333,"angle":57.47,"curve":"stepped"},{"time":1.3333,"angle":57.47},{"time":1.4,"angle":-20.72},{"time":2.1,"angle":30.4},{"time":2.5333}],"translate":[{"curve":"stepped"},{"time":2.5333}],"scale":[{"curve":"stepped"},{"time":2.5333}]},"leg3_r":{"rotate":[{},{"time":0.8333,"angle":-9.22,"curve":"stepped"},{"time":1.3333,"angle":-9.22},{"time":2.5333}],"translate":[{"curve":"stepped"},{"time":2.5333}],"scale":[{"curve":"stepped"},{"time":2.5333}]},"rightfoot_r1":{"rotate":[{"curve":"stepped"},{"time":2.5333}],"translate":[{"curve":"stepped"},{"time":2.5333}],"scale":[{"curve":"stepped"},{"time":2.5333}]},"rightfoot1":{"rotate":[{"curve":"stepped"},{"time":2.5333}],"translate":[{"curve":"stepped"},{"time":2.5333}],"scale":[{"curve":"stepped"},{"time":2.5333}]},"leg2_r":{"rotate":[{"curve":"stepped"},{"time":2.5333}],"translate":[{"curve":"stepped"},{"time":2.5333}],"scale":[{"curve":"stepped"},{"time":2.5333}]},"leg1_r":{"rotate":[{"curve":"stepped"},{"time":2.5333}],"translate":[{"curve":"stepped"},{"time":2.5333}],"scale":[{"curve":"stepped"},{"time":2.5333}]},"rightfoot_r2":{"rotate":[{"curve":"stepped"},{"time":2.5333}],"translate":[{"curve":"stepped"},{"time":2.5333}],"scale":[{"curve":"stepped"},{"time":2.5333}]},"foot_r":{"rotate":[{"curve":"stepped"},{"time":2.5333}],"translate":[{"curve":"stepped"},{"time":2.5333}],"scale":[{"curve":"stepped"},{"time":2.5333}]},"1":{"rotate":[{"curve":"stepped"},{"time":2.5333}],"translate":[{"curve":"stepped"},{"time":2.5333}],"scale":[{"curve":"stepped"},{"time":2.5333}]},"leg3_l":{"rotate":[{},{"time":0.5,"angle":-15.78},{"time":0.8333,"angle":-25.71,"curve":"stepped"},{"time":1.3333,"angle":-25.71},{"time":2.5333}],"translate":[{"curve":"stepped"},{"time":2.5333}],"scale":[{"curve":"stepped"},{"time":2.5333}]},"leftfoot_1":{"rotate":[{"curve":"stepped"},{"time":2.5333}],"translate":[{"curve":"stepped"},{"time":2.5333}],"scale":[{"curve":"stepped"},{"time":2.5333}]},"leg2_l":{"rotate":[{"curve":"stepped"},{"time":2.5333}],"translate":[{"curve":"stepped"},{"time":2.5333}],"scale":[{"curve":"stepped"},{"time":2.5333}]},"leg1_l":{"rotate":[{"curve":"stepped"},{"time":2.5333}],"translate":[{"curve":"stepped"},{"time":2.5333}],"scale":[{"curve":"stepped"},{"time":2.5333}]},"leftfoot_2":{"rotate":[{"curve":"stepped"},{"time":2.5333}],"translate":[{"curve":"stepped"},{"time":2.5333}],"scale":[{"curve":"stepped"},{"time":2.5333}]},"foot_l":{"rotate":[{"curve":"stepped"},{"time":2.5333}],"translate":[{"curve":"stepped"},{"time":2.5333}],"scale":[{"curve":"stepped"},{"time":2.5333}]},"tail":{"rotate":[{},{"time":0.5,"angle":0.96},{"time":0.8333,"curve":"stepped"},{"time":1.3333},{"time":1.3667,"angle":0.24},{"time":2.5333}],"translate":[{"curve":"stepped"},{"time":2.5333}],"scale":[{"curve":"stepped"},{"time":2.5333}]},"bone7":{"rotate":[{},{"time":0.5,"angle":1.45},{"time":0.8333,"curve":"stepped"},{"time":1.3333},{"time":1.3667,"angle":0.52},{"time":2.5333}],"translate":[{"curve":"stepped"},{"time":2.5333}],"scale":[{"curve":"stepped"},{"time":2.5333}]},"bone8":{"rotate":[{},{"time":0.5,"angle":2.07},{"time":0.8333,"curve":"stepped"},{"time":1.3333},{"time":1.3667,"angle":0.75},{"time":2.5333}],"translate":[{"curve":"stepped"},{"time":2.5333}],"scale":[{"curve":"stepped"},{"time":2.5333}]},"bone9":{"rotate":[{},{"time":0.5,"angle":2.66},{"time":0.8333,"curve":"stepped"},{"time":1.3333},{"time":1.3667,"angle":1.16},{"time":2.5333}],"translate":[{"curve":"stepped"},{"time":2.5333}],"scale":[{"curve":"stepped"},{"time":2.5333}]},"bone10":{"rotate":[{},{"time":0.5,"angle":3.52},{"time":0.8333,"curve":"stepped"},{"time":1.3333},{"time":1.3667,"angle":1.6},{"time":2.5333}],"translate":[{"curve":"stepped"},{"time":2.5333}],"scale":[{"curve":"stepped"},{"time":2.5333}]},"bone11":{"rotate":[{},{"time":0.5,"angle":4.52},{"time":0.8333,"curve":"stepped"},{"time":1.3333},{"time":1.3667,"angle":2.32},{"time":2.5333}],"translate":[{"curve":"stepped"},{"time":2.5333}],"scale":[{"curve":"stepped"},{"time":2.5333}]},"bone12":{"rotate":[{},{"time":0.5,"angle":6.36},{"time":0.8333,"curve":"stepped"},{"time":1.3333},{"time":1.3667,"angle":3.8},{"time":2.5333}],"translate":[{"curve":"stepped"},{"time":2.5333}],"scale":[{"curve":"stepped"},{"time":2.5333}]},"bone13":{"rotate":[{},{"time":0.5,"angle":6.91},{"time":0.8333,"curve":"stepped"},{"time":1.3333},{"time":1.3667,"angle":6.62},{"time":2.5333}],"translate":[{"curve":"stepped"},{"time":2.5333}],"scale":[{"curve":"stepped"},{"time":2.5333}]},"bone14":{"rotate":[{},{"time":0.5,"angle":-11.33},{"time":0.8333,"curve":"stepped"},{"time":1.3333},{"time":1.3667,"angle":13.03},{"time":2.5333}],"translate":[{"curve":"stepped"},{"time":2.5333}],"scale":[{"curve":"stepped"},{"time":2.5333}]},"bone15":{"rotate":[{},{"time":0.5,"angle":-99.66},{"time":0.8333,"curve":"stepped"},{"time":1.3333},{"time":1.3667,"angle":12.64},{"time":2.5333}],"translate":[{"curve":"stepped"},{"time":2.5333}],"scale":[{"curve":"stepped"},{"time":2.5333}]},"wing_r":{"rotate":[{"curve":0.549,"c2":0.01,"c3":0.483},{"time":0.5,"angle":13.27,"curve":0.5,"c2":0.03,"c3":0.504,"c4":0.97},{"time":0.8333,"angle":19.96,"curve":"stepped"},{"time":1.3333,"angle":19.96,"curve":0.434,"c2":0.12,"c3":0.521,"c4":0.98},{"time":1.3667,"angle":-15.62,"curve":"stepped"},{"time":1.5333,"angle":-15.62,"curve":0.591,"c2":0.06,"c3":0.642,"c4":0.88},{"time":2.0333,"angle":13.27,"curve":0.692,"c2":0.05,"c3":0.723,"c4":0.87},{"time":2.5333}],"translate":[{"curve":"stepped"},{"time":1.5333,"curve":"stepped"},{"time":2.5333}],"scale":[{"curve":0.552,"c2":0.01,"c3":0.483},{"time":0.5,"y":0.775,"curve":0.5,"c2":0.03,"c3":0.504,"c4":0.97},{"time":0.8333,"y":0.681,"curve":"stepped"},{"time":1.3333,"y":0.681,"curve":0.32,"c2":0.34,"c3":0.521,"c4":0.98},{"time":1.3667,"x":1.173,"y":1.164,"curve":0.591,"c2":0.06,"c3":0.507,"c4":0.99},{"time":1.5333,"x":1.173,"y":1.368,"curve":0.591,"c2":0.06,"c3":0.507,"c4":0.99},{"time":2.0333,"y":0.775,"curve":0.692,"c2":0.05,"c3":0.447,"c4":0.99},{"time":2.5333}]},"wing_l":{"rotate":[{"curve":0.549,"c2":0.01,"c3":0.483},{"time":0.5,"angle":-18.48,"curve":0.5,"c2":0.03,"c3":0.504,"c4":0.97},{"time":0.8333,"angle":-27.79,"curve":"stepped"},{"time":1.3333,"angle":-27.79,"curve":0.434,"c2":0.12,"c3":0.521,"c4":0.98},{"time":1.3667,"angle":13.19,"curve":"stepped"},{"time":1.5333,"angle":13.19,"curve":0.591,"c2":0.06,"c3":0.642,"c4":0.88},{"time":2.0333,"angle":-18.48,"curve":0.692,"c2":0.05,"c3":0.723,"c4":0.87},{"time":2.5333}],"translate":[{"curve":"stepped"},{"time":1.5333,"curve":"stepped"},{"time":2.5333}],"scale":[{"curve":0.552,"c2":0.01,"c3":0.483},{"time":0.5,"y":0.768,"curve":0.5,"c2":0.03,"c3":0.504,"c4":0.97},{"time":0.8333,"y":0.599,"curve":"stepped"},{"time":1.3333,"y":0.599,"curve":0.32,"c2":0.34,"c3":0.521,"c4":0.98},{"time":1.3667,"x":1.256,"y":1.335,"curve":0.591,"c2":0.06,"c3":0.507,"c4":0.99},{"time":1.5333,"x":1.256,"y":1.57,"curve":0.591,"c2":0.06,"c3":0.507,"c4":0.99},{"time":2.0333,"y":0.768,"curve":0.692,"c2":0.05,"c3":0.447,"c4":0.99},{"time":2.5333}]},"magic":{"rotate":[{"curve":"stepped"},{"time":2.5333}],"translate":[{"curve":"stepped"},{"time":2.5333}],"scale":[{},{"time":0.8333,"x":1.728,"y":1.728,"curve":"stepped"},{"time":1.3333,"x":1.728,"y":1.728},{"time":2.5333}]},"effect_attack":{"rotate":[{"time":1.3667,"angle":27.61}],"translate":[{"time":1.3667,"y":-131.6}],"scale":[{"time":1.3667,"x":1.738,"y":1.738},{"time":1.9667,"x":2.265,"y":2.265}]},"glow":{"scale":[{},{"time":0.8333,"x":1.728,"y":1.728,"curve":"stepped"},{"time":1.3333,"x":1.728,"y":1.728},{"time":2.5333}]}},"deform":{"default":{"arm2_l":{"arm2_l":[{"curve":"stepped"},{"time":0.8333,"curve":"stepped"},{"time":1.3333},{"time":1.3667,"offset":4,"vertices":[-13.86848,10.67133,0,0,0,0,0,0,92.07864,17.73724,66.15886,2.61163],"curve":0.972,"c3":0.539,"c4":0.99},{"time":2.5333}]},"body":{"body":[{},{"time":0.8333,"offset":2,"vertices":[-0.3096,11.99942,-2.12494,12.55305,0,0,0,0,4.42834,14.52316,0,0,-10.18423,-0.86285,-4.73798,-2.52369,0,0,-9.32108,-11.04692,0,0,0,0,0,0,0,0,-9.63055,0.95227,-16.18384,-1.01764,-0.70819,4.1844,0,0,0,0,-5.99969,-0.15459,-18.55286,-2.27948],"curve":"stepped"},{"time":1.3333,"offset":2,"vertices":[-0.3096,11.99942,-2.12494,12.55305,0,0,0,0,4.42834,14.52316,0,0,-10.18423,-0.86285,-4.73798,-2.52369,0,0,-9.32108,-11.04692,0,0,0,0,0,0,0,0,-9.63055,0.95227,-16.18384,-1.01764,-0.70819,4.1844,0,0,0,0,-5.99969,-0.15459,-18.55286,-2.27948]},{"time":1.3667,"offset":2,"vertices":[-0.29287,11.35081,-2.01008,11.8745,0,0,0,0,23.36241,31.83681,0,0,-11.45451,-0.28047,-4.48187,-2.38727,0,0,-8.81723,-10.44979,0,0,0,0,0,0,2.14264,7.283,-9.10998,0.9008,-3.63628,-8.35407,0.18763,13.59761,0,0,0,0,-5.67539,-0.14624,-17.55,-2.15626,0,0,9.21179,11.13811]},{"time":2.5333}]},"leg3_l":{"leg3_l":[{},{"time":0.8333,"offset":6,"vertices":[11.08549,13.13345,0.56905,17.89597,-5.23352,12.64587,12.1909,35.23904,0,0,-55.23091,16.4498],"curve":"stepped"},{"time":1.3333,"offset":6,"vertices":[11.08549,13.13345,0.56905,17.89597,-5.23352,12.64587,12.1909,35.23904,0,0,-55.23091,16.4498]},{"time":2.5333}]}}}},"idle":{"slots":{"magic":{"attachment":[{"name":"magic"},{"time":1,"name":"magic"}]}},"bones":{"root":{"rotate":[{"curve":"stepped"},{"time":1}],"translate":[{"curve":"stepped"},{"time":1}],"scale":[{"curve":"stepped"},{"time":1}]},"body":{"rotate":[{"curve":"stepped"},{"time":1}],"translate":[{"curve":0.25,"c3":0.335},{"time":0.5,"y":-56.21,"curve":0.713,"c2":0.01,"c3":0.325,"c4":0.99},{"time":1}],"scale":[{"curve":"stepped"},{"time":1}]},"head":{"rotate":[{},{"time":0.5,"angle":4.13},{"time":1}],"translate":[{},{"time":0.5,"x":-14.69,"y":1.69},{"time":1}],"scale":[{"curve":"stepped"},{"time":1}]},"mouth":{"rotate":[{},{"time":0.5,"angle":10.2},{"time":1}],"translate":[{"curve":"stepped"},{"time":1}],"scale":[{"curve":"stepped"},{"time":1}]},"horn":{"rotate":[{},{"time":0.5,"angle":3.33},{"time":1}],"translate":[{},{"time":0.5,"x":-10.67,"y":0.03},{"time":1}],"scale":[{"curve":"stepped"},{"time":1}]},"arm2_r":{"rotate":[{"curve":0.39,"c2":0.06,"c3":0.593},{"time":0.5,"angle":11.1,"curve":0.464,"c2":0.07,"c3":0.624},{"time":1}],"translate":[{"curve":"stepped"},{"time":1}],"scale":[{"curve":"stepped"},{"time":1}]},"arm1_r":{"rotate":[{"curve":0.39,"c2":0.06,"c3":0.593},{"time":0.5,"angle":-4.81,"curve":0.464,"c2":0.07,"c3":0.624},{"time":1}],"translate":[{"curve":"stepped"},{"time":1}],"scale":[{"curve":"stepped"},{"time":1}]},"hand_r":{"rotate":[{"curve":"stepped"},{"time":1}],"translate":[{"curve":"stepped"},{"time":1}],"scale":[{"curve":"stepped"},{"time":1}]},"shoulder_r":{"rotate":[{"curve":0.39,"c2":0.06,"c3":0.593},{"time":0.5,"angle":5.74,"curve":0.464,"c2":0.07,"c3":0.624},{"time":1}],"translate":[{"curve":"stepped"},{"time":1}],"scale":[{"curve":"stepped"},{"time":1}]},"arm2_l":{"rotate":[{},{"time":0.5,"angle":7.98,"curve":0.25,"c3":0.75},{"time":1}],"translate":[{"curve":"stepped"},{"time":1}],"scale":[{"curve":"stepped"},{"time":1}]},"arm1_l":{"rotate":[{},{"time":0.5,"angle":-6.62,"curve":0.25,"c3":0.75},{"time":1}],"translate":[{"curve":"stepped"},{"time":1}],"scale":[{"curve":"stepped"},{"time":1}]},"hand_l":{"rotate":[{},{"time":0.5,"angle":-7.41},{"time":1}],"translate":[{"curve":"stepped"},{"time":1}],"scale":[{"curve":"stepped"},{"time":1}]},"shoulder_l":{"rotate":[{},{"time":0.5,"angle":-12.81,"curve":0.25,"c3":0.75},{"time":1}],"translate":[{"curve":"stepped"},{"time":1}],"scale":[{"curve":"stepped"},{"time":1}]},"manteau":{"rotate":[{},{"time":0.5,"angle":-9.05,"curve":0.168,"c2":0.47,"c3":0.934,"c4":0.64},{"time":1}],"translate":[{"curve":"stepped"},{"time":1}],"scale":[{},{"time":0.5,"x":0.935,"curve":0.168,"c2":0.47,"c3":0.934,"c4":0.64},{"time":1}]},"bone2":{"rotate":[{},{"time":0.5,"angle":15.3,"curve":0.168,"c2":0.47,"c3":0.934,"c4":0.64},{"time":1}],"translate":[{"curve":"stepped"},{"time":1}],"scale":[{"curve":"stepped"},{"time":1}]},"bone3":{"rotate":[{},{"time":0.5,"angle":-7.34,"curve":0.168,"c2":0.47,"c3":0.934,"c4":0.64},{"time":1}],"translate":[{"curve":"stepped"},{"time":1}],"scale":[{"curve":"stepped"},{"time":1}]},"bone4":{"rotate":[{},{"time":0.5,"angle":-13.85,"curve":0.168,"c2":0.47,"c3":0.934,"c4":0.64},{"time":1}],"translate":[{"curve":"stepped"},{"time":1}],"scale":[{"curve":"stepped"},{"time":1}]},"bone5":{"rotate":[{},{"time":0.5,"angle":-2.96,"curve":0.168,"c2":0.47,"c3":0.934,"c4":0.64},{"time":1}],"translate":[{"curve":"stepped"},{"time":1}],"scale":[{"curve":"stepped"},{"time":1}]},"bone6":{"rotate":[{},{"time":0.5,"angle":50.69,"curve":0.168,"c2":0.47,"c3":0.934,"c4":0.64},{"time":1}],"translate":[{"curve":"stepped"},{"time":1}],"scale":[{"curve":"stepped"},{"time":1}]},"leg3_r":{"rotate":[{},{"time":0.5,"angle":0.99},{"time":1}],"translate":[{"curve":"stepped"},{"time":1}],"scale":[{"curve":"stepped"},{"time":1}]},"rightfoot_r1":{"rotate":[{"curve":"stepped"},{"time":1}],"translate":[{"curve":"stepped"},{"time":1}],"scale":[{"curve":"stepped"},{"time":1}]},"leg2_r":{"rotate":[{"curve":"stepped"},{"time":1}],"translate":[{},{"time":0.5,"x":-15.02,"y":7},{"time":1}],"scale":[{"curve":"stepped"},{"time":1}]},"leg1_r":{"rotate":[{"curve":"stepped"},{"time":1}],"translate":[{"curve":"stepped"},{"time":1}],"scale":[{"curve":"stepped"},{"time":1}]},"rightfoot_r2":{"rotate":[{"curve":"stepped"},{"time":1}],"translate":[{"curve":"stepped"},{"time":1}],"scale":[{"curve":"stepped"},{"time":1}]},"foot_r":{"rotate":[{"curve":"stepped"},{"time":0.5,"curve":"stepped"},{"time":1}],"translate":[{"curve":"stepped"},{"time":1}],"scale":[{"curve":"stepped"},{"time":1}]},"1":{"rotate":[{"curve":"stepped"},{"time":1}],"translate":[{"curve":"stepped"},{"time":1}],"scale":[{"curve":"stepped"},{"time":1}]},"leg3_l":{"rotate":[{},{"time":0.5,"angle":-8.73},{"time":1}],"translate":[{"curve":"stepped"},{"time":1}],"scale":[{"curve":"stepped"},{"time":1}]},"leftfoot_1":{"rotate":[{"curve":"stepped"},{"time":1}],"translate":[{"curve":"stepped"},{"time":1}],"scale":[{"curve":"stepped"},{"time":1}]},"leg2_l":{"rotate":[{"curve":"stepped"},{"time":1}],"translate":[{"curve":"stepped"},{"time":1}],"scale":[{"curve":"stepped"},{"time":1}]},"leg1_l":{"rotate":[{"curve":"stepped"},{"time":1}],"translate":[{"curve":"stepped"},{"time":1}],"scale":[{"curve":"stepped"},{"time":1}]},"leftfoot_2":{"rotate":[{"curve":"stepped"},{"time":1}],"translate":[{"curve":"stepped"},{"time":1}],"scale":[{"curve":"stepped"},{"time":1}]},"foot_l":{"rotate":[{"curve":"stepped"},{"time":1}],"translate":[{"curve":"stepped"},{"time":1}],"scale":[{"curve":"stepped"},{"time":1}]},"tail":{"rotate":[{"curve":0.25,"c3":0.226,"c4":0.99},{"time":0.5,"angle":0.24,"curve":0.815,"c2":0.02,"c3":0.393,"c4":0.96},{"time":1}],"translate":[{"curve":"stepped"},{"time":1}],"scale":[{"curve":"stepped"},{"time":1}]},"bone7":{"rotate":[{"curve":0.25,"c3":0.226,"c4":0.99},{"time":0.5,"angle":0.46,"curve":0.815,"c2":0.02,"c3":0.393,"c4":0.96},{"time":1}],"translate":[{"curve":"stepped"},{"time":1}],"scale":[{"curve":"stepped"},{"time":1}]},"bone8":{"rotate":[{"curve":0.25,"c3":0.226,"c4":0.99},{"time":0.5,"angle":3.25,"curve":0.815,"c2":0.02,"c3":0.393,"c4":0.96},{"time":1}],"translate":[{"curve":"stepped"},{"time":1}],"scale":[{"curve":"stepped"},{"time":1}]},"bone9":{"rotate":[{"curve":0.25,"c3":0.226,"c4":0.99},{"time":0.5,"angle":0.87,"curve":0.815,"c2":0.02,"c3":0.393,"c4":0.96},{"time":1}],"translate":[{"curve":"stepped"},{"time":1}],"scale":[{"curve":"stepped"},{"time":1}]},"bone10":{"rotate":[{"curve":0.25,"c3":0.226,"c4":0.99},{"time":0.5,"angle":1.09,"curve":0.815,"c2":0.02,"c3":0.393,"c4":0.96},{"time":1}],"translate":[{"curve":"stepped"},{"time":1}],"scale":[{"curve":"stepped"},{"time":1}]},"bone11":{"rotate":[{"curve":0.25,"c3":0.226,"c4":0.99},{"time":0.5,"angle":1.55,"curve":0.815,"c2":0.02,"c3":0.393,"c4":0.96},{"time":1}],"translate":[{"curve":"stepped"},{"time":1}],"scale":[{"curve":"stepped"},{"time":1}]},"bone12":{"rotate":[{"curve":0.25,"c3":0.226,"c4":0.99},{"time":0.5,"angle":2.2,"curve":0.815,"c2":0.02,"c3":0.393,"c4":0.96},{"time":1}],"translate":[{"curve":"stepped"},{"time":1}],"scale":[{"curve":"stepped"},{"time":1}]},"bone13":{"rotate":[{"curve":0.25,"c3":0.226,"c4":0.99},{"time":0.5,"angle":-15.52,"curve":0.815,"c2":0.02,"c3":0.393,"c4":0.96},{"time":1}],"translate":[{"curve":"stepped"},{"time":1}],"scale":[{"curve":"stepped"},{"time":1}]},"bone14":{"rotate":[{"curve":0.25,"c3":0.226,"c4":0.99},{"time":0.5,"angle":-3.45,"curve":0.815,"c2":0.02,"c3":0.393,"c4":0.96},{"time":1}],"translate":[{"curve":"stepped"},{"time":1}],"scale":[{"curve":"stepped"},{"time":1}]},"bone15":{"rotate":[{"curve":0.25,"c3":0.226,"c4":0.99},{"time":0.5,"angle":-23.32,"curve":0.815,"c2":0.02,"c3":0.393,"c4":0.96},{"time":1}],"translate":[{"curve":"stepped"},{"time":1}],"scale":[{"curve":"stepped"},{"time":1}]},"wing_r":{"rotate":[{"curve":0.549,"c2":0.01,"c3":0.444,"c4":0.99},{"time":0.5,"angle":13.27,"curve":0.679,"c2":0.09,"c3":0.723,"c4":0.87},{"time":1}],"translate":[{"curve":"stepped"},{"time":1}],"scale":[{"curve":0.552,"c2":0.01,"c3":0.775,"c4":0.51},{"time":0.5,"y":0.775,"curve":0.222,"c2":0.5,"c3":0.447,"c4":0.99},{"time":1}]},"wing_l":{"rotate":[{"curve":0.549,"c2":0.01,"c3":0.444,"c4":0.99},{"time":0.5,"angle":-18.48,"curve":0.679,"c2":0.09,"c3":0.723,"c4":0.87},{"time":1}],"translate":[{"curve":"stepped"},{"time":1}],"scale":[{"curve":0.552,"c2":0.01,"c3":0.775,"c4":0.51},{"time":0.5,"y":0.768,"curve":0.222,"c2":0.5,"c3":0.447,"c4":0.99},{"time":1}]},"magic":{"rotate":[{"curve":"stepped"},{"time":1}],"translate":[{"curve":0.74,"c2":0.02,"c3":0.838,"c4":0.98},{"time":0.5,"x":-29.1,"y":58.21,"curve":1,"c3":0.75},{"time":1}],"scale":[{"curve":"stepped"},{"time":1}]}},"deform":{"default":{"body":{"body":[{"curve":"stepped"},{"time":1}]},"head":{"head":[{},{"time":0.5,"offset":12,"vertices":[7.94659,19.11423,-2.58282,13.1442,0,0,3.40326,7.49475,1.52563,7.12564,-3.35339,7.14163,0,0,0,0,0,0,0,0,0,0,0,0,0,0,0,0,0,0,0,0,0,0,0,0,0,0,0,0,0.35388,-6.75677,0,0,4.10913,-6.01852,7.51184,1.47635,0.75452,1.12338,-5.24628,1.89352,-3.01672,-4.49387,-7.54169,-11.23468]},{"time":1}]},"leg3_l":{"leg3_l":[{},{"time":0.5,"offset":2,"vertices":[8.15196,2.32449,0.80116,-9.9425,16.03676,7.96317,0,0,0,0,-7.69626,12.72272]},{"time":1}]},"leg3_r":{"leg3_r":[{},{"time":0.5,"offset":6,"vertices":[12.92896,-11.21611,14.06635,-14.34053,0,0,15.90942,-4.82373,0,0,14.06641,-14.34045]},{"time":1}]}}}},"skill":{"slots":{"effect_attack":{"color":[{"time":3.3333,"color":"ffffff00","curve":"stepped"},{"time":3.8333,"color":"ffffff00","curve":0.25,"c3":0.75},{"time":3.9,"color":"ffffffff","curve":0.049,"c2":0.48,"c3":0.127,"c4":0.89},{"time":4.6667,"color":"ffffff00"}],"attachment":[{"time":3.3333,"name":"effect_attack_black"},{"time":3.8333,"name":"effect_attack_black"},{"time":3.9,"name":"effect_attack_black"}]},"explotion1":{"color":[{"time":4.6,"color":"ffffff00"},{"time":4.7,"color":"ffffffff"},{"time":5.2667,"color":"ffffff00"}],"attachment":[{"time":4.6,"name":"explotion1"}]},"explotion2":{"color":[{"time":4.2333,"color":"ffffff00"},{"time":4.3,"color":"ffffffff"},{"time":5.3333,"color":"ffffff00"}],"attachment":[{"time":4.1667,"name":null},{"time":4.2333,"name":"explotion2"}]},"fog_magic":{"color":[{"time":1.9333,"color":"ffffff00"},{"time":2,"color":"ffffffff"},{"time":3.1333,"color":"ffffff00"}],"attachment":[{"time":1.9333,"name":"fog_magic"},{"time":3.1667,"name":null}]},"magic":{"color":[{"time":1.1667,"color":"ffffffff"},{"time":1.9333,"color":"ffffff00","curve":"stepped"},{"time":1.9667,"color":"ffffff00"},{"time":2,"color":"ffffffff","curve":"stepped"},{"time":2.8667,"color":"ffffffff","curve":"stepped"},{"time":3.3333,"color":"ffffffff","curve":"stepped"},{"time":3.8333,"color":"ffffffff"},{"time":3.9,"color":"ffffff00","curve":"stepped"},{"time":4.4,"color":"ffffff00","curve":"stepped"},{"time":4.4667,"color":"ffffff00"},{"time":4.8,"color":"ffffffff"}],"attachment":[{"name":"magic"},{"time":1.9667,"name":"magic_black"},{"time":4.4667,"name":"magic"},{"time":5.3333,"name":"magic"}]},"magic_light":{"color":[{"time":1.9667,"color":"ffffff00"},{"time":2,"color":"ffffffff"},{"time":3,"color":"ffffff00"}],"attachment":[{"time":1.9667,"name":"magic_light"}]}},"bones":{"root":{"rotate":[{"curve":"stepped"},{"time":0.1667,"curve":"stepped"},{"time":0.6667,"curve":"stepped"},{"time":2,"curve":"stepped"},{"time":3.3333,"curve":"stepped"},{"time":3.8333,"curve":"stepped"},{"time":4.8,"curve":"stepped"},{"time":5.3333}],"translate":[{"curve":"stepped"},{"time":0.1667,"curve":"stepped"},{"time":0.6667,"curve":"stepped"},{"time":2,"curve":"stepped"},{"time":3.3333,"curve":"stepped"},{"time":3.8333,"curve":"stepped"},{"time":4.8,"curve":"stepped"},{"time":5.3333}],"scale":[{"curve":"stepped"},{"time":0.1667,"curve":"stepped"},{"time":0.6667,"curve":"stepped"},{"time":4.8,"curve":"stepped"},{"time":5.3333}]},"body":{"rotate":[{"curve":"stepped"},{"time":0.1667,"curve":"stepped"},{"time":0.6667,"curve":0.995,"c2":0.01,"c3":0.413,"c4":0.99},{"time":1.3333,"angle":-5.89,"curve":"stepped"},{"time":1.9333,"angle":-5.89,"curve":"stepped"},{"time":2,"angle":-5.89},{"time":2.1667,"angle":-11.39},{"time":2.2333,"angle":-9.36},{"time":2.4,"angle":-12.86},{"time":2.6333,"angle":-5.11},{"time":2.7,"angle":-8.69},{"time":2.7667,"angle":-1.71},{"time":2.9333,"angle":-11.01},{"time":3.1,"angle":-6.65},{"time":3.1667,"angle":-9.53},{"time":3.3333,"angle":-5.89},{"time":3.8333,"angle":-8.03},{"time":3.9,"angle":4.16,"curve":0.25,"c3":0.75},{"time":4.4,"angle":5.46,"curve":0.25,"c3":0.75},{"time":5.3333}],"translate":[{"curve":0.25,"c3":0.75},{"time":0.1667,"x":17.62,"y":-17.62,"curve":0.764,"c2":0.02,"c3":0.318,"c4":0.98},{"time":0.6667,"x":36.5,"y":-27.06,"curve":0.995,"c2":0.01,"c3":0.413,"c4":0.99},{"time":1.3333,"x":44.43,"y":47.85},{"time":1.9333,"x":44.43,"y":66.74},{"time":2,"x":101.1,"y":0.63},{"time":3.3333,"x":44.43,"y":47.85,"curve":"stepped"},{"time":3.8333,"x":44.43,"y":47.85},{"time":3.9,"x":-40.55,"y":-57.73,"curve":0.25,"c3":0.75},{"time":4.4,"x":-40.55,"y":-76.61,"curve":0.25,"c3":0.75},{"time":5.3333}],"scale":[{"curve":"stepped"},{"time":0.1667,"curve":"stepped"},{"time":0.6667,"curve":"stepped"},{"time":5.3333}]},"head":{"rotate":[{},{"time":0.1667,"angle":-25.04,"curve":"stepped"},{"time":0.6667,"angle":-25.04},{"time":1.3333,"angle":-21.17},{"time":1.9333,"angle":-18.52},{"time":2,"angle":-24.93},{"time":2.1667,"angle":-6.72},{"time":2.2333,"angle":-11.71},{"time":2.6333,"angle":-17.94},{"time":2.7,"angle":-18.63},{"time":2.7667,"angle":-20.62},{"time":2.9333,"angle":-8.92},{"time":3.1,"angle":-16.77},{"time":3.3333,"angle":-16.97,"curve":"stepped"},{"time":3.8333,"angle":-16.97},{"time":3.9,"angle":-1.98,"curve":"stepped"},{"time":4.4,"angle":-1.98},{"time":4.8,"curve":"stepped"},{"time":5.3333}],"translate":[{},{"time":0.1667,"x":18.98,"y":-40.6,"curve":"stepped"},{"time":0.6667,"x":18.98,"y":-40.6},{"time":2,"x":11.1,"y":-23.74},{"time":2.7667,"x":10.25,"y":-33.7},{"time":3.3333,"x":11.1,"y":-23.74,"curve":"stepped"},{"time":3.8333,"x":11.1,"y":-23.74},{"time":4.4,"x":-0.03,"y":-8.84},{"time":4.8,"curve":"stepped"},{"time":5.3333}],"scale":[{"curve":"stepped"},{"time":0.1667,"curve":"stepped"},{"time":0.6667,"curve":"stepped"},{"time":4.8,"curve":"stepped"},{"time":5.3333}]},"mouth":{"rotate":[{"curve":"stepped"},{"time":0.1667,"curve":"stepped"},{"time":0.6667},{"time":2,"angle":24.66},{"time":3.3333,"curve":"stepped"},{"time":3.8333,"curve":"stepped"},{"time":4.8,"curve":"stepped"},{"time":5.3333}],"translate":[{"curve":"stepped"},{"time":0.1667,"curve":"stepped"},{"time":0.6667,"curve":"stepped"},{"time":2,"curve":"stepped"},{"time":3.3333,"curve":"stepped"},{"time":3.8333,"curve":"stepped"},{"time":4.8,"curve":"stepped"},{"time":5.3333}],"scale":[{"curve":"stepped"},{"time":0.1667,"curve":"stepped"},{"time":0.6667,"curve":"stepped"},{"time":4.8,"curve":"stepped"},{"time":5.3333}]},"horn":{"rotate":[{"curve":"stepped"},{"time":0.1667,"curve":"stepped"},{"time":0.6667,"curve":"stepped"},{"time":2,"curve":"stepped"},{"time":3.3333,"curve":"stepped"},{"time":3.8333,"curve":"stepped"},{"time":4.8,"curve":"stepped"},{"time":5.3333}],"translate":[{"curve":"stepped"},{"time":0.1667,"curve":"stepped"},{"time":0.6667,"curve":"stepped"},{"time":2,"curve":"stepped"},{"time":3.3333,"curve":"stepped"},{"time":3.8333,"curve":"stepped"},{"time":4.8,"curve":"stepped"},{"time":5.3333}],"scale":[{"curve":"stepped"},{"time":0.1667,"curve":"stepped"},{"time":0.6667,"curve":"stepped"},{"time":4.8,"curve":"stepped"},{"time":5.3333}]},"arm2_r":{"rotate":[{"curve":0.42,"c2":0.02,"c3":0.634},{"time":0.1667,"angle":-3.11},{"time":0.6667,"angle":0.09,"curve":0.403,"c2":0.03,"c3":0.222,"c4":0.92},{"time":0.8333,"angle":0.62,"curve":0.692,"c2":-0.01,"c3":0.488,"c4":0.98},{"time":1,"angle":-3.11,"curve":0.723,"c2":0.04,"c3":0.502,"c4":0.79},{"time":1.9333,"angle":7.46,"curve":0.284,"c2":0.49,"c3":0.613,"c4":0.84},{"time":2,"angle":3.6},{"time":2.1667,"angle":11.13},{"time":2.6333,"angle":14.52},{"time":2.7667,"angle":19.76},{"time":2.8667,"angle":10.31},{"time":2.9333,"angle":3.34},{"time":3.1,"angle":14.22},{"time":3.1667,"angle":17.15},{"time":3.3333,"angle":6.84},{"time":3.8333,"angle":10.7},{"time":3.9,"angle":21.47},{"time":4.4,"angle":24.76},{"time":4.8,"curve":"stepped"},{"time":5.3333}],"translate":[{"curve":"stepped"},{"time":0.1667,"curve":"stepped"},{"time":0.6667,"curve":"stepped"},{"time":0.8333,"curve":"stepped"},{"time":1,"curve":"stepped"},{"time":2,"curve":"stepped"},{"time":3.3333,"curve":"stepped"},{"time":3.8333,"curve":"stepped"},{"time":4.8,"curve":"stepped"},{"time":5.3333}],"scale":[{"curve":"stepped"},{"time":0.1667,"curve":"stepped"},{"time":0.6667,"curve":"stepped"},{"time":0.8333,"curve":"stepped"},{"time":1,"curve":"stepped"},{"time":4.8,"curve":"stepped"},{"time":5.3333}]},"arm1_r":{"rotate":[{"curve":0.42,"c2":0.02,"c3":0.634},{"time":0.1667,"angle":-4.12},{"time":0.6667,"angle":-7.98,"curve":0.403,"c2":0.03,"c3":0.222,"c4":0.92},{"time":0.8333,"angle":8.96,"curve":0.692,"c2":-0.01,"c3":0.488,"c4":0.98},{"time":1,"angle":-4.12,"curve":0.723,"c2":0.04,"c3":0.502,"c4":0.79},{"time":1.9333,"angle":-19.88,"curve":0.284,"c2":0.49,"c3":0.613,"c4":0.84},{"time":2,"angle":-16.73},{"time":2.1667,"angle":-1.36},{"time":2.2333,"angle":6.87},{"time":2.4,"angle":11.75},{"time":2.6333,"angle":10.76},{"time":2.7,"angle":12.15},{"time":2.7667,"angle":0.73},{"time":2.8667,"angle":-17.57},{"time":2.9333,"angle":-24.43},{"time":3.3333,"angle":-8.55},{"time":3.8333,"angle":-4.65},{"time":3.9,"angle":-15.06},{"time":4.4,"angle":-18.63},{"time":4.8,"curve":"stepped"},{"time":5.3333}],"translate":[{"curve":"stepped"},{"time":0.1667,"curve":"stepped"},{"time":0.6667,"curve":"stepped"},{"time":0.8333,"curve":"stepped"},{"time":1,"curve":"stepped"},{"time":2,"curve":"stepped"},{"time":3.3333,"curve":"stepped"},{"time":3.8333,"curve":"stepped"},{"time":4.8,"curve":"stepped"},{"time":5.3333}],"scale":[{"curve":"stepped"},{"time":0.1667,"curve":"stepped"},{"time":0.6667,"curve":"stepped"},{"time":0.8333,"curve":"stepped"},{"time":1,"curve":"stepped"},{"time":4.8,"curve":"stepped"},{"time":5.3333}]},"hand_r":{"rotate":[{"curve":"stepped"},{"time":0.1667,"curve":"stepped"},{"time":0.6667,"curve":"stepped"},{"time":2,"curve":"stepped"},{"time":3.3333,"curve":"stepped"},{"time":3.8333,"curve":"stepped"},{"time":4.8,"curve":"stepped"},{"time":5.3333}],"translate":[{"curve":"stepped"},{"time":0.1667,"curve":"stepped"},{"time":0.6667,"curve":"stepped"},{"time":2,"curve":"stepped"},{"time":3.3333,"curve":"stepped"},{"time":3.8333,"curve":"stepped"},{"time":4.8,"curve":"stepped"},{"time":5.3333}],"scale":[{"curve":"stepped"},{"time":0.1667,"curve":"stepped"},{"time":0.6667,"curve":"stepped"},{"time":4.8,"curve":"stepped"},{"time":5.3333}]},"shoulder_r":{"rotate":[{"curve":"stepped"},{"time":0.1667,"curve":"stepped"},{"time":0.6667},{"time":2,"angle":13.42},{"time":2.2333,"angle":10.84},{"time":2.7667,"angle":9.68},{"time":3.3333,"angle":3.94,"curve":"stepped"},{"time":3.8333,"angle":3.94},{"time":3.9,"angle":7.59,"curve":"stepped"},{"time":4.4,"angle":7.59},{"time":4.8,"curve":"stepped"},{"time":5.3333}],"translate":[{"curve":"stepped"},{"time":0.1667,"curve":"stepped"},{"time":0.6667,"curve":"stepped"},{"time":2,"curve":"stepped"},{"time":3.3333,"curve":"stepped"},{"time":3.8333,"curve":"stepped"},{"time":4.8,"curve":"stepped"},{"time":5.3333}],"scale":[{"curve":"stepped"},{"time":0.1667,"curve":"stepped"},{"time":0.6667,"curve":"stepped"},{"time":4.8,"curve":"stepped"},{"time":5.3333}]},"arm2_l":{"rotate":[{"curve":0.529,"c2":0.03,"c3":0.519,"c4":0.99},{"time":0.1667,"angle":-2.19,"curve":"stepped"},{"time":0.6667,"angle":-2.19,"curve":0.635,"c2":0.03,"c3":0.403,"c4":0.99},{"time":0.8333,"angle":-67.51,"curve":1,"c2":0.03,"c3":0.403,"c4":0.99},{"time":1.3333,"angle":-112.34,"curve":0.75,"c2":0.05,"c3":0.331,"c4":0.98},{"time":1.9333,"angle":-115.25,"curve":0.75,"c2":0.05,"c3":0.331,"c4":0.98},{"time":2,"angle":-93.81},{"time":2.1667,"angle":-106.58},{"time":2.6333,"angle":-116.3},{"time":2.8667,"angle":-105.26},{"time":3.3333,"angle":-112.34},{"time":3.8333,"angle":-115.24},{"time":3.9,"angle":-42.12},{"time":4.4,"angle":-37.54},{"time":4.8,"curve":"stepped"},{"time":5.3333}],"translate":[{"curve":"stepped"},{"time":0.1667,"curve":"stepped"},{"time":0.6667,"curve":"stepped"},{"time":2,"curve":"stepped"},{"time":3.3333,"curve":"stepped"},{"time":3.8333,"curve":"stepped"},{"time":4.8,"curve":"stepped"},{"time":5.3333}],"scale":[{"curve":"stepped"},{"time":0.1667,"curve":"stepped"},{"time":0.6667,"curve":"stepped"},{"time":4.8,"curve":"stepped"},{"time":5.3333}]},"arm1_l":{"rotate":[{"curve":"stepped"},{"time":0.1667,"curve":0.584,"c2":0.01,"c3":0.382,"c4":0.99},{"time":0.6667,"angle":-2.38,"curve":0.635,"c2":0.03,"c3":0.403,"c4":0.99},{"time":0.8333,"angle":16.84,"curve":1.048,"c2":0.03,"c3":0.556,"c4":0.86},{"time":1.9333,"angle":16.15,"curve":0.278,"c2":0.61,"c3":0.608,"c4":0.96},{"time":2,"angle":16.98},{"time":2.2333,"angle":39.81},{"time":2.4,"angle":30.5},{"time":2.6333,"angle":26.62},{"time":2.7,"angle":26.02},{"time":2.7667,"angle":17.57},{"time":2.9333,"angle":32.78},{"time":3.1,"angle":29.82},{"time":3.1667,"angle":30.37},{"time":3.3333,"angle":45.53},{"time":3.8333,"angle":35.69},{"time":3.9,"angle":63.08},{"time":4.4,"angle":54.42},{"time":4.8,"curve":"stepped"},{"time":5.3333}],"translate":[{"curve":"stepped"},{"time":0.1667,"curve":"stepped"},{"time":0.6667,"curve":"stepped"},{"time":2,"curve":"stepped"},{"time":3.3333,"curve":"stepped"},{"time":3.8333,"curve":"stepped"},{"time":4.8,"curve":"stepped"},{"time":5.3333}],"scale":[{"curve":"stepped"},{"time":0.1667,"curve":"stepped"},{"time":0.6667,"curve":"stepped"},{"time":4.8,"curve":"stepped"},{"time":5.3333}]},"hand_l":{"rotate":[{"curve":0.529,"c2":0.03,"c3":0.519,"c4":0.99},{"time":0.1667,"angle":-6.96,"curve":"stepped"},{"time":0.6667,"angle":-6.96,"curve":0.635,"c2":0.03,"c3":0.403,"c4":0.99},{"time":0.8333,"angle":67.35,"curve":1,"c2":0.03,"c3":0.403,"c4":0.99},{"time":2,"angle":58.7,"curve":"stepped"},{"time":3.3333,"angle":58.7,"curve":"stepped"},{"time":3.8333,"angle":58.7},{"time":3.9,"angle":73.41},{"time":4.4,"angle":64.04},{"time":4.8,"curve":"stepped"},{"time":5.3333}],"translate":[{"curve":"stepped"},{"time":0.1667,"curve":"stepped"},{"time":0.6667,"curve":"stepped"},{"time":2,"curve":"stepped"},{"time":3.3333,"curve":"stepped"},{"time":3.8333,"curve":"stepped"},{"time":4.8,"curve":"stepped"},{"time":5.3333}],"scale":[{"curve":"stepped"},{"time":0.1667,"curve":"stepped"},{"time":0.6667,"curve":"stepped"},{"time":4.8,"curve":"stepped"},{"time":5.3333}]},"shoulder_l":{"rotate":[{"curve":"stepped"},{"time":0.1667,"curve":"stepped"},{"time":0.6667,"curve":"stepped"},{"time":2,"curve":"stepped"},{"time":3.3333,"curve":"stepped"},{"time":3.8333,"curve":"stepped"},{"time":4.8,"curve":"stepped"},{"time":5.3333}],"translate":[{"curve":"stepped"},{"time":0.1667,"curve":"stepped"},{"time":0.6667,"curve":"stepped"},{"time":2,"curve":"stepped"},{"time":3.3333,"curve":"stepped"},{"time":3.8333,"curve":"stepped"},{"time":4.8,"curve":"stepped"},{"time":5.3333}],"scale":[{"curve":"stepped"},{"time":0.1667,"curve":"stepped"},{"time":0.6667,"curve":"stepped"},{"time":4.8,"curve":"stepped"},{"time":5.3333}]},"manteau":{"rotate":[{},{"time":0.1667,"angle":-0.73},{"time":0.6667,"angle":-0.61},{"time":1.9333,"angle":10.87},{"time":2,"angle":1.51},{"time":2.1667,"angle":2.44},{"time":2.5,"angle":-0.28},{"time":2.6667,"angle":0.65},{"time":2.8333,"angle":-327.56},{"time":3,"angle":-10.34},{"time":3.3333},{"time":3.8333,"angle":1.78},{"time":3.9,"angle":-37.3},{"time":4.8,"curve":"stepped"},{"time":5.3333}],"translate":[{"curve":"stepped"},{"time":0.1667,"curve":"stepped"},{"time":0.6667,"curve":"stepped"},{"time":2,"curve":"stepped"},{"time":3.3333,"curve":"stepped"},{"time":3.8333,"curve":"stepped"},{"time":4.8,"curve":"stepped"},{"time":5.3333}],"scale":[{"curve":"stepped"},{"time":0.1667,"curve":"stepped"},{"time":0.6667,"curve":"stepped"},{"time":4.8,"curve":"stepped"},{"time":5.3333}]},"bone2":{"rotate":[{},{"time":0.1667,"angle":-1.01},{"time":0.6667,"angle":-2.05},{"time":1.9333,"angle":7.62},{"time":2,"angle":-14.89},{"time":2.1667,"angle":-10.46},{"time":2.5,"angle":-11.21},{"time":2.6667,"angle":-7.57},{"time":2.8333,"angle":-1.5},{"time":3,"angle":-8.06},{"time":3.3333},{"time":3.8333,"angle":2.06},{"time":3.9,"angle":16.28},{"time":4.8,"curve":"stepped"},{"time":5.3333}],"translate":[{"curve":"stepped"},{"time":0.1667,"curve":"stepped"},{"time":0.6667,"curve":"stepped"},{"time":2,"curve":"stepped"},{"time":3.3333,"curve":"stepped"},{"time":3.8333,"curve":"stepped"},{"time":4.8,"curve":"stepped"},{"time":5.3333}],"scale":[{"curve":"stepped"},{"time":0.1667,"curve":"stepped"},{"time":0.6667,"curve":"stepped"},{"time":4.8,"curve":"stepped"},{"time":5.3333}]},"bone3":{"rotate":[{},{"time":0.1667,"angle":-1.63},{"time":0.6667,"angle":-6.64},{"time":1.9333,"angle":0.75},{"time":2,"angle":16.02},{"time":2.1667,"angle":16.69},{"time":2.5,"angle":8.9},{"time":2.6667,"angle":9.1},{"time":2.8333,"angle":-32.89},{"time":3,"angle":4.54},{"time":3.3333},{"time":3.8333,"angle":2.36},{"time":3.9,"angle":17.71},{"time":4.8,"curve":"stepped"},{"time":5.3333}],"translate":[{"curve":"stepped"},{"time":0.1667,"curve":"stepped"},{"time":0.6667,"curve":"stepped"},{"time":2,"curve":"stepped"},{"time":3.3333,"curve":"stepped"},{"time":3.8333,"curve":"stepped"},{"time":4.8,"curve":"stepped"},{"time":5.3333}],"scale":[{"curve":"stepped"},{"time":0.1667,"curve":"stepped"},{"time":0.6667,"curve":"stepped"},{"time":4.8,"curve":"stepped"},{"time":5.3333}]},"bone4":{"rotate":[{},{"time":0.1667,"angle":-3.03},{"time":0.6667,"angle":-7.03},{"time":1.9333,"angle":-4.59},{"time":2,"angle":-1.63},{"time":2.1667,"angle":4.91},{"time":2.5,"angle":-2.11},{"time":2.6667,"angle":3.13},{"time":2.8333,"angle":-43.02},{"time":3,"angle":20.73},{"time":3.3333},{"time":3.8333,"angle":3.52},{"time":3.9,"angle":37.85},{"time":4.8,"curve":"stepped"},{"time":5.3333}],"translate":[{"curve":"stepped"},{"time":0.1667,"curve":"stepped"},{"time":0.6667,"curve":"stepped"},{"time":2,"curve":"stepped"},{"time":3.3333,"curve":"stepped"},{"time":3.8333,"curve":"stepped"},{"time":4.8,"curve":"stepped"},{"time":5.3333}],"scale":[{"curve":"stepped"},{"time":0.1667,"curve":"stepped"},{"time":0.6667,"curve":"stepped"},{"time":4.8,"curve":"stepped"},{"time":5.3333}]},"bone5":{"rotate":[{},{"time":0.1667,"angle":-7.15},{"time":0.6667,"angle":4.03},{"time":1.9333,"angle":-13.59},{"time":2,"angle":-17.2},{"time":2.1667,"angle":5.84},{"time":2.5,"angle":-3.41},{"time":2.6667,"angle":10.01},{"time":2.8333,"angle":-52.03},{"time":3,"angle":4.49},{"time":3.3333},{"time":3.8333,"angle":0.99},{"time":3.9,"angle":51.95},{"time":4.8,"curve":"stepped"},{"time":5.3333}],"translate":[{"curve":"stepped"},{"time":0.1667,"curve":"stepped"},{"time":0.6667,"curve":"stepped"},{"time":2,"curve":"stepped"},{"time":3.3333,"curve":"stepped"},{"time":3.8333,"curve":"stepped"},{"time":4.8,"curve":"stepped"},{"time":5.3333}],"scale":[{"curve":"stepped"},{"time":0.1667,"curve":"stepped"},{"time":0.6667,"curve":"stepped"},{"time":4.8,"curve":"stepped"},{"time":5.3333}]},"bone6":{"rotate":[{},{"time":0.1667,"angle":-10.93},{"time":0.6667,"angle":-15.41},{"time":1.9333,"angle":-12.28},{"time":2,"angle":90.41},{"time":2.1667,"angle":28.62},{"time":2.5,"angle":16.68},{"time":2.6667,"angle":30.53},{"time":2.8333,"angle":-26.76},{"time":3,"angle":70.34},{"time":3.3333},{"time":3.8333,"angle":-14.28},{"time":3.9,"angle":-11.57},{"time":4.8,"curve":"stepped"},{"time":5.3333}],"translate":[{"curve":"stepped"},{"time":0.1667,"curve":"stepped"},{"time":0.6667,"curve":"stepped"},{"time":2,"curve":"stepped"},{"time":3.3333,"curve":"stepped"},{"time":3.8333,"curve":"stepped"},{"time":4.8,"curve":"stepped"},{"time":5.3333}],"scale":[{"curve":"stepped"},{"time":0.1667,"curve":"stepped"},{"time":0.6667,"curve":"stepped"},{"time":4.8,"curve":"stepped"},{"time":5.3333}]},"leg3_r":{"rotate":[{"curve":"stepped"},{"time":0.1667,"curve":"stepped"},{"time":0.6667},{"time":2,"angle":-5.65,"curve":"stepped"},{"time":3.3333,"angle":-5.65,"curve":"stepped"},{"time":3.8333,"angle":-5.65},{"time":3.9,"angle":-10.88,"curve":"stepped"},{"time":4.4,"angle":-10.88},{"time":4.8,"curve":"stepped"},{"time":5.3333}],"translate":[{"curve":"stepped"},{"time":0.1667,"curve":"stepped"},{"time":0.6667,"curve":"stepped"},{"time":2,"curve":"stepped"},{"time":3.3333,"curve":"stepped"},{"time":3.8333,"curve":"stepped"},{"time":4.8,"curve":"stepped"},{"time":5.3333}],"scale":[{"curve":"stepped"},{"time":0.1667,"curve":"stepped"},{"time":0.6667,"curve":"stepped"},{"time":4.8,"curve":"stepped"},{"time":5.3333}]},"rightfoot_r1":{"rotate":[{"curve":"stepped"},{"time":0.1667,"curve":"stepped"},{"time":0.6667,"curve":"stepped"},{"time":2,"curve":"stepped"},{"time":3.3333,"curve":"stepped"},{"time":3.8333,"curve":"stepped"},{"time":4.8,"curve":"stepped"},{"time":5.3333}],"translate":[{"curve":"stepped"},{"time":0.1667,"curve":"stepped"},{"time":0.6667,"curve":"stepped"},{"time":2,"curve":"stepped"},{"time":3.3333,"curve":"stepped"},{"time":3.8333,"curve":"stepped"},{"time":4.8,"curve":"stepped"},{"time":5.3333}],"scale":[{"curve":"stepped"},{"time":0.1667,"curve":"stepped"},{"time":0.6667,"curve":"stepped"},{"time":4.8,"curve":"stepped"},{"time":5.3333}]},"rightfoot1":{"rotate":[{"curve":"stepped"},{"time":0.1667,"curve":"stepped"},{"time":0.6667,"curve":"stepped"},{"time":2,"curve":"stepped"},{"time":3.3333,"curve":"stepped"},{"time":3.8333,"curve":"stepped"},{"time":4.8,"curve":"stepped"},{"time":5.3333}],"translate":[{"curve":"stepped"},{"time":0.1667,"curve":"stepped"},{"time":0.6667,"curve":"stepped"},{"time":2,"curve":"stepped"},{"time":3.3333,"curve":"stepped"},{"time":3.8333,"curve":"stepped"},{"time":4.8,"curve":"stepped"},{"time":5.3333}],"scale":[{"curve":"stepped"},{"time":0.1667,"curve":"stepped"},{"time":0.6667,"curve":"stepped"},{"time":4.8,"curve":"stepped"},{"time":5.3333}]},"leg2_r":{"rotate":[{"curve":"stepped"},{"time":0.1667,"curve":"stepped"},{"time":0.6667,"curve":"stepped"},{"time":2,"curve":"stepped"},{"time":3.3333,"curve":"stepped"},{"time":3.8333,"curve":"stepped"},{"time":4.8,"curve":"stepped"},{"time":5.3333}],"translate":[{"curve":"stepped"},{"time":0.1667,"curve":"stepped"},{"time":0.6667,"curve":"stepped"},{"time":2,"curve":"stepped"},{"time":3.3333,"curve":"stepped"},{"time":3.8333,"curve":"stepped"},{"time":4.8,"curve":"stepped"},{"time":5.3333}],"scale":[{"curve":"stepped"},{"time":0.1667,"curve":"stepped"},{"time":0.6667,"curve":"stepped"},{"time":4.8,"curve":"stepped"},{"time":5.3333}]},"leg1_r":{"rotate":[{"curve":"stepped"},{"time":0.1667,"curve":"stepped"},{"time":0.6667,"curve":"stepped"},{"time":2,"curve":"stepped"},{"time":3.3333,"curve":"stepped"},{"time":3.8333,"curve":"stepped"},{"time":4.8,"curve":"stepped"},{"time":5.3333}],"translate":[{"curve":"stepped"},{"time":0.1667,"curve":"stepped"},{"time":0.6667,"curve":"stepped"},{"time":2,"curve":"stepped"},{"time":3.3333,"curve":"stepped"},{"time":3.8333,"curve":"stepped"},{"time":4.8,"curve":"stepped"},{"time":5.3333}],"scale":[{"curve":"stepped"},{"time":0.1667,"curve":"stepped"},{"time":0.6667,"curve":"stepped"},{"time":4.8,"curve":"stepped"},{"time":5.3333}]},"rightfoot_r2":{"rotate":[{"curve":"stepped"},{"time":0.1667,"curve":"stepped"},{"time":0.6667,"curve":"stepped"},{"time":2,"curve":"stepped"},{"time":3.3333,"curve":"stepped"},{"time":3.8333,"curve":"stepped"},{"time":4.8,"curve":"stepped"},{"time":5.3333}],"translate":[{"curve":"stepped"},{"time":0.1667,"curve":"stepped"},{"time":0.6667,"curve":"stepped"},{"time":2,"curve":"stepped"},{"time":3.3333,"curve":"stepped"},{"time":3.8333,"curve":"stepped"},{"time":4.8,"curve":"stepped"},{"time":5.3333}],"scale":[{"curve":"stepped"},{"time":0.1667,"curve":"stepped"},{"time":0.6667,"curve":"stepped"},{"time":4.8,"curve":"stepped"},{"time":5.3333}]},"foot_r":{"rotate":[{"curve":"stepped"},{"time":0.1667,"curve":"stepped"},{"time":0.6667,"curve":"stepped"},{"time":2,"curve":"stepped"},{"time":3.3333,"curve":"stepped"},{"time":3.8333,"curve":"stepped"},{"time":4.8,"curve":"stepped"},{"time":5.3333}],"translate":[{"curve":"stepped"},{"time":0.1667,"curve":"stepped"},{"time":0.6667,"curve":"stepped"},{"time":2,"curve":"stepped"},{"time":3.3333,"curve":"stepped"},{"time":3.8333,"curve":"stepped"},{"time":4.8,"curve":"stepped"},{"time":5.3333}],"scale":[{"curve":"stepped"},{"time":0.1667,"curve":"stepped"},{"time":0.6667,"curve":"stepped"},{"time":4.8,"curve":"stepped"},{"time":5.3333}]},"1":{"rotate":[{"curve":"stepped"},{"time":0.1667,"curve":"stepped"},{"time":0.6667,"curve":"stepped"},{"time":2,"curve":"stepped"},{"time":3.3333,"curve":"stepped"},{"time":3.8333,"curve":"stepped"},{"time":4.8,"curve":"stepped"},{"time":5.3333}],"translate":[{"curve":"stepped"},{"time":0.1667,"curve":"stepped"},{"time":0.6667,"curve":"stepped"},{"time":2,"curve":"stepped"},{"time":3.3333,"curve":"stepped"},{"time":3.8333,"curve":"stepped"},{"time":4.8,"curve":"stepped"},{"time":5.3333}],"scale":[{"curve":"stepped"},{"time":0.1667,"curve":"stepped"},{"time":0.6667,"curve":"stepped"},{"time":4.8,"curve":"stepped"},{"time":5.3333}]},"leg3_l":{"rotate":[{"curve":"stepped"},{"time":0.1667,"curve":"stepped"},{"time":0.6667},{"time":1.3333,"angle":-1.11},{"time":1.9333,"angle":15.63},{"time":2,"angle":-7.27},{"time":3.3333,"angle":2.76},{"time":3.8333,"angle":15.63},{"time":3.9,"angle":-26.1},{"time":4.4,"angle":-20.5},{"time":4.8,"angle":-12.8,"curve":0.189,"c2":0.83,"c3":0.927,"c4":0.69},{"time":5.3333}],"translate":[{"curve":"stepped"},{"time":0.1667,"curve":"stepped"},{"time":0.6667,"curve":"stepped"},{"time":2,"curve":"stepped"},{"time":3.3333,"curve":"stepped"},{"time":3.8333,"curve":"stepped"},{"time":4.8,"curve":"stepped"},{"time":5.3333}],"scale":[{"curve":"stepped"},{"time":0.1667,"curve":"stepped"},{"time":0.6667,"curve":"stepped"},{"time":4.8,"curve":"stepped"},{"time":5.3333}]},"leftfoot_1":{"rotate":[{"curve":"stepped"},{"time":0.1667,"curve":"stepped"},{"time":0.6667,"curve":"stepped"},{"time":2,"curve":"stepped"},{"time":3.3333,"curve":"stepped"},{"time":3.8333,"curve":"stepped"},{"time":4.8,"curve":"stepped"},{"time":5.3333}],"translate":[{"curve":"stepped"},{"time":0.1667,"curve":"stepped"},{"time":0.6667,"curve":"stepped"},{"time":2,"curve":"stepped"},{"time":3.3333,"curve":"stepped"},{"time":3.8333,"curve":"stepped"},{"time":4.8,"curve":"stepped"},{"time":5.3333}],"scale":[{"curve":"stepped"},{"time":0.1667,"curve":"stepped"},{"time":0.6667,"curve":"stepped"},{"time":4.8,"curve":"stepped"},{"time":5.3333}]},"leg2_l":{"rotate":[{"curve":"stepped"},{"time":0.1667,"curve":"stepped"},{"time":0.6667,"curve":"stepped"},{"time":2,"curve":"stepped"},{"time":3.3333,"curve":"stepped"},{"time":3.8333,"curve":"stepped"},{"time":4.8,"curve":"stepped"},{"time":5.3333}],"translate":[{"curve":"stepped"},{"time":0.1667,"curve":"stepped"},{"time":0.6667,"curve":"stepped"},{"time":2,"curve":"stepped"},{"time":3.3333,"curve":"stepped"},{"time":3.8333,"curve":"stepped"},{"time":4.8,"curve":"stepped"},{"time":5.3333}],"scale":[{"curve":"stepped"},{"time":0.1667,"curve":"stepped"},{"time":0.6667,"curve":"stepped"},{"time":4.8,"curve":"stepped"},{"time":5.3333}]},"leg1_l":{"rotate":[{"curve":"stepped"},{"time":0.1667,"curve":"stepped"},{"time":0.6667,"curve":"stepped"},{"time":2,"curve":"stepped"},{"time":3.3333,"curve":"stepped"},{"time":3.8333,"curve":"stepped"},{"time":4.8,"curve":"stepped"},{"time":5.3333}],"translate":[{"curve":"stepped"},{"time":0.1667,"curve":"stepped"},{"time":0.6667,"curve":"stepped"},{"time":2,"curve":"stepped"},{"time":3.3333,"curve":"stepped"},{"time":3.8333,"curve":"stepped"},{"time":4.8,"curve":"stepped"},{"time":5.3333}],"scale":[{"curve":"stepped"},{"time":0.1667,"curve":"stepped"},{"time":0.6667,"curve":"stepped"},{"time":4.8,"curve":"stepped"},{"time":5.3333}]},"leftfoot_2":{"rotate":[{"curve":"stepped"},{"time":0.1667,"curve":"stepped"},{"time":0.6667,"curve":"stepped"},{"time":2,"curve":"stepped"},{"time":3.3333,"curve":"stepped"},{"time":3.8333,"curve":"stepped"},{"time":4.8,"curve":"stepped"},{"time":5.3333}],"translate":[{"curve":"stepped"},{"time":0.1667,"curve":"stepped"},{"time":0.6667,"curve":"stepped"},{"time":2,"curve":"stepped"},{"time":3.3333,"curve":"stepped"},{"time":3.8333,"curve":"stepped"},{"time":4.8,"curve":"stepped"},{"time":5.3333}],"scale":[{"curve":"stepped"},{"time":0.1667,"curve":"stepped"},{"time":0.6667,"curve":"stepped"},{"time":4.8,"curve":"stepped"},{"time":5.3333}]},"foot_l":{"rotate":[{"curve":"stepped"},{"time":0.1667,"curve":"stepped"},{"time":0.6667,"curve":"stepped"},{"time":2,"curve":"stepped"},{"time":3.3333,"curve":"stepped"},{"time":3.8333,"curve":"stepped"},{"time":4.8,"curve":"stepped"},{"time":5.3333}],"translate":[{"curve":"stepped"},{"time":0.1667,"curve":"stepped"},{"time":0.6667,"curve":"stepped"},{"time":2,"curve":"stepped"},{"time":3.3333,"curve":"stepped"},{"time":3.8333,"curve":"stepped"},{"time":4.8,"curve":"stepped"},{"time":5.3333}],"scale":[{"curve":"stepped"},{"time":0.1667,"curve":"stepped"},{"time":0.6667,"curve":"stepped"},{"time":4.8,"curve":"stepped"},{"time":5.3333}]},"tail":{"rotate":[{"curve":"stepped"},{"time":0.1667,"curve":"stepped"},{"time":0.6667,"curve":"stepped"},{"time":2,"curve":"stepped"},{"time":3.3333,"curve":"stepped"},{"time":3.8333,"curve":"stepped"},{"time":4.8,"curve":"stepped"},{"time":5.3333}],"translate":[{"curve":"stepped"},{"time":0.1667,"curve":"stepped"},{"time":0.6667,"curve":"stepped"},{"time":2,"curve":"stepped"},{"time":3.3333,"curve":"stepped"},{"time":3.8333,"curve":"stepped"},{"time":4.8,"curve":"stepped"},{"time":5.3333}],"scale":[{"curve":"stepped"},{"time":0.1667,"curve":"stepped"},{"time":0.6667,"curve":"stepped"},{"time":4.8,"curve":"stepped"},{"time":5.3333}]},"bone7":{"rotate":[{"curve":"stepped"},{"time":0.1667,"curve":"stepped"},{"time":0.6667,"curve":"stepped"},{"time":2},{"time":2.6333,"angle":-5.34},{"time":2.9333,"angle":-12.28},{"time":3.3333,"curve":"stepped"},{"time":3.8333},{"time":3.9,"angle":19.1,"curve":"stepped"},{"time":4.4,"angle":19.1},{"time":4.8,"curve":"stepped"},{"time":5.3333}],"translate":[{"curve":"stepped"},{"time":0.1667,"curve":"stepped"},{"time":0.6667,"curve":"stepped"},{"time":2,"curve":"stepped"},{"time":3.3333,"curve":"stepped"},{"time":3.8333,"curve":"stepped"},{"time":4.8,"curve":"stepped"},{"time":5.3333}],"scale":[{"curve":"stepped"},{"time":0.1667,"curve":"stepped"},{"time":0.6667,"curve":"stepped"},{"time":4.8,"curve":"stepped"},{"time":5.3333}]},"bone8":{"rotate":[{},{"time":0.1667,"angle":3.84},{"time":0.6667,"angle":6.85},{"time":1.9333,"angle":28.02},{"time":2,"angle":20.16},{"time":2.7667,"angle":6.05},{"time":3.3333,"angle":2.24,"curve":"stepped"},{"time":3.8333,"angle":2.24},{"time":3.9,"angle":6.03},{"time":4.4,"angle":8.84},{"time":4.8,"curve":"stepped"},{"time":5.3333}],"translate":[{"curve":"stepped"},{"time":0.1667,"curve":"stepped"},{"time":0.6667,"curve":"stepped"},{"time":2,"curve":"stepped"},{"time":3.3333,"curve":"stepped"},{"time":3.8333,"curve":"stepped"},{"time":4.8,"curve":"stepped"},{"time":5.3333}],"scale":[{"curve":"stepped"},{"time":0.1667,"curve":"stepped"},{"time":0.6667,"curve":"stepped"},{"time":4.8,"curve":"stepped"},{"time":5.3333}]},"bone9":{"rotate":[{"curve":"stepped"},{"time":0.1667,"curve":"stepped"},{"time":0.6667,"curve":"stepped"},{"time":2},{"time":2.1667,"angle":3.87},{"time":2.2333,"angle":-2.43},{"time":3.3333,"curve":"stepped"},{"time":3.8333},{"time":3.9,"angle":4.73,"curve":"stepped"},{"time":4.4,"angle":4.73},{"time":4.8,"curve":"stepped"},{"time":5.3333}],"translate":[{"curve":"stepped"},{"time":0.1667,"curve":"stepped"},{"time":0.6667,"curve":"stepped"},{"time":2,"curve":"stepped"},{"time":3.3333,"curve":"stepped"},{"time":3.8333,"curve":"stepped"},{"time":4.8,"curve":"stepped"},{"time":5.3333}],"scale":[{"curve":"stepped"},{"time":0.1667,"curve":"stepped"},{"time":0.6667,"curve":"stepped"},{"time":4.8,"curve":"stepped"},{"time":5.3333}]},"bone10":{"rotate":[{},{"time":0.1667,"angle":6.08,"curve":"stepped"},{"time":0.6667,"angle":6.08},{"time":2,"angle":9.88},{"time":2.4,"angle":-0.61},{"time":2.6333,"angle":-2.93},{"time":2.7667,"angle":8.61},{"time":2.8667,"angle":14.64},{"time":3.3333,"angle":3.55},{"time":3.8333,"angle":12.3},{"time":3.9,"angle":3.55},{"time":4.4,"angle":7.72},{"time":4.8,"curve":"stepped"},{"time":5.3333}],"translate":[{"curve":"stepped"},{"time":0.1667,"curve":"stepped"},{"time":0.6667,"curve":"stepped"},{"time":2,"curve":"stepped"},{"time":3.3333,"curve":"stepped"},{"time":3.8333,"curve":"stepped"},{"time":4.8,"curve":"stepped"},{"time":5.3333}],"scale":[{"curve":"stepped"},{"time":0.1667,"curve":"stepped"},{"time":0.6667,"curve":"stepped"},{"time":4.8,"curve":"stepped"},{"time":5.3333}]},"bone11":{"rotate":[{"curve":"stepped"},{"time":0.1667},{"time":0.6667,"angle":4.72},{"time":2},{"time":2.1667,"angle":5.68},{"time":2.2333,"angle":-4.44},{"time":2.4,"angle":-13.1},{"time":2.7,"angle":-13.24},{"time":3.1,"angle":-15.19},{"time":3.1667,"angle":-16.63},{"time":3.3333,"curve":"stepped"},{"time":3.8333},{"time":3.9,"angle":7.69,"curve":"stepped"},{"time":4.4,"angle":7.69},{"time":4.8,"curve":"stepped"},{"time":5.3333}],"translate":[{"curve":"stepped"},{"time":0.1667,"curve":"stepped"},{"time":0.6667,"curve":"stepped"},{"time":2,"curve":"stepped"},{"time":3.3333,"curve":"stepped"},{"time":3.8333,"curve":"stepped"},{"time":4.8,"curve":"stepped"},{"time":5.3333}],"scale":[{"curve":"stepped"},{"time":0.1667,"curve":"stepped"},{"time":0.6667,"curve":"stepped"},{"time":4.8,"curve":"stepped"},{"time":5.3333}]},"bone12":{"rotate":[{"curve":"stepped"},{"time":0.1667,"curve":"stepped"},{"time":0.6667,"curve":"stepped"},{"time":2},{"time":2.7667,"angle":7.03},{"time":2.8667,"angle":21.85},{"time":3.1,"angle":3.87},{"time":3.3333,"curve":"stepped"},{"time":3.8333,"curve":"stepped"},{"time":4.8,"curve":"stepped"},{"time":5.3333}],"translate":[{"curve":"stepped"},{"time":0.1667,"curve":"stepped"},{"time":0.6667,"curve":"stepped"},{"time":2,"curve":"stepped"},{"time":3.3333,"curve":"stepped"},{"time":3.8333,"curve":"stepped"},{"time":4.8,"curve":"stepped"},{"time":5.3333}],"scale":[{"curve":"stepped"},{"time":0.1667,"curve":"stepped"},{"time":0.6667,"curve":"stepped"},{"time":4.8,"curve":"stepped"},{"time":5.3333}]},"bone13":{"rotate":[{},{"time":0.1667,"angle":14.55},{"time":0.6667,"angle":23.28},{"time":2,"angle":8.51},{"time":2.4,"angle":-2.38},{"time":3.1,"angle":-6.98},{"time":3.1667,"angle":-8.99},{"time":3.3333,"angle":8.51,"curve":"stepped"},{"time":3.8333,"angle":8.51,"curve":"stepped"},{"time":3.9,"angle":8.51,"curve":"stepped"},{"time":4.4,"angle":8.51},{"time":4.8,"curve":"stepped"},{"time":5.3333}],"translate":[{"curve":"stepped"},{"time":0.1667,"curve":"stepped"},{"time":0.6667,"curve":"stepped"},{"time":2,"curve":"stepped"},{"time":3.3333,"curve":"stepped"},{"time":3.8333,"curve":"stepped"},{"time":4.8,"curve":"stepped"},{"time":5.3333}],"scale":[{"curve":"stepped"},{"time":0.1667,"curve":"stepped"},{"time":0.6667,"curve":"stepped"},{"time":4.8,"curve":"stepped"},{"time":5.3333}]},"bone14":{"rotate":[{"curve":"stepped"},{"time":0.1667,"curve":"stepped"},{"time":0.6667,"curve":"stepped"},{"time":2},{"time":2.1667,"angle":11.29},{"time":2.9333,"angle":16.12},{"time":3.3333,"curve":"stepped"},{"time":3.8333,"curve":"stepped"},{"time":4.8,"curve":"stepped"},{"time":5.3333}],"translate":[{"curve":"stepped"},{"time":0.1667,"curve":"stepped"},{"time":0.6667,"curve":"stepped"},{"time":2,"curve":"stepped"},{"time":3.3333,"curve":"stepped"},{"time":3.8333,"curve":"stepped"},{"time":4.8,"curve":"stepped"},{"time":5.3333}],"scale":[{"curve":"stepped"},{"time":0.1667,"curve":"stepped"},{"time":0.6667,"curve":"stepped"},{"time":4.8,"curve":"stepped"},{"time":5.3333}]},"bone15":{"rotate":[{"curve":"stepped"},{"time":0.1667,"curve":"stepped"},{"time":0.6667,"curve":"stepped"},{"time":2,"curve":"stepped"},{"time":3.3333},{"time":3.8333,"angle":-20.13},{"time":4.8,"curve":"stepped"},{"time":5.3333}],"translate":[{"curve":"stepped"},{"time":0.1667,"curve":"stepped"},{"time":0.6667,"curve":"stepped"},{"time":2,"curve":"stepped"},{"time":3.3333,"curve":"stepped"},{"time":3.8333,"curve":"stepped"},{"time":4.8,"curve":"stepped"},{"time":5.3333}],"scale":[{"curve":"stepped"},{"time":0.1667,"curve":"stepped"},{"time":0.6667,"curve":"stepped"},{"time":4.8,"curve":"stepped"},{"time":5.3333}]},"wing_r":{"rotate":[{"curve":0.549,"c2":0.01,"c3":0.435,"c4":0.98},{"time":0.1667,"angle":-17.31,"curve":0.443,"c2":0.02,"c3":0.486,"c4":0.99},{"time":0.6667,"angle":-20.08,"curve":0.621,"c2":0.01,"c3":0.576,"c4":0.98},{"time":0.8333,"angle":-22.94,"curve":0.702,"c2":0.03,"c3":0.395,"c4":0.99},{"time":1.3333,"angle":13.27,"curve":0.576,"c3":0.445,"c4":0.94},{"time":1.9333,"angle":17.68,"curve":0.576,"c3":0.445,"c4":0.94},{"time":2,"angle":37.16,"curve":0.594,"c2":0.02,"c3":0.508},{"time":2.1667,"angle":33.85,"curve":0.349,"c2":0.32,"c3":0.682,"c4":0.66},{"time":2.2333,"angle":29.6,"curve":0.371,"c2":0.32,"c3":0.7,"c4":0.66},{"time":2.4,"angle":33.28,"curve":0.374,"c2":0.33,"c3":0.697,"c4":0.68},{"time":2.6333,"angle":16.92,"curve":0.339,"c2":0.34,"c3":0.671,"c4":0.67},{"time":2.7,"angle":23.6,"curve":0.335,"c2":0.34,"c3":0.668,"c4":0.67},{"time":2.7667,"angle":13.53,"curve":0.334,"c2":0.36,"c3":0.663,"c4":0.69},{"time":2.9333,"angle":21.27,"curve":0.329,"c2":0.35,"c3":0.661,"c4":0.69},{"time":3.1,"angle":13.72,"curve":0.326,"c2":0.36,"c3":0.659,"c4":0.69},{"time":3.1667,"angle":20.05,"curve":0.308,"c2":0.44,"c3":0.636,"c4":0.79},{"time":3.3333,"angle":15.21,"curve":0.369,"c2":0.3,"c3":0.699,"c4":0.64},{"time":3.8333,"angle":19.44,"curve":0.369,"c2":0.3,"c3":0.699,"c4":0.64},{"time":3.9,"angle":-11.48,"curve":0.834,"c2":0.01,"c3":0.63,"c4":0.88},{"time":4.4,"angle":-15.24,"curve":0.81,"c3":0.63,"c4":0.88},{"time":4.8,"curve":"stepped"},{"time":5.3333}],"translate":[{"curve":"stepped"},{"time":0.1667,"curve":"stepped"},{"time":0.6667,"curve":"stepped"},{"time":2,"curve":"stepped"},{"time":3.3333,"curve":"stepped"},{"time":3.8333,"curve":"stepped"},{"time":4.8,"curve":"stepped"},{"time":5.3333}],"scale":[{"curve":0.552,"c2":0.01,"c3":0.435,"c4":0.98},{"time":0.1667,"y":1.166,"curve":"stepped"},{"time":0.6667,"y":1.166,"curve":0.621,"c2":0.01,"c3":0.576,"c4":0.98},{"time":1.3333,"y":0.775,"curve":"stepped"},{"time":1.9333,"y":0.775,"curve":0.576,"c3":0.445,"c4":0.94},{"time":2,"y":0.661,"curve":0.594,"c2":0.02,"c3":0.508},{"time":3.3333,"y":0.775,"curve":"stepped"},{"time":3.8333,"y":0.775,"curve":0.33,"c2":0.34,"c3":0.661,"c4":0.67},{"time":3.9,"x":1.248,"y":1.311,"curve":0.834,"c2":0.01,"c3":0.473,"c4":0.99},{"time":4.4,"x":1.203,"y":1.264,"curve":0.81,"c3":0.473,"c4":0.99},{"time":4.8,"curve":"stepped"},{"time":5.3333}]},"wing_l":{"rotate":[{"curve":0.549,"c2":0.01,"c3":0.444,"c4":0.99},{"time":0.1667,"angle":18.8,"curve":0.443,"c2":0.02,"c3":0.755,"c4":0.42},{"time":0.6667,"angle":23.09,"curve":0.443,"c2":0.02,"c3":0.755,"c4":0.42},{"time":0.8333,"angle":27.01,"curve":0.331,"c2":0.33,"c3":0.395,"c4":0.99},{"time":1.3333,"angle":-18.48,"curve":0.414,"c2":0.13,"c3":0.738,"c4":0.5},{"time":1.9333,"angle":-20.59,"curve":0.414,"c2":0.13,"c3":0.738,"c4":0.5},{"time":2,"angle":-30.57,"curve":0.357,"c2":0.31,"c3":0.689,"c4":0.65},{"time":2.1667,"angle":-21.67,"curve":0.349,"c2":0.32,"c3":0.682,"c4":0.66},{"time":2.2333,"angle":-24.64,"curve":0.371,"c2":0.32,"c3":0.7,"c4":0.66},{"time":2.4,"angle":-17.19,"curve":0.374,"c2":0.33,"c3":0.697,"c4":0.68},{"time":2.6333,"angle":-26.68,"curve":0.339,"c2":0.34,"c3":0.671,"c4":0.67},{"time":2.7,"angle":-17.89,"curve":0.335,"c2":0.34,"c3":0.668,"c4":0.67},{"time":2.7667,"angle":-26.94,"curve":0.334,"c2":0.36,"c3":0.663,"c4":0.69},{"time":2.9333,"angle":-15.42,"curve":0.329,"c2":0.35,"c3":0.661,"c4":0.69},{"time":3.1,"angle":-21.4,"curve":0.326,"c2":0.36,"c3":0.659,"c4":0.69},{"time":3.1667,"angle":-13.75,"curve":0.308,"c2":0.44,"c3":0.636,"c4":0.79},{"time":3.3333,"angle":-16.54,"curve":"stepped"},{"time":3.8333,"angle":-16.54,"curve":0.369,"c2":0.3,"c3":0.699,"c4":0.64},{"time":3.9,"angle":1.46,"curve":0.467,"c2":0.37,"c3":0.63,"c4":0.88},{"time":4.4,"angle":7.1,"curve":0.467,"c2":0.37,"c3":0.63,"c4":0.88},{"time":4.8,"curve":"stepped"},{"time":5.3333}],"translate":[{"curve":"stepped"},{"time":0.1667,"curve":"stepped"},{"time":0.6667,"curve":"stepped"},{"time":2,"curve":"stepped"},{"time":3.3333,"curve":"stepped"},{"time":3.8333,"curve":"stepped"},{"time":4.8,"curve":"stepped"},{"time":5.3333}],"scale":[{"curve":0.552,"c2":0.01,"c3":0.775,"c4":0.51},{"time":0.1667,"y":1.597,"curve":"stepped"},{"time":0.6667,"y":1.597,"curve":0.552,"c2":0.01,"c3":0.775,"c4":0.51},{"time":1.3333,"y":0.768,"curve":"stepped"},{"time":1.9333,"y":0.768,"curve":0.324,"c2":0.34,"c3":0.649,"c4":0.68},{"time":2,"y":0.6,"curve":0.22,"c2":0.55,"c3":0.495,"c4":0.99},{"time":3.3333,"y":0.768,"curve":"stepped"},{"time":3.8333,"y":0.768,"curve":0.33,"c2":0.34,"c3":0.661,"c4":0.67},{"time":3.9,"x":1.356,"y":1.329,"curve":0.218,"c2":0.53,"c3":0.473,"c4":0.99},{"time":4.4,"x":1.223,"y":1.198,"curve":0.218,"c2":0.53,"c3":0.473,"c4":0.99},{"time":4.8,"curve":"stepped"},{"time":5.3333}]},"magic":{"rotate":[{"curve":"stepped"},{"time":0.1667,"curve":"stepped"},{"time":0.6667,"curve":"stepped"},{"time":2,"curve":"stepped"},{"time":3.3333,"curve":"stepped"},{"time":3.8333,"curve":"stepped"},{"time":4.8,"curve":"stepped"},{"time":5.3333}],"translate":[{"curve":"stepped"},{"time":0.1667,"curve":"stepped"},{"time":0.6667,"curve":"stepped"},{"time":2,"curve":"stepped"},{"time":3.3333,"curve":"stepped"},{"time":3.8333,"curve":"stepped"},{"time":4.8,"curve":"stepped"},{"time":5.3333}],"scale":[{"curve":"stepped"},{"time":0.1667,"curve":"stepped"},{"time":0.6667},{"time":2,"x":1.506,"y":1.506},{"time":2.1667,"x":1.188,"y":1.188},{"time":2.2667,"x":2.078,"y":2.078},{"time":2.3,"x":3.328,"y":3.328},{"time":2.3667,"x":1.366,"y":1.366},{"time":2.5333,"x":1.684,"y":1.684},{"time":2.6,"x":2.269,"y":2.269},{"time":2.6667,"x":1.416,"y":1.416},{"time":2.8667,"x":2.114,"y":2.114},{"time":3,"x":1.024,"y":1.024},{"time":3.3333,"x":2.788,"y":2.788,"curve":"stepped"},{"time":3.8333,"x":2.788,"y":2.788},{"time":4.8,"curve":"stepped"},{"time":5.3333}]},"glow":{"rotate":[{"time":2,"curve":"stepped"},{"time":3.3333,"curve":"stepped"},{"time":3.8333}],"translate":[{"time":2,"curve":"stepped"},{"time":3.3333,"curve":"stepped"},{"time":3.8333}],"scale":[{"time":0.1667,"x":1.17,"y":1.17,"curve":"stepped"},{"time":0.6667,"x":1.17,"y":1.17}]},"effect_attack":{"rotate":[{"time":2},{"time":3.3333,"angle":-144.03,"curve":"stepped"},{"time":3.8333,"angle":-144.03,"curve":"stepped"},{"time":3.9,"angle":-144.03}],"translate":[{"time":2},{"time":3.3333,"x":66.08,"y":628.99,"curve":"stepped"},{"time":3.8333,"x":66.08,"y":628.99,"curve":"stepped"},{"time":3.9,"x":66.08,"y":628.99}],"scale":[{"time":3.3333,"x":2.052,"y":1.132,"curve":"stepped"},{"time":3.8333,"x":2.052,"y":1.132,"curve":0.25,"c3":0.75},{"time":3.9,"x":9.38,"y":5.173,"curve":0.049,"c2":0.48,"c3":0.127,"c4":0.89},{"time":4.6333,"x":12.596,"y":6.947},{"time":4.6667,"x":5.853,"y":3.228}]},"fog":{"rotate":[{"time":1.3333,"angle":-177.06,"curve":"stepped"},{"time":1.9333,"angle":-177.06,"curve":"stepped"},{"time":2,"angle":-177.06}],"translate":[{"time":1.9333,"x":160.55,"y":590.25}],"scale":[{"time":1.9333,"x":0.303,"y":0.303},{"time":2,"x":2.309,"y":2.309},{"time":3.1333,"x":2.771,"y":2.771}]},"magic_light":{"translate":[{"time":2,"x":-1.66,"y":-11.14}],"scale":[{"time":1.9667,"x":0.299,"y":0.299},{"time":2,"x":1.781,"y":1.781}]},"explotion2":{"translate":[{"time":4.3,"y":236.74},{"time":4.3667,"y":241.49},{"time":5.3333,"y":303.32}],"scale":[{"time":4.3,"x":3.82,"y":3.82},{"time":4.3667,"x":3.884,"y":3.884},{"time":5.3333,"x":4.714,"y":4.714}]},"explotion1":{"translate":[{"time":4.6},{"time":4.7,"y":66.58},{"time":5.2667,"y":88.78}],"scale":[{"time":4.6},{"time":4.7,"x":3.221,"y":3.221},{"time":5.2667,"x":3.753,"y":3.753}]}},"deform":{"default":{"body":{"body":[{},{"time":1.3333,"offset":2,"vertices":[15.9118,5.10091,13.36194,13.05664,8.04791,10.47583,0,0,5.46692,15.79003,0,0,0,0,0,0,0,0,-8.0777,-13.11763,-5.31396,-2.58081,0,0,0,0,0,0,7.86469,-5.37516,0,0,7.95624,2.55033,-2.61133,2.67227,0,0,0,0,15.7594,-8.10854,0,0,2.67249,2.6113]},{"time":1.9333,"offset":2,"vertices":[14.86841,4.76643,28.4285,19.94317,20.85123,20.20376,0.12231,10.56741,5.10843,14.75462,0,0,0,0,0,0,0,0,-7.54801,-12.25746,-4.96551,-2.41158,7.65106,-23.86782,0,0,0,0,20.46658,-13.10074,0,0,18.03236,4.90295,-2.44009,2.49704,8.04773,10.47583,0,0,12.08446,-7.54634,0,0,2.49724,2.44007]},{"time":5.3333}]},"leg3_l":{"leg3_l":[{},{"time":1.3333,"offset":4,"vertices":[4.53693,8.5686,6.22723,15.41745,7.38342,10.28799,8.24307,8.86511,81.71732,41.59488,20.72678,30.00433]},{"time":3.9,"offset":4,"vertices":[2.04534,3.8629,2.80736,6.95049,3.32859,4.63803,3.71614,3.99657,36.83978,18.75179,9.34404,13.52654,-89.61606,29.29767]},{"time":5.3333}]}}}}}}