{"skeleton":{"hash":"gCKGmoDLeaYvpAoWzdRG8sjL4Zo","spine":"3.8.76","x":-89.98,"y":-3.72,"width":271.54,"height":189.01,"images":"./images/","audio":""},"bones":[{"name":"root","scaleX":-0.15,"scaleY":0.15},{"name":"body","parent":"root","length":276.48,"rotation":98.63,"x":10.77,"y":478.1},{"name":"arm2_l","parent":"body","length":147.49,"rotation":140,"x":221.19,"y":86.05},{"name":"arm1_l","parent":"arm2_l","length":155.22,"rotation":-31.55,"x":147.43,"y":8.95},{"name":"arm2_r","parent":"body","length":239.97,"rotation":-74.85,"x":264.86,"y":-138.03},{"name":"arm1_r","parent":"arm2_r","length":166.32,"rotation":-156.16,"x":245.43,"y":0.95},{"name":"tail4","parent":"body","length":99.48,"rotation":-107.51,"x":-69.08,"y":-76.5,"color":"99079cff"},{"name":"bone2","parent":"tail4","length":124.01,"rotation":1.05,"x":107.06,"y":1.19,"color":"99079cff"},{"name":"waist","parent":"body","rotation":-98.63,"x":-44.17,"y":16.02},{"name":"manteau","parent":"waist","length":58.38,"rotation":-91.51,"x":7.68,"y":-7.68,"color":"0e0017ff"},{"name":"bone3","parent":"manteau","length":50.77,"rotation":4.98,"x":63.02,"y":-1.41,"color":"0e0017ff"},{"name":"bone4","parent":"bone3","length":63.26,"rotation":2.1,"x":55.28,"y":-1.81,"color":"0e0017ff"},{"name":"bone5","parent":"bone4","length":59.97,"rotation":-2.64,"x":66.17,"y":-1.83,"color":"0e0017ff"},{"name":"bone6","parent":"bone5","length":65.19,"rotation":12.08,"x":63.04,"y":-0.16,"color":"0e0017ff"},{"name":"bone7","parent":"bone6","length":48.2,"rotation":15.63,"x":70.44,"y":1.77,"color":"0e0017ff"},{"name":"bone8","parent":"bone7","length":60.21,"rotation":-24.79,"x":49.76,"y":2.64,"color":"0e0017ff"},{"name":"bone9","parent":"bone2","length":114.67,"rotation":0.13,"x":139.43,"y":0.57,"color":"99079cff"},{"name":"bone10","parent":"bone9","length":118.96,"rotation":-3.47,"x":128.78,"y":-1.19,"color":"99079cff"},{"name":"bone11","parent":"bone10","length":113.7,"rotation":-5.31,"x":137.94,"y":-0.95,"color":"99079cff"},{"name":"tail3","parent":"body","length":101.24,"rotation":-89.02,"x":60.72,"y":-60.47,"color":"9c075eff"},{"name":"bone12","parent":"tail3","length":109.91,"rotation":5.79,"x":108.07,"y":3.52,"color":"99079cff"},{"name":"bone13","parent":"bone12","length":111.8,"rotation":0.55,"x":117.46,"y":4.29,"color":"99079cff"},{"name":"bone14","parent":"bone13","length":112.68,"rotation":1.5,"x":120.45,"y":2.32,"color":"99079cff"},{"name":"bone15","parent":"bone14","length":97.96,"rotation":-3.85,"x":122.85,"y":1.63,"color":"99079cff"},{"name":"bone16","parent":"bone15","length":98.49,"rotation":-2.82,"x":107.28,"y":-0.67,"color":"99079cff"},{"name":"tail2","parent":"body","length":97.95,"rotation":-57.44,"x":197.23,"y":-123.11,"color":"9c2600ff"},{"name":"bone17","parent":"tail2","length":120.54,"rotation":4.33,"x":103.29,"y":1.44,"color":"9c2600ff"},{"name":"bone18","parent":"bone17","length":120.58,"rotation":1.03,"x":132.49,"y":0.98,"color":"9c2600ff"},{"name":"bone19","parent":"bone18","length":119.94,"rotation":-6.74,"x":132.43,"y":-3.58,"color":"9c2600ff"},{"name":"bone20","parent":"bone19","length":135.15,"rotation":-3.59,"x":125.64,"y":-2.75,"color":"9c2600ff"},{"name":"tail1","parent":"body","length":109.21,"rotation":-11.85,"x":214.17,"y":-72.87,"color":"9c6700ff"},{"name":"bone21","parent":"tail1","length":110.34,"rotation":-5.58,"x":112.36,"y":-1.36,"color":"9c6700ff"},{"name":"bone22","parent":"bone21","length":142.17,"rotation":-1.77,"x":116.64,"y":-0.58,"color":"9c6700ff"},{"name":"bone23","parent":"bone22","length":150.62,"rotation":-9.7,"x":145.19,"y":0.56,"color":"9c6700ff"},{"name":"effect_swing","parent":"root","length":1547.22,"rotation":-158.77,"x":434.71,"y":707.7},{"name":"fog","parent":"root","x":-502.74,"y":30.97},{"name":"hand_l","parent":"arm1_l","x":195.63,"y":-12.03},{"name":"hand_r","parent":"arm1_r","x":175.83,"y":-5.87},{"name":"head","parent":"body","length":299.16,"rotation":28.66,"x":279.33,"y":-22.18},{"name":"left foot_!","parent":"root","x":-326.7,"y":68.76,"color":"ff3f00ff"},{"name":"leftfoot2","parent":"root","x":-350.25,"y":-3.28,"color":"ff3f00ff"},{"name":"leg2_l","parent":"waist","length":258.45,"rotation":-135.48,"x":-55.29,"y":-18.43},{"name":"leg1_l","parent":"leg2_l","length":185.43,"rotation":18.92,"x":259.59,"y":-5.42},{"name":"leg","parent":"leg1_l","length":65.61,"rotation":10.25,"x":190.24,"y":0.69},{"name":"rightfoot1","parent":"root","x":382.64,"y":50.75,"color":"ff3f00ff"},{"name":"leg2_r","parent":"waist","length":257.12,"rotation":-52.03,"x":86,"y":-18.43},{"name":"leg1_r","parent":"leg2_r","length":216.71,"rotation":2.72,"x":253.37,"y":12.67},{"name":"rightfoot2","parent":"root","x":386.79,"y":2.26,"color":"ff3f00ff"},{"name":"leg_r","parent":"leg1_r","length":58.44,"rotation":-37.68,"x":218.04,"y":-3.17},{"name":"mouth","parent":"head","length":167.29,"rotation":96.23,"x":10.08,"y":-50.14},{"name":"neck","parent":"head","length":222.88,"rotation":-25.35,"x":-19.26,"y":12.73},{"name":"shoulder_l","parent":"arm2_l","length":186.23,"rotation":-54.84,"x":-9.98,"y":-4.29},{"name":"shoulder_r","parent":"arm2_r","length":209.13,"rotation":32.3,"x":-34.18,"y":10.02},{"name":"skill effect","parent":"root","x":-6.64,"y":2033.88},{"name":"skill effect2","parent":"root","x":-970.86,"y":1544.36},{"name":"sonic boom","parent":"root","x":9.09,"y":-100.43},{"name":"waist_l","parent":"waist","length":139.61,"rotation":-129.64,"x":-81.39,"y":58.36},{"name":"waist_r","parent":"waist","length":161.24,"rotation":-49.64,"x":99.82,"y":58.36},{"name":"wepon","parent":"hand_r","length":1675.32,"rotation":-22.04,"x":-675.48,"y":293.45,"scaleX":1.7182,"scaleY":1.7182}],"slots":[{"name":"sonicboom","bone":"sonic boom"},{"name":"tail2","bone":"tail2","attachment":"tail2"},{"name":"tail1","bone":"tail1","attachment":"tail1"},{"name":"leg2_r","bone":"leg2_r","attachment":"leg2_r"},{"name":"foot_r","bone":"leg_r","attachment":"foot_r"},{"name":"leg1_r","bone":"leg1_r","attachment":"leg1_r"},{"name":"leg2_l","bone":"leg2_l","attachment":"leg2_l"},{"name":"foot_l","bone":"leg","attachment":"foot_l"},{"name":"leg1_l","bone":"leg1_l","attachment":"leg1_l"},{"name":"arm2_l","bone":"arm2_l","attachment":"arm2_l"},{"name":"arm1_l","bone":"arm1_l","attachment":"arm1_l"},{"name":"body","bone":"body","attachment":"body"},{"name":"arm2_r","bone":"arm2_r","attachment":"arm2_r"},{"name":"sholder_r","bone":"shoulder_r","attachment":"sholder_r"},{"name":"sholder_l","bone":"shoulder_l","attachment":"sholder_l"},{"name":"manteau","bone":"manteau","attachment":"manteau"},{"name":"waist","bone":"waist","attachment":"waist"},{"name":"waist_l","bone":"waist_l","attachment":"waist_l"},{"name":"waist_r","bone":"waist_r","attachment":"waist_r"},{"name":"arm1_r","bone":"arm1_r","attachment":"arm1_r"},{"name":"neck","bone":"neck","attachment":"neck"},{"name":"head","bone":"head","attachment":"head"},{"name":"mouth","bone":"mouth","attachment":"mouth"},{"name":"wepon","bone":"wepon","attachment":"wepon"},{"name":"hand_r","bone":"hand_r","attachment":"hand_r"},{"name":"hand_l","bone":"hand_l","attachment":"hand_l"},{"name":"fog1","bone":"fog"},{"name":"effect_swing","bone":"effect_swing"},{"name":"shutterstock_417080953","bone":"skill effect","blend":"additive"},{"name":"attack skill","bone":"skill effect2"}],"ik":[{"name":"leftfoot2","order":1,"bones":["leg"],"target":"leftfoot2"},{"name":"left foot_!","bones":["leg2_l","leg1_l"],"target":"left foot_!"},{"name":"rightfoot1","order":2,"bones":["leg2_r","leg1_r"],"target":"rightfoot1"},{"name":"rightfoot2","order":3,"bones":["leg_r"],"target":"rightfoot2"}],"skins":[{"name":"default","attachments":{"arm1_l":{"arm1_l":{"x":99.61,"y":2.55,"rotation":152.93,"width":234,"height":180}},"arm1_r":{"arm1_r":{"x":85.01,"y":4.81,"rotation":132.38,"width":219,"height":213}},"arm2_l":{"arm2_l":{"x":97.92,"y":7.55,"rotation":121.37,"width":192,"height":221}},"arm2_r":{"arm2_r":{"x":95.23,"y":-35.23,"rotation":-23.78,"width":253,"height":206}},"attack skill":{"attack skill":{"scaleX":2.9584,"scaleY":2.9584,"rotation":4.8,"width":250,"height":215}},"body":{"body":{"type":"mesh","uvs":[0,0.29981,0.64558,0,0.99652,0,1,0.19669,1,0.35137,0.94897,0.5484,0.86973,0.58155,0.86746,0.63863,0.94444,0.72702,0.91727,0.82277,0.84935,0.93878,0.5935,1,0.33086,1,0.18595,0.84671,0.16784,0.71045,0.25388,0.68651,0.21312,0.63127,0.09086,0.56682,0,0.40661,0.40558,0.56313,0.6569,0.43239,0.44633,0.76385,0.70444,0.71229],"triangles":[3,1,2,0,19,18,3,20,1,4,20,3,1,19,0,4,6,20,1,20,19,17,18,19,5,6,4,16,17,19,6,22,20,15,16,19,7,22,6,19,20,22,21,19,22,15,19,21,9,7,8,22,7,9,13,14,15,10,22,9,21,13,15,12,13,21,11,21,22,11,22,10,12,21,11],"vertices":[249.57,119.86,334.68,-100.69,317.94,-211.03,241.74,-200.59,181.95,-191.52,108.21,-163.93,99.18,-137.07,77.22,-133.01,39.38,-152.03,3.66,-137.87,-37.95,-109.71,-49.41,-25.68,-36.89,56.89,29.28,93.46,82.82,91.17,87.97,62.71,111.27,72.29,142.02,106.95,208.28,126.12,128.43,7.78,166.99,-78.9,48.9,6.74,56.52,-77.44],"hull":19,"edges":[0,2,2,4,4,6,6,8,8,10,10,12,12,14,14,16,16,18,18,20,20,22,22,24,24,26,26,28,28,30,30,32,32,34,34,36,0,36],"width":318,"height":391}},"effect_swing":{"effect_swing":{"x":742.43,"y":26.99,"scaleX":2.0373,"scaleY":3.45,"rotation":87.72,"width":100,"height":603}},"fog1":{"fog1":{"x":44.38,"y":94.3,"scaleX":2.5145,"scaleY":2.5145,"width":400,"height":213}},"foot_l":{"foot_l":{"type":"mesh","uvs":[0.70074,0,1,0.18767,1,0.63767,1,1,0.64007,1,0.19512,1,0,0.84537,0,0.54767,0.22748,0.32614,0.5349,0],"triangles":[0,1,2,5,6,7,8,5,7,8,9,0,2,8,0,4,8,2,5,8,4,4,2,3],"vertices":[-29.21,-3.32,-25.44,53.29,19.48,66.43,55.64,77.02,73.64,15.53,95.89,-60.48,90.21,-98.33,60.49,-107.03,27.01,-74.64,-20.92,-31.65],"hull":10,"edges":[0,2,2,4,4,6,6,8,8,10,10,12,12,14,14,16,16,18,0,18],"width":178,"height":104}},"foot_r":{"foot_r":{"type":"mesh","uvs":[0.12127,0,0,0.30323,0,0.81481,0.20435,1,0.48681,1,0.83574,1,1,0.78639,1,0.37902,0.86343,0],"triangles":[8,1,0,7,2,1,7,1,8,7,4,3,3,2,7,6,4,7,5,4,6],"vertices":[-10.47,-45.51,10.27,-64.21,48.8,-69.38,66.29,-44.92,71.17,-8.53,77.21,36.43,63.96,59.75,33.27,63.87,2.36,50.11],"hull":9,"edges":[0,2,2,4,4,6,6,8,8,10,10,12,12,14,14,16,0,16],"width":130,"height":76}},"hand_l":{"hand_l":{"x":26.16,"y":7.32,"rotation":152.93,"width":174,"height":132}},"hand_r":{"hand_r":{"x":24.26,"y":7.59,"rotation":132.38,"width":145,"height":152}},"head":{"head":{"x":188.15,"y":7.31,"rotation":-127.28,"width":353,"height":420}},"leg1_l":{"leg1_l":{"type":"mesh","uvs":[0.41495,0,0.58638,0,0.65184,0.18247,0.7921,0.27089,1,0.31825,1,0.48246,0.9043,0.54878,0.73288,0.71931,0.58015,0.95931,0.5334,1,0.23729,1,0.04093,1,0,0.92141,0,0.76668,0.12197,0.59615,0.21236,0.27404],"triangles":[6,3,4,5,6,4,7,2,3,7,3,6,0,1,2,15,0,2,11,12,13,15,7,14,7,15,2,8,14,7,14,11,13,14,10,11,8,10,14,9,10,8],"vertices":[-19.69,-61,-37.4,-25.58,-6.95,6.55,-3.41,44.54,-15.23,92.33,18.26,109.07,41.67,96.06,94.15,78.03,158.87,70.95,172,65.44,202.59,4.26,222.88,-36.31,211.08,-52.78,179.52,-68.56,132.15,-60.75,57.12,-74.91],"hull":16,"edges":[0,2,2,4,4,6,6,8,8,10,10,12,12,14,14,16,16,18,18,20,20,22,22,24,24,26,26,28,28,30,0,30],"width":231,"height":228}},"leg1_r":{"leg1_r":{"type":"mesh","uvs":[0,0.32998,0,0.5255,0.25133,0.71791,0.53004,0.89481,0.60842,1,0.73907,1,1,1,1,0.7986,0.8581,0.5255,0.66358,0.22136,0.44875,0,0.27165,0.00102,0.24552,0.19033,0.12358,0.28033],"triangles":[1,0,13,9,2,12,13,12,2,1,13,2,12,11,10,10,9,12,8,3,2,8,2,9,5,3,8,5,4,3,8,7,5,5,7,6],"vertices":[-21.8,-63.78,12.6,-93.35,87.08,-75.2,163.26,-49.54,194.44,-50.71,215.57,-26.14,257.76,22.92,222.33,53.39,151.34,68.01,66.39,77.43,-7.29,70.52,-35.74,37.06,-6.67,3.51,-10.55,-33.03],"hull":14,"edges":[0,2,2,4,4,6,6,8,8,10,10,12,12,14,14,16,16,18,18,20,20,22,22,24,24,26,0,26],"width":248,"height":232}},"leg2_l":{"leg2_l":{"type":"mesh","uvs":[0.65846,0.002,0.39771,0.19043,0.11996,0.46984,0,0.75574,0.03494,1,0.40905,1,0.68113,0.91819,0.95888,0.73625,1,0.42435,0.95888,0.13195],"triangles":[8,0,9,8,1,0,8,6,1,7,6,8,2,1,6,5,3,2,5,4,3,2,6,5],"vertices":[5.98,-48.47,90.91,-66.97,194.95,-72.88,268.38,-46.45,303.49,3.31,228.26,77.28,159.44,116.72,72.22,139.73,10.15,93.15,-32.01,33.73],"hull":10,"edges":[0,2,2,4,4,6,6,8,8,10,10,12,12,14,14,16,16,18,0,18],"width":282,"height":246}},"leg2_r":{"leg2_r":{"type":"mesh","uvs":[0.30341,0,0.04591,0.06303,0,0.20567,0.04591,0.50906,0.31341,0.79208,0.63841,1,0.78341,1,1,0.83057,0.95341,0.73095,0.81591,0.49774,0.64841,0.30756,0.45341,0.12416,0.39341,0],"triangles":[0,2,1,11,3,2,2,0,11,11,0,12,10,3,11,4,10,9,10,4,3,5,4,9,5,9,8,6,5,8,7,6,8],"vertices":[-32.63,56.89,-62.89,-14.48,-35.26,-52.81,48.94,-101.74,167.28,-96.36,276.99,-63.25,302.68,-30.32,298.58,52,265.35,60.91,182.52,75.31,105.16,74.49,24.63,66.09,-17.12,76.75],"hull":13,"edges":[0,2,2,4,4,6,6,8,8,10,10,12,12,14,14,16,16,18,18,20,20,22,22,24,0,24],"width":288,"height":318}},"manteau":{"manteau":{"type":"mesh","uvs":[0.65381,0.01089,0.72423,0.13394,0.72423,0.27852,0.7653,0.40464,0.74183,0.60152,0.82398,0.75841,0.95894,0.8753,1,1,0.7301,1,0.44844,1,0.17265,0.95221,0.16678,0.80763,0.00248,0.65997,0.03769,0.49078,0.02009,0.33389,0,0.19239,0,0,0.34282,0,0.36042,0.17393,0.38389,0.30313,0.41323,0.44156,0.4191,0.63844,0.50125,0.79225],"triangles":[8,6,7,9,22,8,8,5,6,9,10,11,8,22,5,22,9,11,22,4,5,11,21,22,21,11,13,22,21,4,11,12,13,13,20,21,21,20,4,4,20,3,13,19,20,13,14,19,20,2,3,20,19,2,14,18,19,14,15,18,19,18,2,2,18,1,18,0,1,15,17,18,15,16,17,18,17,0],"vertices":[3,9,-12.3,61.05,0.93867,10,-69.62,68.76,0.06133,14,-262.06,196.27,0,5,9,40.54,78.43,0.61457,10,-15.47,81.5,0.33321,11,-67.64,85.85,0.0519,12,-137.71,81.43,3.1E-4,14,-208.08,182.86,0,5,9,103.12,80.08,0.09288,10,47.02,77.71,0.41903,11,-5.34,79.77,0.42135,12,-75.18,78.22,0.06675,14,-154.22,150.94,0,5,10,102.09,83.71,0.11065,11,49.92,83.75,0.53687,12,-20.17,84.74,0.34433,13,-63.59,100.43,0.008,14,-102.49,131.12,1.5E-4,5,10,186.86,73.24,1.3E-4,11,134.25,70.17,0.03353,12,64.7,75.05,0.39448,13,17.36,73.19,0.40493,14,-31.86,83.08,0.16693,4,12,133.49,90.19,0.01232,13,87.81,73.6,0.09868,14,36.08,64.49,0.57367,15,-38.36,50.41,0.31534,3,11,257.02,107.71,0,14,95.25,65.04,0.12518,15,15.12,75.72,0.87482,4,11,311.67,111.74,0,13,199.2,85.08,3.0E-5,14,146.45,45.53,0.00317,15,69.78,79.48,0.99679,1,15,63.53,18.54,1,5,11,299.51,-12.87,0,12,233.6,-0.3,0,13,166.75,-35.84,0.02404,14,82.62,-62.18,0.17076,15,57.01,-45.07,0.8052,4,11,272.84,-73.17,2.0E-5,13,130.54,-90.95,0.19299,14,32.9,-105.49,0.47993,15,30.04,-105.23,0.32706,4,12,147.14,-59.89,0.02033,13,69.73,-76.01,0.58162,14,-21.64,-74.72,0.3475,15,-32.38,-100.17,0.05055,5,11,143.14,-99.33,0.03266,12,81.38,-93.86,0.29641,13,-1.68,-95.46,0.65136,14,-95.65,-74.21,0.01956,15,-99.78,-130.75,1.0E-5,5,10,129.33,-83.41,0.02006,11,71,-84.26,0.35022,12,8.62,-82.13,0.44614,13,-70.37,-68.76,0.18358,15,-171.85,-115.32,0,6,9,131.29,-79.07,0.04548,10,61.28,-83.29,0.32501,11,3.01,-81.64,0.56488,12,-59.43,-82.64,0.05742,13,-137.02,-55.02,0.00721,15,-239.83,-112.37,0,3,9,70.16,-85.24,0.42507,10,-0.16,-84.13,0.4402,11,-58.42,-80.23,0.13472,4,9,-13.11,-87.44,0.92272,10,-83.31,-79.09,0.07726,12,-204.04,-79.79,2.0E-5,15,-384.12,-102.15,0,3,9,-15.16,-9.64,1,12,-200.06,-2.07,0,15,-376.18,-24.74,0,2,9,60.02,-3.67,0.5,10,-3.19,-1.98,0.5,2,10,52.98,-0.05,0.5,11,-2.23,1.84,0.5,2,11,58.07,2.65,0.5,12,-8.3,4.1,0.5,1,13,13.82,-1.71,1,4,11,211.14,7.79,0,13,82.98,-0.95,0.09761,14,11.34,-6,0.86245,15,-31.25,-23.96,0.03994],"hull":18,"edges":[0,2,2,4,4,6,6,8,8,10,10,12,12,14,14,16,16,18,18,20,20,22,22,24,24,26,26,28,28,30,30,32,32,34,0,34],"width":227,"height":433}},"mouth":{"mouth":{"x":92.75,"y":-16.06,"rotation":136.49,"width":202,"height":209}},"neck":{"neck":{"x":249.4,"y":28.93,"rotation":-101.93,"width":716,"height":507}},"sholder_l":{"sholder_l":{"x":54.86,"y":-8.25,"rotation":176.22,"width":312,"height":140}},"sholder_r":{"sholder_r":{"x":84.66,"y":25.48,"rotation":-56.08,"width":348,"height":236}},"shutterstock_417080953":{"shutterstock_417080953":{"scaleX":4.5465,"scaleY":4.5465,"width":500,"height":416}},"sonicboom":{"sonicboom":{"x":10.49,"y":89.15,"scaleX":5.7506,"scaleY":5.7506,"width":400,"height":84}},"tail1":{"tail1":{"type":"mesh","uvs":[0.96772,0.00883,0.76691,0.12034,0.63303,0.25168,0.49916,0.41276,0.35312,0.59119,0.20707,0.72996,0.16448,0.82909,0.52959,0.9183,0.64521,0.84148,0.6878,0.6234,0.74865,0.43259,0.82168,0.26159,0.92512,0.11291],"triangles":[12,1,0,11,1,12,2,1,11,10,2,11,3,2,10,9,3,10,4,3,9,8,4,9,7,4,8,5,4,7,6,5,7],"vertices":[1,33,176.7,-3.84,1,1,33,87.01,20.81,1,2,32,142.22,25.96,0.54778,33,-7.2,24.53,0.45222,2,31,148.53,40.33,0.09214,32,30.61,41.88,0.90786,2,30,143.78,57.05,0.22372,31,25.59,61.19,0.77628,2,30,49.7,91.24,0.98051,31,-71.37,86.07,0.01949,1,30,-16.56,99.03,1,1,30,-70.07,-2.72,1,1,30,-17.46,-31.02,1,2,30,127.54,-34.37,0.11183,31,18.32,-31.38,0.88817,1,32,30.06,-26.75,1,2,32,145.12,-25.31,0.39516,33,4.29,-25.52,0.60484,1,33,106.44,-17.55,1],"hull":13,"edges":[0,2,2,4,4,6,6,8,8,10,10,12,12,14,14,16,16,18,18,20,20,22,22,24,0,24],"width":270,"height":663}},"tail2":{"tail2":{"type":"mesh","uvs":[0.98467,0,0.90252,0.11694,0.79138,0.22808,0.68023,0.36925,0.55218,0.54346,0.42895,0.72067,0.32506,0.85584,0.21391,0.93393,0.14384,0.65159,0.27432,0.5765,0.40721,0.45635,0.5401,0.3302,0.65849,0.22207,0.77205,0.12595,0.87594,0.03584],"triangles":[2,13,1,13,14,1,1,14,0,11,12,3,3,12,2,12,13,2,10,11,4,4,11,3,9,10,5,5,10,4,7,8,6,8,9,6,6,9,5],"vertices":[1,29,164.31,-5.95,1,1,29,81.45,-24.55,1,2,28,108.42,-30.67,0.59773,29,-15.45,-28.94,0.40227,3,26,261.75,-41.71,0,27,128.46,-45,0.24949,28,0.92,-41.6,0.75051,2,26,132.74,-46.35,0.45189,27,-0.6,-47.33,0.54811,2,25,112.26,-52.53,0.63366,26,4.87,-54.49,0.36634,1,25,10.41,-61.65,1,1,25,-74.6,-44.03,1,3,25,-8.76,103.58,0.92275,26,-104.02,110.3,0.07725,27,-234.51,113.57,0,3,25,85.06,76.07,0.48251,26,-12.55,75.79,0.51748,27,-143.67,77.41,0,2,26,97.66,57.37,0.82426,27,-33.81,57.01,0.17574,1,27,78.43,38.86,1,3,26,308.82,25.26,0,27,176.74,21.1,9.4E-4,28,41.1,29.71,0.99906,2,28,134.08,20.66,0.49379,29,6.96,23.9,0.50621,1,29,93.08,21.92,1],"hull":15,"edges":[0,2,2,4,4,6,6,8,8,10,10,12,12,14,14,16,16,18,18,20,20,22,22,24,24,26,26,28,0,28],"width":680,"height":547}},"waist":{"waist":{"type":"mesh","uvs":[0.04909,0.00417,0.03193,0.09707,0.04223,0.22229,0,0.36837,0.00104,0.48106,0.20012,0.61044,0.35801,0.93599,0.48158,1,0.60171,0.91095,0.76304,0.57288,0.96555,0.51444,1,0.41428,0.95869,0.15133,0.91407,0.03864,0.82482,0.06368,0.65663,0.12212,0.46785,0,0.29966,0.09707,0.18982,0.0929,0.46098,0.35167],"triangles":[1,0,18,2,1,18,19,17,16,19,16,15,5,4,3,12,11,15,15,11,9,19,15,9,14,13,12,12,15,14,10,9,11,2,17,19,17,2,18,19,3,2,19,5,3,9,5,19,8,5,9,6,5,8,7,6,8],"vertices":[-101.43,79.5,-105.87,58.83,-103.21,32.16,-114.14,1.04,-113.87,-22.96,-62.31,-50.52,-21.42,-119.86,10.59,-133.5,41.7,-114.53,83.48,-42.52,135.93,-30.07,144.86,-8.74,134.16,47.27,122.6,71.27,99.49,65.94,55.92,53.49,7.03,79.5,-36.53,58.83,-64.98,59.72,5.25,4.6],"hull":19,"edges":[0,2,2,4,4,6,6,8,8,10,10,12,12,14,14,16,16,18,18,20,20,22,22,24,24,26,26,28,28,30,30,32,32,34,34,36,0,36],"width":259,"height":213}},"waist_l":{"waist_l":{"x":76.46,"y":-10.44,"rotation":129.64,"width":120,"height":153}},"waist_r":{"waist_r":{"x":75.59,"y":8.31,"rotation":49.64,"width":118,"height":157}},"wepon":{"wepon":{"x":794.08,"y":-2.13,"rotation":154.42,"width":1000,"height":488}}}}],"animations":{"attack":{"slots":{"effect_swing":{"color":[{"time":0.7,"color":"ffffff00"},{"time":0.7333,"color":"ffffffff"},{"time":1.1,"color":"ffffff00"}],"attachment":[{"time":0.7,"name":"effect_swing"},{"time":1.1,"name":null}]},"fog1":{"color":[{"time":0.6667,"color":"ffffff00"},{"time":0.7667,"color":"ffffffff"},{"time":1.8,"color":"ffffff00"}],"attachment":[{"time":0.6667,"name":"fog1"},{"time":1.3333,"name":"fog1"},{"time":1.8333,"name":null}]}},"bones":{"root":{"rotate":[{"curve":"stepped"},{"time":2.0667}],"translate":[{"curve":"stepped"},{"time":2.0667}],"scale":[{"curve":"stepped"},{"time":0.7333,"curve":"stepped"},{"time":1.3333,"curve":"stepped"},{"time":2.0667}]},"body":{"rotate":[{},{"time":0.3333,"angle":2.81,"curve":"stepped"},{"time":0.6667,"angle":2.81},{"time":0.7333,"angle":8.46,"curve":"stepped"},{"time":1.3333,"angle":8.46},{"time":1.4,"angle":8.81,"curve":"stepped"},{"time":1.6667,"angle":8.81},{"time":2.0667}],"translate":[{},{"time":0.3333,"x":97.27,"y":57.84},{"time":0.6667,"x":112.4,"y":57.84},{"time":0.7333,"x":-38.45,"y":-65.07},{"time":1.3333,"x":-49.61,"y":-65.07},{"time":1.4,"x":-4.14,"y":-55.19},{"time":1.6667,"x":9.81,"y":-55.19},{"time":2.0667}],"scale":[{"curve":"stepped"},{"time":0.7333,"curve":"stepped"},{"time":1.3333,"curve":"stepped"},{"time":2.0667}]},"head":{"rotate":[{},{"time":0.3333,"angle":-4.83,"curve":"stepped"},{"time":0.6667,"angle":-4.83},{"time":0.7333,"angle":-4.57},{"time":1.3333,"angle":-2.87},{"time":1.4,"angle":2.77,"curve":"stepped"},{"time":1.6667,"angle":2.77},{"time":2.0667}],"translate":[{},{"time":0.3333,"x":-0.55,"y":-15.98},{"time":0.6667,"x":-2.95,"y":-27.85},{"time":0.7333,"x":-2.79,"y":-26.34},{"time":2.0667}],"scale":[{"curve":"stepped"},{"time":0.7333,"curve":"stepped"},{"time":1.3333,"curve":"stepped"},{"time":2.0667}]},"mouth":{"rotate":[{"curve":"stepped"},{"time":0.6667},{"time":0.7333,"angle":24.35},{"time":1.3333,"angle":-5.74},{"time":2.0667}],"translate":[{"curve":"stepped"},{"time":0.6667,"curve":"stepped"},{"time":2.0667}],"scale":[{"curve":"stepped"},{"time":0.6667,"curve":"stepped"},{"time":0.7333,"curve":"stepped"},{"time":1.3333,"curve":"stepped"},{"time":2.0667}]},"arm2_r":{"rotate":[{},{"time":0.3333,"angle":-3.79,"curve":"stepped"},{"time":0.6667,"angle":-3.79},{"time":0.7333,"angle":-36.31,"curve":"stepped"},{"time":1.3333,"angle":-36.31},{"time":1.4,"angle":-28.81,"curve":"stepped"},{"time":1.6667,"angle":-28.81},{"time":2.0667}],"translate":[{"curve":"stepped"},{"time":2.0667}],"scale":[{"curve":"stepped"},{"time":0.7333,"curve":"stepped"},{"time":1.3333,"curve":"stepped"},{"time":2.0667}]},"arm1_r":{"rotate":[{},{"time":0.3333,"angle":7.16,"curve":"stepped"},{"time":0.6667,"angle":7.16},{"time":2.0667}],"translate":[{},{"time":0.3333,"x":53.71,"y":-9.53},{"time":0.6667,"x":65.6,"y":-4.68},{"time":0.7333,"x":-64.08,"y":-39.96,"curve":"stepped"},{"time":1.3333,"x":-64.08,"y":-39.96},{"time":1.4,"x":71.53,"y":25.65,"curve":"stepped"},{"time":1.6667,"x":71.53,"y":25.65},{"time":2.0667}],"scale":[{"curve":"stepped"},{"time":0.7333,"curve":"stepped"},{"time":1.3333,"curve":"stepped"},{"time":2.0667}]},"hand_r":{"rotate":[{},{"time":0.6667,"angle":0.29},{"time":0.7333,"angle":11.98},{"time":1.3333,"angle":15.74},{"time":1.4,"angle":18.13},{"time":1.6667,"angle":19.72},{"time":2.0667}],"translate":[{},{"time":0.3333,"x":-28.79,"y":19.15},{"time":0.6667,"x":-48.15,"y":19.98},{"time":0.7333,"x":32.44,"y":14.94,"curve":"stepped"},{"time":1.3333,"x":32.44,"y":14.94},{"time":1.4,"x":-23.02,"y":14.38,"curve":"stepped"},{"time":1.6667,"x":-23.02,"y":14.38},{"time":2.0667}],"scale":[{"curve":"stepped"},{"time":0.7333,"curve":"stepped"},{"time":1.3333,"curve":"stepped"},{"time":2.0667}]},"wepon":{"rotate":[{"curve":"stepped"},{"time":2.0667}],"translate":[{"curve":"stepped"},{"time":2.0667}],"scale":[{"curve":"stepped"},{"time":0.7333,"curve":"stepped"},{"time":1.3333,"curve":"stepped"},{"time":2.0667}]},"shoulder_r":{"rotate":[{"curve":"stepped"},{"time":1.3333,"curve":"stepped"},{"time":2.0667}],"translate":[{"curve":"stepped"},{"time":2.0667}],"scale":[{"curve":"stepped"},{"time":0.7333,"curve":"stepped"},{"time":1.3333,"curve":"stepped"},{"time":2.0667}]},"arm2_l":{"rotate":[{},{"time":0.3333,"angle":12.69,"curve":"stepped"},{"time":0.6667,"angle":12.69},{"time":0.7333,"angle":-20.85,"curve":"stepped"},{"time":1.3333,"angle":-20.85},{"time":1.4,"angle":7.27,"curve":"stepped"},{"time":1.6667,"angle":7.27},{"time":2.0667}],"translate":[{"curve":"stepped"},{"time":2.0667}],"scale":[{"curve":"stepped"},{"time":0.7333,"curve":"stepped"},{"time":1.3333,"curve":"stepped"},{"time":2.0667}]},"arm1_l":{"rotate":[{},{"time":0.3333,"angle":11.57,"curve":"stepped"},{"time":0.6667,"angle":11.57},{"time":0.7333,"angle":11.92,"curve":"stepped"},{"time":1.3333,"angle":11.92},{"time":1.4,"angle":-9.71,"curve":"stepped"},{"time":1.6667,"angle":-9.71},{"time":2.0667}],"translate":[{},{"time":0.3333,"x":10.97,"y":-8.42},{"time":0.6667,"x":4.32,"y":-7.16},{"time":0.7333,"x":27.43,"y":-21.05,"curve":"stepped"},{"time":1.3333,"x":27.43,"y":-21.05},{"time":1.4,"x":16.3,"y":-10.52,"curve":"stepped"},{"time":1.6667,"x":16.3,"y":-10.52},{"time":2.0667}],"scale":[{"curve":"stepped"},{"time":0.7333,"curve":"stepped"},{"time":1.3333,"curve":"stepped"},{"time":2.0667}]},"hand_l":{"rotate":[{},{"time":0.3333,"angle":-24.72,"curve":"stepped"},{"time":0.6667,"angle":-24.72},{"time":0.7333,"angle":-9.16,"curve":"stepped"},{"time":1.3333,"angle":-9.16,"curve":"stepped"},{"time":1.4,"angle":-9.16,"curve":"stepped"},{"time":1.6667,"angle":-9.16},{"time":2.0667}],"translate":[{},{"time":0.3333,"x":8.65,"y":-16.46},{"time":0.6667,"x":-19.15,"y":-14.15},{"time":0.7333,"x":29.79,"y":-10.19,"curve":"stepped"},{"time":1.3333,"x":29.79,"y":-10.19},{"time":1.4,"x":5.09,"y":-19.19,"curve":"stepped"},{"time":1.6667,"x":5.09,"y":-19.19},{"time":2.0667}],"scale":[{"curve":"stepped"},{"time":0.7333,"curve":"stepped"},{"time":1.3333,"curve":"stepped"},{"time":2.0667}]},"shoulder_l":{"rotate":[{"curve":"stepped"},{"time":0.6667},{"time":0.7333,"angle":-18.78},{"time":2.0667}],"translate":[{"curve":"stepped"},{"time":2.0667}],"scale":[{"curve":"stepped"},{"time":0.7333,"curve":"stepped"},{"time":1.3333,"curve":"stepped"},{"time":2.0667}]},"waist":{"rotate":[{"curve":"stepped"},{"time":2.0667}],"translate":[{"curve":"stepped"},{"time":2.0667}],"scale":[{"curve":"stepped"},{"time":0.7333,"curve":"stepped"},{"time":1.3333,"curve":"stepped"},{"time":2.0667}]},"manteau":{"rotate":[{"curve":0.063,"c2":0.45,"c3":0.75},{"time":0.6667,"angle":0.45},{"time":0.7333,"angle":-12.45},{"time":1.3333,"angle":-6.94},{"time":1.4,"angle":-4.49},{"time":2.0667}],"translate":[{"curve":"stepped"},{"time":2.0667}],"scale":[{"curve":"stepped"},{"time":0.7333,"curve":"stepped"},{"time":1.3333,"curve":"stepped"},{"time":2.0667}]},"bone3":{"rotate":[{"curve":0.063,"c2":0.45,"c3":0.75},{"time":0.6667,"angle":-2.72},{"time":0.7333,"angle":-11.93},{"time":1.3333,"angle":-6.69},{"time":1.4,"angle":-3.41},{"time":2.0667}],"translate":[{"curve":"stepped"},{"time":2.0667}],"scale":[{"curve":"stepped"},{"time":0.7333,"curve":"stepped"},{"time":1.3333,"curve":"stepped"},{"time":2.0667}]},"bone4":{"rotate":[{"curve":0.063,"c2":0.45,"c3":0.75},{"time":0.6667,"angle":-6.14},{"time":0.7333,"angle":-5.09},{"time":1.3333,"angle":-3.23},{"time":1.4,"angle":2.18},{"time":2.0667}],"translate":[{"curve":"stepped"},{"time":2.0667}],"scale":[{"curve":"stepped"},{"time":0.7333,"curve":"stepped"},{"time":1.3333,"curve":"stepped"},{"time":2.0667}]},"bone5":{"rotate":[{"curve":0.063,"c2":0.45,"c3":0.75},{"time":0.6667,"angle":-4.39},{"time":0.7333,"angle":19.84},{"time":1.3333,"angle":10.26},{"time":1.4,"angle":14.08},{"time":2.0667}],"translate":[{"curve":"stepped"},{"time":2.0667}],"scale":[{"curve":"stepped"},{"time":0.7333,"curve":"stepped"},{"time":1.3333,"curve":"stepped"},{"time":2.0667}]},"bone6":{"rotate":[{"curve":0.063,"c2":0.45,"c3":0.75},{"time":0.6667,"angle":-15.29},{"time":0.7333,"angle":50.35},{"time":1.3333,"angle":27.29},{"time":1.4,"angle":1.36},{"time":2.0667}],"translate":[{"curve":"stepped"},{"time":2.0667}],"scale":[{"curve":"stepped"},{"time":0.7333,"curve":"stepped"},{"time":1.3333,"curve":"stepped"},{"time":2.0667}]},"bone7":{"rotate":[{"curve":0.063,"c2":0.45,"c3":0.75},{"time":0.6667,"angle":-16.28},{"time":0.7333,"angle":24.64},{"time":1.3333,"angle":15.1},{"time":1.4,"angle":-52.77},{"time":2.0667}],"translate":[{"curve":"stepped"},{"time":2.0667}],"scale":[{"curve":"stepped"},{"time":0.7333,"curve":"stepped"},{"time":1.3333,"curve":"stepped"},{"time":2.0667}]},"bone8":{"rotate":[{"curve":0.063,"c2":0.45,"c3":0.75},{"time":0.6667,"angle":23.54},{"time":0.7333,"angle":-14.53},{"time":1.3333,"angle":-5.73},{"time":1.4,"angle":-18.56},{"time":2.0667}],"translate":[{"curve":"stepped"},{"time":2.0667}],"scale":[{"curve":"stepped"},{"time":0.7333,"curve":"stepped"},{"time":1.3333,"curve":"stepped"},{"time":2.0667}]},"rightfoot1":{"rotate":[{"curve":"stepped"},{"time":2.0667}],"translate":[{"curve":"stepped"},{"time":2.0667}],"scale":[{"curve":"stepped"},{"time":0.7333,"curve":"stepped"},{"time":1.3333,"curve":"stepped"},{"time":2.0667}]},"leg2_r":{"rotate":[{"curve":"stepped"},{"time":2.0667}],"translate":[{"curve":"stepped"},{"time":2.0667}],"scale":[{"curve":"stepped"},{"time":0.7333,"curve":"stepped"},{"time":1.3333,"curve":"stepped"},{"time":2.0667}]},"leg1_r":{"rotate":[{"curve":"stepped"},{"time":2.0667}],"translate":[{"curve":"stepped"},{"time":2.0667}],"scale":[{"curve":"stepped"},{"time":0.7333,"curve":"stepped"},{"time":1.3333,"curve":"stepped"},{"time":2.0667}]},"rightfoot2":{"rotate":[{"curve":"stepped"},{"time":2.0667}],"translate":[{"curve":"stepped"},{"time":2.0667}],"scale":[{"curve":"stepped"},{"time":0.7333,"curve":"stepped"},{"time":1.3333,"curve":"stepped"},{"time":2.0667}]},"leg_r":{"rotate":[{"curve":"stepped"},{"time":2.0667}],"translate":[{"curve":"stepped"},{"time":2.0667}],"scale":[{"curve":"stepped"},{"time":0.7333,"curve":"stepped"},{"time":1.3333,"curve":"stepped"},{"time":2.0667}]},"left foot_!":{"rotate":[{"curve":"stepped"},{"time":2.0667}],"translate":[{"curve":"stepped"},{"time":2.0667}],"scale":[{"curve":"stepped"},{"time":0.7333,"curve":"stepped"},{"time":1.3333,"curve":"stepped"},{"time":2.0667}]},"leg2_l":{"rotate":[{},{"time":0.3333,"angle":10.37,"curve":"stepped"},{"time":0.6667,"angle":10.37},{"time":0.7333,"angle":-28.05,"curve":"stepped"},{"time":1.3333,"angle":-28.05},{"time":1.4,"angle":-26.52,"curve":"stepped"},{"time":1.6667,"angle":-26.52},{"time":2.0667}],"translate":[{"curve":"stepped"},{"time":2.0667}],"scale":[{"curve":"stepped"},{"time":0.7333,"curve":"stepped"},{"time":1.3333,"curve":"stepped"},{"time":2.0667}]},"leg1_l":{"rotate":[{},{"time":0.3333,"angle":27.39,"curve":"stepped"},{"time":0.6667,"angle":27.39},{"time":0.7333,"angle":21.9,"curve":"stepped"},{"time":1.3333,"angle":21.9},{"time":1.4,"angle":13.41},{"time":1.6667,"angle":9.54},{"time":2.0667}],"translate":[{},{"time":0.7333,"x":14.61,"y":-0.3},{"time":1.3333,"x":4.49,"y":4.41},{"time":1.4,"x":27.9,"y":-0.56,"curve":"stepped"},{"time":1.6667,"x":27.9,"y":-0.56},{"time":2.0667}],"scale":[{"curve":"stepped"},{"time":0.7333,"curve":"stepped"},{"time":1.3333,"curve":"stepped"},{"time":2.0667}]},"leftfoot2":{"rotate":[{"curve":"stepped"},{"time":2.0667}],"translate":[{"curve":"stepped"},{"time":2.0667}],"scale":[{"curve":"stepped"},{"time":0.7333,"curve":"stepped"},{"time":1.3333,"curve":"stepped"},{"time":2.0667}]},"leg":{"rotate":[{},{"time":0.3333,"angle":-42.2,"curve":"stepped"},{"time":0.6667,"angle":-42.2},{"time":0.7333,"angle":-3.52,"curve":"stepped"},{"time":1.3333,"angle":-3.52},{"time":1.4,"angle":4.72},{"time":1.6667,"angle":7.48},{"time":2.0667}],"translate":[{},{"time":1.4,"x":6.5,"y":-8.93,"curve":"stepped"},{"time":1.6667,"x":6.5,"y":-8.93},{"time":2.0667}],"scale":[{"curve":"stepped"},{"time":0.7333,"curve":"stepped"},{"time":1.3333,"curve":"stepped"},{"time":2.0667}]},"tail4":{"rotate":[{"curve":"stepped"},{"time":2.0667}],"translate":[{"curve":"stepped"},{"time":2.0667}],"scale":[{"curve":"stepped"},{"time":0.7333,"curve":"stepped"},{"time":1.3333,"curve":"stepped"},{"time":2.0667}]},"bone2":{"rotate":[{"curve":"stepped"},{"time":2.0667}],"translate":[{"curve":"stepped"},{"time":2.0667}],"scale":[{"curve":"stepped"},{"time":0.7333,"curve":"stepped"},{"time":1.3333,"curve":"stepped"},{"time":2.0667}]},"bone9":{"rotate":[{"curve":"stepped"},{"time":1.3333},{"time":1.4,"angle":8.11},{"time":2.0667}],"translate":[{"curve":"stepped"},{"time":2.0667}],"scale":[{"curve":"stepped"},{"time":0.7333,"curve":"stepped"},{"time":1.3333,"curve":"stepped"},{"time":2.0667}]},"bone10":{"rotate":[{},{"time":1.4,"angle":14.35},{"time":2.0667}],"translate":[{"curve":"stepped"},{"time":2.0667}],"scale":[{"curve":"stepped"},{"time":0.7333,"curve":"stepped"},{"time":1.3333,"curve":"stepped"},{"time":2.0667}]},"bone11":{"rotate":[{"curve":"stepped"},{"time":2.0667}],"translate":[{"curve":"stepped"},{"time":2.0667}],"scale":[{"curve":"stepped"},{"time":0.7333,"curve":"stepped"},{"time":1.3333,"curve":"stepped"},{"time":2.0667}]},"tail3":{"rotate":[{"curve":"stepped"},{"time":2.0667}],"translate":[{"curve":"stepped"},{"time":2.0667}],"scale":[{"curve":"stepped"},{"time":0.7333,"curve":"stepped"},{"time":1.3333,"curve":"stepped"},{"time":2.0667}]},"bone12":{"rotate":[{"curve":"stepped"},{"time":1.3333},{"time":1.4,"angle":6.73},{"time":2.0667}],"translate":[{"curve":"stepped"},{"time":2.0667}],"scale":[{"curve":"stepped"},{"time":0.7333,"curve":"stepped"},{"time":1.3333,"curve":"stepped"},{"time":2.0667}]},"bone13":{"rotate":[{"curve":"stepped"},{"time":2.0667}],"translate":[{"curve":"stepped"},{"time":2.0667}],"scale":[{"curve":"stepped"},{"time":0.7333,"curve":"stepped"},{"time":1.3333,"curve":"stepped"},{"time":2.0667}]},"bone14":{"rotate":[{},{"time":1.4,"angle":23.47},{"time":2.0667}],"translate":[{"curve":"stepped"},{"time":2.0667}],"scale":[{"curve":"stepped"},{"time":0.7333,"curve":"stepped"},{"time":1.3333,"curve":"stepped"},{"time":2.0667}]},"bone15":{"rotate":[{"curve":"stepped"},{"time":2.0667}],"translate":[{"curve":"stepped"},{"time":2.0667}],"scale":[{"curve":"stepped"},{"time":0.7333,"curve":"stepped"},{"time":1.3333,"curve":"stepped"},{"time":2.0667}]},"bone16":{"rotate":[{"curve":"stepped"},{"time":2.0667}],"translate":[{"curve":"stepped"},{"time":2.0667}],"scale":[{"curve":"stepped"},{"time":0.7333,"curve":"stepped"},{"time":1.3333,"curve":"stepped"},{"time":2.0667}]},"tail2":{"rotate":[{"curve":"stepped"},{"time":2.0667}],"translate":[{"curve":"stepped"},{"time":2.0667}],"scale":[{"curve":"stepped"},{"time":0.7333,"curve":"stepped"},{"time":1.3333,"curve":"stepped"},{"time":2.0667}]},"bone17":{"rotate":[{"curve":"stepped"},{"time":2.0667}],"translate":[{"curve":"stepped"},{"time":2.0667}],"scale":[{"curve":"stepped"},{"time":0.7333,"curve":"stepped"},{"time":1.3333,"curve":"stepped"},{"time":2.0667}]},"bone18":{"rotate":[{},{"time":1.4,"angle":7.57},{"time":2.0667}],"translate":[{"curve":"stepped"},{"time":2.0667}],"scale":[{"curve":"stepped"},{"time":0.7333,"curve":"stepped"},{"time":1.3333,"curve":"stepped"},{"time":2.0667}]},"bone19":{"rotate":[{"curve":"stepped"},{"time":2.0667}],"translate":[{"curve":"stepped"},{"time":2.0667}],"scale":[{"curve":"stepped"},{"time":0.7333,"curve":"stepped"},{"time":1.3333,"curve":"stepped"},{"time":2.0667}]},"bone20":{"rotate":[{"curve":"stepped"},{"time":2.0667}],"translate":[{"curve":"stepped"},{"time":2.0667}],"scale":[{"curve":"stepped"},{"time":0.7333,"curve":"stepped"},{"time":1.3333,"curve":"stepped"},{"time":2.0667}]},"tail1":{"rotate":[{"curve":"stepped"},{"time":2.0667}],"translate":[{"curve":"stepped"},{"time":2.0667}],"scale":[{"curve":"stepped"},{"time":0.7333,"curve":"stepped"},{"time":1.3333,"curve":"stepped"},{"time":2.0667}]},"bone21":{"rotate":[{"curve":"stepped"},{"time":2.0667}],"translate":[{"curve":"stepped"},{"time":2.0667}],"scale":[{"curve":"stepped"},{"time":0.7333,"curve":"stepped"},{"time":1.3333,"curve":"stepped"},{"time":2.0667}]},"bone22":{"rotate":[{"curve":"stepped"},{"time":2.0667}],"translate":[{"curve":"stepped"},{"time":2.0667}],"scale":[{"curve":"stepped"},{"time":0.7333,"curve":"stepped"},{"time":1.3333,"curve":"stepped"},{"time":2.0667}]},"bone23":{"rotate":[{"curve":"stepped"},{"time":2.0667}],"translate":[{"curve":"stepped"},{"time":2.0667}],"scale":[{"curve":"stepped"},{"time":0.7333,"curve":"stepped"},{"time":1.3333,"curve":"stepped"},{"time":2.0667}]},"waist_l":{"rotate":[{"curve":"stepped"},{"time":0.6667},{"time":0.7333,"angle":-31.95},{"time":1.3333,"angle":-26.75},{"time":1.7,"angle":-21},{"time":2.0667}],"translate":[{"curve":"stepped"},{"time":2.0667}],"scale":[{"curve":"stepped"},{"time":0.7333,"curve":"stepped"},{"time":1.3333,"curve":"stepped"},{"time":2.0667}]},"waist_r":{"rotate":[{"curve":"stepped"},{"time":2.0667}],"translate":[{"curve":"stepped"},{"time":2.0667}],"scale":[{"curve":"stepped"},{"time":0.7333,"curve":"stepped"},{"time":1.3333,"curve":"stepped"},{"time":2.0667}]},"neck":{"rotate":[{"curve":"stepped"},{"time":0.7333},{"time":0.8333,"angle":6.75},{"time":1.3333,"angle":1.24},{"time":1.4,"angle":10.12},{"time":2.0667}],"translate":[{"curve":"stepped"},{"time":0.7333,"curve":"stepped"},{"time":1.3333,"curve":"stepped"},{"time":2.0667}],"scale":[{"curve":"stepped"},{"time":0.7333,"curve":"stepped"},{"time":1.3333,"curve":"stepped"},{"time":2.0667}]},"fog":{"translate":[{"time":0.6667}],"scale":[{"time":0.6667},{"time":0.7667,"x":1.389,"y":1.389},{"time":1.8,"x":1.733,"y":1.733}]},"effect_swing":{"rotate":[{"time":0.7,"angle":-8.4}],"translate":[{"time":0.7,"x":-266.26,"y":-216.33},{"time":0.7333,"x":454.85,"y":-38.83}],"scale":[{"time":0.7,"x":0.701,"y":0.701},{"time":0.7333,"x":1.569,"y":1.569}]}},"ik":{"left foot_!":[{"mix":0,"curve":"stepped"},{"time":2.0667,"mix":0}],"leftfoot2":[{"mix":0,"curve":"stepped"},{"time":2.0667,"mix":0}]},"deform":{"default":{"leg1_l":{"leg1_l":[{},{"time":0.6667,"vertices":[-12.35332,14.73706,-24.01569,20.55893,-4.80313,4.11177,6.17142,1.37553,11.31291,4.46481,18.17186,2.75465,23.65936,1.38659,19.54738,-3.41653,48.01344,-11.9711,64.47485,-16.07543,6.52068,-8.91116,-18.16087,-20.24214,0,0,-25.02716,-6.87341]},{"time":0.7333,"vertices":[-11.76507,14.0353,-22.87208,19.57993,-4.57441,3.91598,5.87754,1.31003,10.7742,4.2522,17.30653,2.62348,22.53273,1.32056,13.00707,-1.1292,23.21774,11.02165,37.60625,6.53174,7.4992,-7.90604,-2.66373,-17.33731,13.47057,4.51898,1.1086,0.04111,10.31193,4.64633],"curve":"stepped"},{"time":1.3,"vertices":[-11.76507,14.0353,-22.87208,19.57993,-4.57441,3.91598,5.87754,1.31003,10.7742,4.2522,17.30653,2.62348,22.53273,1.32056,13.00707,-1.1292,23.21774,11.02165,37.60625,6.53174,7.4992,-7.90604,-2.66373,-17.33731,13.47057,4.51898,1.1086,0.04111,10.31193,4.64633],"curve":"stepped"},{"time":1.3333,"vertices":[-11.76507,14.0353,-22.87208,19.57993,-4.57441,3.91598,5.87754,1.31003,10.7742,4.2522,17.30653,2.62348,22.53273,1.32056,13.00707,-1.1292,23.21774,11.02165,37.60625,6.53174,7.4992,-7.90604,-2.66373,-17.33731,13.47057,4.51898,1.1086,0.04111,10.31193,4.64633]},{"time":1.6667,"vertices":[-6.41731,7.65562,-12.47568,10.67996,-9.76238,6.02777,-11.31453,16.74203,-8.18366,3.79811,-2.4305,7.5128,12.29058,0.7203,7.09477,-0.61593,12.66422,6.01181,20.5125,3.56277,4.09047,-4.31239,-1.45294,-9.45671,7.34759,2.4649,0.60469,0.02242,5.62469,2.53436]},{"time":2.0667}]},"leg2_l":{"leg2_l":[{},{"time":0.7333,"offset":6,"vertices":[48.50322,7.0751,14.24817,10.5267,0,0,-59.89577,15.37082,-56.55553,9.14096,-52.0235,5.47495]},{"time":1.3333,"offset":6,"vertices":[39.38063,20.54788,14.24817,10.5267,0,0,-59.89577,15.37082,-56.55553,9.14096,-52.0235,5.47495]},{"time":1.6667,"offset":6,"vertices":[56.80777,4.36302,7.77173,5.74184,0,0,-32.67042,8.38408,-64.32143,13.97811,-61.26502,0.59488]},{"time":2.0667}]}}}},"idle":{"bones":{"root":{"rotate":[{"curve":"stepped"},{"time":1}],"translate":[{"curve":"stepped"},{"time":1}],"scale":[{"curve":"stepped"},{"time":1}]},"body":{"rotate":[{"curve":0.438,"c2":0.01,"c3":0.315,"c4":0.98},{"time":0.5,"angle":4.16,"curve":0.699,"c2":0.24,"c3":0.684},{"time":1}],"translate":[{"curve":0.529,"c2":0.01,"c3":0.345},{"time":0.5,"y":-37.82,"curve":0.57,"c2":0.01,"c3":0.542},{"time":1}],"scale":[{"curve":"stepped"},{"time":1}]},"head":{"rotate":[{},{"time":0.5,"angle":4.26},{"time":1}],"translate":[{},{"time":0.5,"x":-8.91,"y":1.35},{"time":1}],"scale":[{"curve":"stepped"},{"time":1}]},"mouth":{"rotate":[{},{"time":0.5,"angle":11.61},{"time":1}],"translate":[{"curve":"stepped"},{"time":1}],"scale":[{"curve":"stepped"},{"time":1}]},"arm2_r":{"rotate":[{"curve":"stepped"},{"time":1}],"translate":[{"curve":"stepped"},{"time":1}],"scale":[{"curve":"stepped"},{"time":1}]},"arm1_r":{"rotate":[{"curve":0.539,"c2":0.03,"c3":0.529,"c4":0.98},{"time":0.5,"angle":-2.15,"curve":0.723,"c3":0.593,"c4":0.99},{"time":1}],"translate":[{"curve":"stepped"},{"time":1}],"scale":[{"curve":"stepped"},{"time":1}]},"hand_r":{"rotate":[{"curve":0.539,"c2":0.03,"c3":0.529,"c4":0.98},{"time":0.5,"angle":-2.56,"curve":0.723,"c3":0.593,"c4":0.99},{"time":1}],"translate":[{"curve":"stepped"},{"time":1}],"scale":[{"curve":"stepped"},{"time":1}]},"wepon":{"rotate":[{"curve":"stepped"},{"time":1}],"translate":[{"curve":"stepped"},{"time":1}],"scale":[{"curve":"stepped"},{"time":1}]},"shoulder_r":{"rotate":[{},{"time":0.5,"angle":6.37},{"time":1}],"translate":[{"curve":"stepped"},{"time":1}],"scale":[{"curve":"stepped"},{"time":1}]},"arm2_l":{"rotate":[{"curve":0.25,"c3":0.529},{"time":0.5,"angle":-5.47,"curve":0.944,"c2":0.01,"c3":0.621,"c4":0.99},{"time":1}],"translate":[{"curve":"stepped"},{"time":1}],"scale":[{"curve":"stepped"},{"time":1}]},"arm1_l":{"rotate":[{"curve":0.539,"c2":0.03,"c3":0.529,"c4":0.98},{"time":0.5,"angle":-9.47,"curve":0.723,"c3":0.593,"c4":0.99},{"time":1}],"translate":[{"curve":"stepped"},{"time":1}],"scale":[{"curve":"stepped"},{"time":1}]},"hand_l":{"rotate":[{"curve":0.539,"c2":0.03,"c3":0.529,"c4":0.98},{"time":0.5,"angle":16.28,"curve":0.723,"c3":0.593,"c4":0.99},{"time":1}],"translate":[{"curve":"stepped"},{"time":1}],"scale":[{"curve":"stepped"},{"time":1}]},"shoulder_l":{"rotate":[{},{"time":0.5,"angle":-5.26},{"time":1}],"translate":[{"curve":"stepped"},{"time":1}],"scale":[{"curve":"stepped"},{"time":1}]},"waist":{"rotate":[{},{"time":0.5,"angle":-2.78},{"time":1}],"translate":[{"curve":"stepped"},{"time":1}],"scale":[{"curve":"stepped"},{"time":1}]},"manteau":{"rotate":[{"curve":0.536,"c2":0.09,"c3":0.512},{"time":0.5,"angle":-0.83,"curve":0.726,"c2":0.01,"c3":0.75},{"time":1}],"translate":[{"curve":"stepped"},{"time":1}],"scale":[{"curve":0.536,"c2":0.09,"c3":0.512},{"time":0.5,"x":0.938,"curve":0.726,"c2":0.01,"c3":0.75},{"time":1}]},"bone3":{"rotate":[{"curve":0.536,"c2":0.09,"c3":0.512},{"time":0.5,"angle":-3.3,"curve":0.726,"c2":0.01,"c3":0.75},{"time":1}],"translate":[{"curve":"stepped"},{"time":1}],"scale":[{"curve":"stepped"},{"time":1}]},"bone4":{"rotate":[{"curve":0.536,"c2":0.09,"c3":0.512},{"time":0.5,"angle":-5.33,"curve":0.726,"c2":0.01,"c3":0.75},{"time":1}],"translate":[{"curve":"stepped"},{"time":1}],"scale":[{"curve":"stepped"},{"time":1}]},"bone5":{"rotate":[{"curve":0.536,"c2":0.09,"c3":0.512},{"time":0.5,"angle":-0.11,"curve":0.726,"c2":0.01,"c3":0.75},{"time":1}],"translate":[{"curve":"stepped"},{"time":1}],"scale":[{"curve":"stepped"},{"time":1}]},"bone6":{"rotate":[{"curve":0.536,"c2":0.09,"c3":0.512},{"time":0.5,"angle":-7.66,"curve":0.726,"c2":0.01,"c3":0.75},{"time":1}],"translate":[{"curve":"stepped"},{"time":1}],"scale":[{"curve":"stepped"},{"time":1}]},"bone7":{"rotate":[{"curve":0.536,"c2":0.09,"c3":0.512},{"time":0.5,"angle":-16.3,"curve":0.726,"c2":0.01,"c3":0.75},{"time":1}],"translate":[{"curve":"stepped"},{"time":1}],"scale":[{"curve":"stepped"},{"time":1}]},"bone8":{"rotate":[{"curve":0.536,"c2":0.09,"c3":0.512},{"time":0.5,"angle":44.25,"curve":0.726,"c2":0.01,"c3":0.75},{"time":1}],"translate":[{"curve":"stepped"},{"time":1}],"scale":[{"curve":"stepped"},{"time":1}]},"rightfoot1":{"rotate":[{"curve":"stepped"},{"time":1}],"translate":[{"curve":"stepped"},{"time":1}],"scale":[{"curve":"stepped"},{"time":1}]},"leg2_r":{"rotate":[{"curve":"stepped"},{"time":1}],"translate":[{"curve":"stepped"},{"time":1}],"scale":[{"curve":"stepped"},{"time":1}]},"leg1_r":{"rotate":[{"curve":"stepped"},{"time":1}],"translate":[{"curve":"stepped"},{"time":1}],"scale":[{"curve":"stepped"},{"time":1}]},"rightfoot2":{"rotate":[{"curve":"stepped"},{"time":1}],"translate":[{"curve":"stepped"},{"time":1}],"scale":[{"curve":"stepped"},{"time":1}]},"leg_r":{"rotate":[{"curve":"stepped"},{"time":1}],"translate":[{"curve":"stepped"},{"time":1}],"scale":[{"curve":"stepped"},{"time":1}]},"left foot_!":{"rotate":[{"curve":"stepped"},{"time":1}],"translate":[{"curve":"stepped"},{"time":1}],"scale":[{"curve":"stepped"},{"time":1}]},"leg2_l":{"rotate":[{"curve":"stepped"},{"time":1}],"translate":[{"curve":"stepped"},{"time":1}],"scale":[{"curve":"stepped"},{"time":1}]},"leg1_l":{"rotate":[{"curve":"stepped"},{"time":1}],"translate":[{"curve":"stepped"},{"time":1}],"scale":[{"curve":"stepped"},{"time":1}]},"leftfoot2":{"rotate":[{"curve":"stepped"},{"time":1}],"translate":[{"curve":"stepped"},{"time":1}],"scale":[{"curve":"stepped"},{"time":1}]},"leg":{"rotate":[{"curve":"stepped"},{"time":1}],"translate":[{"curve":"stepped"},{"time":1}],"scale":[{"curve":"stepped"},{"time":1}]},"tail4":{"rotate":[{},{"time":0.5,"angle":-5.5},{"time":1}],"translate":[{"curve":"stepped"},{"time":1}],"scale":[{"curve":"stepped"},{"time":1}]},"bone2":{"rotate":[{},{"time":0.5,"angle":3.22},{"time":1}],"translate":[{"curve":"stepped"},{"time":1}],"scale":[{"curve":"stepped"},{"time":1}]},"bone9":{"rotate":[{},{"time":0.5,"angle":5.91},{"time":1}],"translate":[{"curve":"stepped"},{"time":1}],"scale":[{"curve":"stepped"},{"time":1}]},"bone10":{"rotate":[{},{"time":0.5,"angle":8.99},{"time":1}],"translate":[{"curve":"stepped"},{"time":1}],"scale":[{"curve":"stepped"},{"time":1}]},"bone11":{"rotate":[{},{"time":0.5,"angle":3.57},{"time":1}],"translate":[{"curve":"stepped"},{"time":1}],"scale":[{"curve":"stepped"},{"time":1}]},"tail3":{"rotate":[{},{"time":0.5,"angle":-3.3},{"time":1}],"translate":[{"curve":"stepped"},{"time":1}],"scale":[{"curve":"stepped"},{"time":1}]},"bone12":{"rotate":[{},{"time":0.5,"angle":1.67},{"time":1}],"translate":[{"curve":"stepped"},{"time":1}],"scale":[{"curve":"stepped"},{"time":1}]},"bone13":{"rotate":[{},{"time":0.5,"angle":2.6},{"time":1}],"translate":[{"curve":"stepped"},{"time":1}],"scale":[{"curve":"stepped"},{"time":1}]},"bone14":{"rotate":[{},{"time":0.5,"angle":5.18},{"time":1}],"translate":[{},{"time":0.5,"x":15.24,"y":-1.5},{"time":1}],"scale":[{"curve":"stepped"},{"time":1}]},"bone15":{"rotate":[{},{"time":0.5,"angle":5.55},{"time":1}],"translate":[{"curve":"stepped"},{"time":1}],"scale":[{"curve":"stepped"},{"time":1}]},"bone16":{"rotate":[{},{"time":0.5,"angle":4.4},{"time":1}],"translate":[{"curve":"stepped"},{"time":1}],"scale":[{"curve":"stepped"},{"time":1}]},"tail2":{"rotate":[{},{"time":0.5,"angle":0.32},{"time":1}],"translate":[{"curve":"stepped"},{"time":1}],"scale":[{"curve":"stepped"},{"time":1}]},"bone17":{"rotate":[{},{"time":0.5,"angle":-6.26},{"time":1}],"translate":[{"curve":"stepped"},{"time":1}],"scale":[{"curve":"stepped"},{"time":1}]},"bone18":{"rotate":[{},{"time":0.5,"angle":4.7},{"time":1}],"translate":[{"curve":"stepped"},{"time":1}],"scale":[{"curve":"stepped"},{"time":1}]},"bone19":{"rotate":[{},{"time":0.5,"angle":5.51},{"time":1}],"translate":[{},{"time":0.5,"x":25.5,"y":4.11},{"time":1}],"scale":[{"curve":"stepped"},{"time":1}]},"bone20":{"rotate":[{},{"time":0.5,"angle":7.53},{"time":1}],"translate":[{"curve":"stepped"},{"time":1}],"scale":[{"curve":"stepped"},{"time":1}]},"tail1":{"rotate":[{},{"time":0.5,"angle":-2.42},{"time":1}],"translate":[{"curve":"stepped"},{"time":1}],"scale":[{"curve":"stepped"},{"time":1}]},"bone21":{"rotate":[{},{"time":0.5,"angle":-0.68},{"time":1}],"translate":[{"curve":"stepped"},{"time":1}],"scale":[{"curve":"stepped"},{"time":1}]},"bone22":{"rotate":[{},{"time":0.5,"angle":1.13},{"time":1}],"translate":[{"curve":"stepped"},{"time":1}],"scale":[{"curve":"stepped"},{"time":1}]},"bone23":{"rotate":[{},{"time":0.5,"angle":12.1},{"time":1}],"translate":[{"curve":"stepped"},{"time":1}],"scale":[{"curve":"stepped"},{"time":1}]},"waist_l":{"rotate":[{},{"time":0.5,"angle":-11.62},{"time":1}],"translate":[{"curve":"stepped"},{"time":1}],"scale":[{"curve":"stepped"},{"time":1}]},"waist_r":{"rotate":[{},{"time":0.5,"angle":-5.29},{"time":1}],"translate":[{"curve":"stepped"},{"time":1}],"scale":[{"curve":"stepped"},{"time":1}]},"neck":{"rotate":[{},{"time":0.5,"angle":3.14},{"time":1}],"translate":[{"curve":"stepped"},{"time":1}],"scale":[{},{"time":0.5,"x":0.932},{"time":1}]}},"deform":{"default":{"body":{"body":[{"offset":26,"vertices":[-16.51236,9.69805,-2.50354,1.27891,-10.41394,2.47886]},{"time":0.5,"offset":2,"vertices":[-16.61609,-0.91723,0,0,-4.96442,-1.21745,-21.83368,-3.2493,-17.73071,-0.66438,-7.69925,-2.94076,-17.37479,-4.26108,-15.04279,-9.47807,-8.56091,-1.57327,0,0,0,0,0,0,-6.38797,13.16906,-6.28482,8.45795,-10.13449,6.98759,-5.06726,3.49381,-8.5141,8.96369,0,0,-9.16962,0.90882,-23.70673,-6.34007,-6.43478,2.63211,-8.05508,0.65591]},{"time":1,"offset":26,"vertices":[-16.51236,9.69805,-2.50354,1.27891,-10.41394,2.47886]}]},"foot_r":{"foot_r":[{},{"time":0.5,"vertices":[4.87573,2.98068,4.65922,0.70499,0,0,0,0,0,0,0,0,0,0,-5.68888,0.54102,-17.93214,-7.47913]},{"time":1}]},"leg1_l":{"leg1_l":[{},{"time":0.5,"offset":2,"vertices":[-9.90324,-2.78107,0,0,7.56699,6.87216,8.66702,7.18085,8.66713,7.18121,19.49709,6.65997,0,0,19.01457,4.15033,24.03384,3.1853,0,0,-3.47462,-4.53705,-3.78366,-3.43665]},{"time":1}]},"leg1_r":{"leg1_r":[{},{"time":0.5,"vertices":[-21.47301,0.11472,-14.21603,3.48262,0,0,-14.29059,0.92799,-5.10906,0.1489,-5.92242,7.33144,13.36192,-15.21834,13.73444,-2.44568,0,0,14.58812,9.29007,19.21596,10.17792,10.51588,9.92023,-5.51582,3.7402,-16.69611,6.11159]},{"time":1}]},"leg2_l":{"leg2_l":[{},{"time":0.5,"offset":4,"vertices":[-2.42549,-4.13681,26.01093,3.27811,0,0,0,0,-22.77713,2.23654,-40.37082,6.99286,-23.10957,7.9902,-4.37482,-1.14084]},{"time":1}]},"leg2_r":{"leg2_r":[{},{"time":0.5,"offset":8,"vertices":[23.35178,-12.90649,28.06787,21.7394,-2.51221,34.72519,0,0,-3.24075,1.11974,-3.02591,-12.25597,5.8927,10.0555,0.86478,13.00221]},{"time":1}]},"waist":{"waist":[{"vertices":[10.66809,5.33405,0,0,0,0,0,0,0,0,0,0,0,0,0,0,0,0,0,0,0,0,0,0,0,0,0,0,0,0,0,0,0,0,0.88904,7.11206,1.77808,6.22302]},{"time":0.5,"vertices":[0.78482,1.12674,0,0,0,0,0,0,0,0,-4.50803,-2.55869,-6.26403,-1.62698,0,0,0,0,2.43048,-9.83972,0,0,0,0,0,0,7.97726,-1.08154,0,0,5.28957,-1.90598,0,0,0.88904,7.11206,1.77808,6.22302]},{"time":1,"vertices":[10.66809,5.33405,0,0,0,0,0,0,0,0,0,0,0,0,0,0,0,0,0,0,0,0,0,0,0,0,0,0,0,0,0,0,0,0,0.88904,7.11206,1.77808,6.22302]}]}}}},"skill":{"slots":{"attack skill":{"color":[{"time":1.3,"color":"ffffff00","curve":0,"c2":0.3,"c3":0.353,"c4":0.64},{"time":1.4,"color":"ffffffff","curve":0,"c2":0.77,"c3":0.308},{"time":1.8,"color":"ffffff00"}],"attachment":[{"time":1.3,"name":"attack skill"},{"time":1.4,"name":"attack skill"},{"time":1.8,"name":"attack skill"}]},"fog1":{"color":[{"time":1.0333,"color":"ffffff00","curve":0,"c2":0.32,"c3":0.344,"c4":0.65},{"time":1.1667,"color":"ffffffff","curve":0.079,"c2":0.42,"c3":0.537},{"time":1.5,"color":"ffffff00","curve":"stepped"},{"time":2.3333,"color":"ffffff00","curve":0,"c2":0.32,"c3":0.344,"c4":0.65},{"time":2.4667,"color":"ffffffff","curve":0.079,"c2":0.42,"c3":0.537},{"time":3.5,"color":"ffffff00"}],"attachment":[{"time":1.0333,"name":"fog1"},{"time":2.3333,"name":"fog1"}]},"shutterstock_417080953":{"color":[{"time":2.1333,"color":"ffffff00","curve":0,"c2":0.37,"c3":0.497},{"time":2.3333,"color":"ffffffff","curve":0,"c2":0.37,"c3":0.497},{"time":3,"color":"ffffff00"}],"attachment":[{"time":2.1333,"name":"shutterstock_417080953"}]},"sonicboom":{"color":[{"time":2.3333,"color":"ffffff00","curve":0,"c2":0.37,"c3":0.497},{"time":2.5,"color":"ffffffff","curve":0,"c2":0.37,"c3":0.497},{"time":4.0667,"color":"ffffff00"}],"attachment":[{"time":2.3333,"name":"sonicboom"}]},"tail1":{"attachment":[{"time":2.6667,"name":"tail1"}]}},"bones":{"root":{"rotate":[{"curve":"stepped"},{"time":4.0667}],"translate":[{"curve":"stepped"},{"time":4.0667}],"scale":[{"curve":"stepped"},{"time":4.0667}]},"body":{"rotate":[{"curve":0,"c2":0.37,"c3":0.497},{"time":0.5,"angle":6.23,"curve":0,"c2":0.37,"c3":0.497},{"time":1,"angle":6.77,"curve":0.697,"c3":0.272},{"time":1.5,"angle":25.46,"curve":0.784,"c4":0.32},{"time":2.3333,"angle":10.73,"curve":0,"c2":0.37,"c3":0.497},{"time":2.4667,"angle":15.69,"curve":0,"c2":0.37,"c3":0.497},{"time":3.5,"angle":16.94,"curve":0,"c2":0.37,"c3":0.497},{"time":4.0667}],"translate":[{"curve":0,"c2":0.37,"c3":0.497},{"time":0.5,"y":-209.44,"curve":0,"c2":0.37,"c3":0.497},{"time":1,"x":-4.54,"y":-227.59,"curve":0.299,"c2":-0.04,"c3":0.272},{"time":1.5,"x":13.32,"y":1720.98,"curve":0.784,"c4":0.32},{"time":2.3333,"x":-25.62,"y":-252.18,"curve":0,"c2":0.37,"c3":0.497},{"time":2.4667,"x":-39.67,"y":-273.27,"curve":0,"c2":0.37,"c3":0.497},{"time":3.5,"x":-49.17,"y":-297.02,"curve":0,"c2":0.37,"c3":0.497},{"time":4.0667}],"scale":[{"curve":"stepped"},{"time":4.0667}]},"head":{"rotate":[{"curve":0.65,"c3":0.578},{"time":1,"angle":8.95,"curve":0.697,"c3":0.272},{"time":1.5,"angle":9.08,"curve":0.784,"c4":0.32},{"time":2.3333,"angle":3.52,"curve":"stepped"},{"time":2.4667,"angle":3.52,"curve":0,"c2":0.37,"c3":0.497},{"time":3.5,"angle":8.34,"curve":0,"c2":0.37,"c3":0.497},{"time":4.0667}],"translate":[{"curve":0.65,"c3":0.578},{"time":1,"x":-54.5,"y":8.01,"curve":0.697,"c3":0.272},{"time":1.5,"x":-35.13,"y":-21.19,"curve":0.784,"c4":0.32},{"time":2.3333,"x":-20.53,"y":3.07,"curve":"stepped"},{"time":2.4667,"x":-20.53,"y":3.07,"curve":0,"c2":0.37,"c3":0.497},{"time":3.5,"x":-41.96,"y":13.33,"curve":0,"c2":0.37,"c3":0.497},{"time":4.0667}],"scale":[{"curve":"stepped"},{"time":4.0667}]},"mouth":{"rotate":[{"curve":"stepped"},{"time":4.0667}],"translate":[{"curve":"stepped"},{"time":4.0667}],"scale":[{"curve":"stepped"},{"time":4.0667}]},"arm2_r":{"rotate":[{"curve":0,"c2":0.37,"c3":0.497},{"time":0.5,"angle":-39.43,"curve":"stepped"},{"time":1,"angle":-39.43,"curve":0.697,"c3":0.272},{"time":1.5,"angle":13.33,"curve":0.784,"c4":0.32},{"time":2.3333,"angle":17.22,"curve":0,"c2":0.37,"c3":0.497},{"time":2.4667,"angle":-104.87,"curve":0,"c2":0.37,"c3":0.497},{"time":3.5,"angle":235.55,"curve":0,"c2":0.37,"c3":0.497},{"time":4.0667}],"translate":[{"curve":"stepped"},{"time":4.0667}],"scale":[{"curve":"stepped"},{"time":4.0667}]},"arm1_r":{"rotate":[{"curve":0,"c2":0.37,"c3":0.497},{"time":0.5,"angle":23.52,"curve":"stepped"},{"time":1,"angle":23.52,"curve":0.697,"c3":0.272},{"time":1.5,"angle":227.96,"curve":0.784,"c4":0.32},{"time":2.3333,"angle":242.87,"curve":0,"c2":0.29,"c3":0.399,"c4":0.68},{"time":2.4,"angle":-22.02,"curve":0.272,"c2":0.56,"c3":0.635},{"time":2.4667,"angle":-1.33,"curve":"stepped"},{"time":3.5,"angle":-1.33,"curve":0,"c2":0.37,"c3":0.497},{"time":4.0667}],"translate":[{"curve":"stepped"},{"time":2.3333,"curve":0.332,"c2":0.34,"c3":0.665,"c4":0.67},{"time":2.3667,"x":-55.04,"y":-14.12,"curve":0.301,"c2":0.6,"c3":0.65},{"time":4.0667}],"scale":[{"curve":"stepped"},{"time":4.0667}]},"hand_r":{"rotate":[{"curve":0,"c2":0.29,"c3":0.41,"c4":0.7},{"time":1,"angle":-8.44,"curve":0.697,"c3":0.272},{"time":1.5,"angle":-20.48,"curve":0.755,"c3":0.984,"c4":0.32},{"time":2.3333,"angle":-22.48,"curve":0.673,"c2":0.33,"c4":0.66},{"time":2.4,"angle":-24.02,"curve":0.333,"c2":0.66,"c3":0.666},{"time":2.4667,"angle":-25.66,"curve":0,"c2":0.37,"c3":0.497},{"time":3.5,"angle":-4.81,"curve":0,"c2":0.37,"c3":0.497},{"time":4.0667}],"translate":[{"curve":"stepped"},{"time":4.0667}],"scale":[{"curve":"stepped"},{"time":4.0667}]},"wepon":{"rotate":[{"curve":"stepped"},{"time":1.5,"curve":"stepped"},{"time":2.3333,"curve":"stepped"},{"time":4.0667}],"translate":[{"curve":0,"c2":0.3,"c3":0.419,"c4":0.72},{"time":1.5,"x":86.74,"y":-20.23,"curve":0.784,"c4":0.32},{"time":2.3333,"x":29.14,"y":8.64,"curve":0.333,"c2":0.44,"c3":0.667,"c4":0.78},{"time":2.4,"x":174.05,"y":-54.98,"curve":0.333,"c2":0.66,"c3":0.667},{"time":2.4667,"x":-72.27,"y":42.12,"curve":"stepped"},{"time":3.5,"x":-72.27,"y":42.12,"curve":0,"c2":0.37,"c3":0.497},{"time":4.0667}],"scale":[{"curve":"stepped"},{"time":4.0667}]},"shoulder_r":{"rotate":[{"curve":0,"c2":0.37,"c3":0.497},{"time":0.5,"angle":8.17,"curve":"stepped"},{"time":1,"angle":8.17,"curve":"stepped"},{"time":2.3333,"angle":8.17,"curve":"stepped"},{"time":2.4667,"angle":8.17,"curve":"stepped"},{"time":3.5,"angle":8.17,"curve":0,"c2":0.37,"c3":0.497},{"time":4.0667}],"translate":[{"curve":"stepped"},{"time":4.0667}],"scale":[{"curve":"stepped"},{"time":4.0667}]},"arm2_l":{"rotate":[{"curve":0,"c2":0.37,"c3":0.497},{"time":0.5,"angle":-8.2,"curve":"stepped"},{"time":1,"angle":-8.2,"curve":0.697,"c3":0.272},{"time":1.5,"angle":-70.62,"curve":0.784,"c4":0.32},{"time":2.3333,"angle":-43.58,"curve":0,"c2":0.37,"c3":0.497},{"time":2.4667,"angle":-0.72,"curve":"stepped"},{"time":3.5,"angle":-0.72,"curve":0,"c2":0.37,"c3":0.497},{"time":4.0667}],"translate":[{"curve":"stepped"},{"time":4.0667}],"scale":[{"curve":"stepped"},{"time":4.0667}]},"arm1_l":{"rotate":[{"curve":0,"c2":0.37,"c3":0.497},{"time":0.5,"angle":-18.71,"curve":0,"c2":0.37,"c3":0.497},{"time":1,"angle":-24.26,"curve":0.697,"c3":0.272},{"time":1.5,"angle":203.78,"curve":0.784,"c4":0.32},{"time":2.3333,"angle":199.67,"curve":0,"c2":0.37,"c3":0.497},{"time":2.4667,"angle":133.2,"curve":"stepped"},{"time":3.5,"angle":133.2,"curve":0,"c2":0.37,"c3":0.497},{"time":4.0667}],"translate":[{"curve":"stepped"},{"time":0.5,"curve":"stepped"},{"time":1,"curve":0.697,"c3":0.272},{"time":1.5,"x":45.17,"y":28.15,"curve":0.784,"c4":0.32},{"time":2.3333,"x":25.93,"y":-1.07,"curve":0.333,"c2":0.66,"c3":0.667},{"time":2.4667,"x":47.68,"y":-47.94,"curve":"stepped"},{"time":3.5,"x":47.68,"y":-47.94,"curve":0,"c2":0.37,"c3":0.497},{"time":4.0667}],"scale":[{"curve":"stepped"},{"time":0.5,"curve":"stepped"},{"time":1,"curve":"stepped"},{"time":4.0667}]},"hand_l":{"rotate":[{"curve":0,"c2":0.29,"c3":0.41,"c4":0.7},{"time":1,"angle":21.91,"curve":0.697,"c3":0.272},{"time":1.5,"angle":32.81,"curve":0.784,"c4":0.32},{"time":2.4667,"angle":94.24,"curve":"stepped"},{"time":3.5,"angle":94.24,"curve":0,"c2":0.37,"c3":0.497},{"time":4.0667}],"translate":[{"curve":0,"c2":0.37,"c3":0.497},{"time":1.5,"x":-1.59,"y":10.51,"curve":0.784,"c4":0.32},{"time":2.4667,"x":32.98,"y":13.39,"curve":"stepped"},{"time":3.5,"x":32.98,"y":13.39,"curve":0,"c2":0.37,"c3":0.497},{"time":4.0667}],"scale":[{"curve":"stepped"},{"time":4.0667}]},"shoulder_l":{"rotate":[{"curve":0,"c2":0.37,"c3":0.497},{"time":0.5,"angle":-5.13,"curve":"stepped"},{"time":1,"angle":-5.13,"curve":"stepped"},{"time":2.3333,"angle":-5.13,"curve":"stepped"},{"time":2.4667,"angle":-5.13,"curve":"stepped"},{"time":3.5,"angle":-5.13,"curve":0,"c2":0.37,"c3":0.497},{"time":4.0667}],"translate":[{"curve":"stepped"},{"time":4.0667}],"scale":[{"curve":"stepped"},{"time":4.0667}]},"waist":{"rotate":[{"curve":"stepped"},{"time":4.0667}],"translate":[{"curve":"stepped"},{"time":4.0667}],"scale":[{"curve":"stepped"},{"time":4.0667}]},"manteau":{"rotate":[{"curve":"stepped"},{"time":4.0667}],"translate":[{"curve":"stepped"},{"time":4.0667}],"scale":[{"curve":"stepped"},{"time":4.0667}]},"bone3":{"rotate":[{"curve":"stepped"},{"time":4.0667}],"translate":[{"curve":"stepped"},{"time":4.0667}],"scale":[{"curve":"stepped"},{"time":4.0667}]},"bone4":{"rotate":[{"curve":"stepped"},{"time":4.0667}],"translate":[{"curve":"stepped"},{"time":4.0667}],"scale":[{"curve":"stepped"},{"time":4.0667}]},"bone5":{"rotate":[{"curve":"stepped"},{"time":4.0667}],"translate":[{"curve":"stepped"},{"time":4.0667}],"scale":[{"curve":"stepped"},{"time":4.0667}]},"bone6":{"rotate":[{"curve":"stepped"},{"time":4.0667}],"translate":[{"curve":"stepped"},{"time":4.0667}],"scale":[{"curve":"stepped"},{"time":4.0667}]},"bone7":{"rotate":[{"curve":"stepped"},{"time":4.0667}],"translate":[{"curve":"stepped"},{"time":4.0667}],"scale":[{"curve":"stepped"},{"time":4.0667}]},"bone8":{"rotate":[{"curve":"stepped"},{"time":4.0667}],"translate":[{"curve":"stepped"},{"time":4.0667}],"scale":[{"curve":"stepped"},{"time":4.0667}]},"rightfoot1":{"rotate":[{"curve":"stepped"},{"time":4.0667}],"translate":[{"curve":"stepped"},{"time":4.0667}],"scale":[{"curve":"stepped"},{"time":4.0667}]},"leg2_r":{"rotate":[{"curve":0,"c2":0.37,"c3":0.497},{"time":1.5,"angle":-52.43,"curve":0,"c2":0.37,"c3":0.497},{"time":4.0667}],"translate":[{"curve":"stepped"},{"time":4.0667}],"scale":[{"curve":"stepped"},{"time":4.0667}]},"leg1_r":{"rotate":[{"curve":0,"c2":0.37,"c3":0.497},{"time":1.5,"angle":-9.62,"curve":0,"c2":0.37,"c3":0.497},{"time":4.0667}],"translate":[{"curve":"stepped"},{"time":4.0667}],"scale":[{"curve":"stepped"},{"time":4.0667}]},"rightfoot2":{"rotate":[{"curve":"stepped"},{"time":4.0667}],"translate":[{"curve":"stepped"},{"time":4.0667}],"scale":[{"curve":"stepped"},{"time":4.0667}]},"leg_r":{"rotate":[{"curve":0,"c2":0.37,"c3":0.497},{"time":1.5,"angle":-1.59,"curve":0,"c2":0.37,"c3":0.497},{"time":4.0667}],"translate":[{"curve":"stepped"},{"time":4.0667}],"scale":[{"curve":"stepped"},{"time":4.0667}]},"left foot_!":{"rotate":[{"curve":"stepped"},{"time":4.0667}],"translate":[{"curve":"stepped"},{"time":4.0667}],"scale":[{"curve":"stepped"},{"time":4.0667}]},"leg2_l":{"rotate":[{"curve":0,"c2":0.37,"c3":0.497},{"time":1.5,"angle":13.81,"curve":0,"c2":0.37,"c3":0.497},{"time":4.0667}],"translate":[{"curve":"stepped"},{"time":4.0667}],"scale":[{"curve":"stepped"},{"time":4.0667}]},"leg1_l":{"rotate":[{"curve":"stepped"},{"time":4.0667}],"translate":[{"curve":"stepped"},{"time":4.0667}],"scale":[{"curve":"stepped"},{"time":4.0667}]},"leftfoot2":{"rotate":[{"curve":"stepped"},{"time":4.0667}],"translate":[{"curve":"stepped"},{"time":4.0667}],"scale":[{"curve":"stepped"},{"time":4.0667}]},"leg":{"rotate":[{"curve":0,"c2":0.37,"c3":0.497},{"time":1.5,"angle":14.71,"curve":0,"c2":0.37,"c3":0.497},{"time":4.0667}],"translate":[{"curve":"stepped"},{"time":4.0667}],"scale":[{"curve":"stepped"},{"time":4.0667}]},"tail4":{"rotate":[{"curve":0,"c2":0.37,"c3":0.497},{"time":1.5,"angle":-11.93,"curve":0,"c2":0.29,"c3":0.389,"c4":0.67},{"time":2.6667,"angle":-19.15,"curve":0.341,"c3":0.77},{"time":4.0667}],"translate":[{"curve":"stepped"},{"time":4.0667}],"scale":[{"curve":"stepped"},{"time":4.0667}]},"bone2":{"rotate":[{"curve":0,"c2":0.29,"c3":0.38,"c4":0.66},{"time":0.5,"angle":3.55,"curve":"stepped"},{"time":1,"angle":3.55,"curve":0.697,"c3":0.272},{"time":1.5,"angle":-22.53,"curve":0.784,"c4":0.32},{"time":2.3333,"angle":20.96,"curve":0,"c2":0.59,"c3":0.615},{"time":2.6667,"angle":-12.7,"curve":0.341,"c3":0.77},{"time":4.0667}],"translate":[{"curve":"stepped"},{"time":4.0667}],"scale":[{"curve":"stepped"},{"time":4.0667}]},"bone9":{"rotate":[{"curve":0,"c2":0.29,"c3":0.38,"c4":0.66},{"time":0.5,"angle":14.88,"curve":"stepped"},{"time":1,"angle":14.88,"curve":0.697,"c3":0.272},{"time":1.5,"angle":-26.25,"curve":0.784,"c4":0.32},{"time":2.3333,"angle":26.47,"curve":0,"c2":0.59,"c3":0.615},{"time":2.6667,"angle":-1.37,"curve":0.341,"c3":0.77},{"time":4.0667}],"translate":[{"curve":"stepped"},{"time":4.0667}],"scale":[{"curve":"stepped"},{"time":4.0667}]},"bone10":{"rotate":[{"curve":0,"c2":0.29,"c3":0.38,"c4":0.66},{"time":0.5,"angle":12.43,"curve":"stepped"},{"time":1,"angle":12.43,"curve":0.697,"c3":0.272},{"time":1.5,"angle":-22.42,"curve":0.784,"c4":0.32},{"time":2.3333,"angle":12.43,"curve":0,"c2":0.59,"c3":0.615},{"time":2.6667,"angle":-3.81,"curve":0.341,"c3":0.77},{"time":4.0667}],"translate":[{"curve":"stepped"},{"time":4.0667}],"scale":[{"curve":"stepped"},{"time":4.0667}]},"bone11":{"rotate":[{"curve":0,"c2":0.29,"c3":0.38,"c4":0.66},{"time":0.5,"angle":56.64,"curve":"stepped"},{"time":1,"angle":56.64,"curve":0.697,"c3":0.272},{"time":1.5,"angle":-20.19,"curve":0.784,"c4":0.32},{"time":2.3333,"angle":56.64,"curve":0,"c2":0.59,"c3":0.615},{"time":2.6667,"angle":-2.71,"curve":0.341,"c3":0.77},{"time":4.0667}],"translate":[{"curve":"stepped"},{"time":4.0667}],"scale":[{"curve":"stepped"},{"time":4.0667}]},"tail3":{"rotate":[{"curve":0,"c2":0.37,"c3":0.497},{"time":1.5,"angle":-14.15,"curve":0,"c2":0.29,"c3":0.389,"c4":0.67},{"time":2.6667,"angle":-19.69,"curve":0.341,"c3":0.77},{"time":4.0667}],"translate":[{"curve":"stepped"},{"time":4.0667}],"scale":[{"curve":"stepped"},{"time":4.0667}]},"bone12":{"rotate":[{"curve":0,"c2":0.37,"c3":0.497},{"time":1.5,"angle":-23.49,"curve":0.784,"c4":0.32},{"time":2.3333,"angle":-6.7,"curve":0,"c2":0.59,"c3":0.344,"c4":0.65},{"time":2.6667,"angle":-20.75,"curve":0.341,"c3":0.77},{"time":4.0667}],"translate":[{"curve":"stepped"},{"time":4.0667}],"scale":[{"curve":"stepped"},{"time":4.0667}]},"bone13":{"rotate":[{"curve":0,"c2":0.29,"c3":0.38,"c4":0.66},{"time":0.5,"angle":19.24,"curve":"stepped"},{"time":1,"angle":19.24,"curve":0.697,"c3":0.272},{"time":1.5,"angle":-20.56,"curve":0.784,"c4":0.32},{"time":2.3333,"angle":19.24,"curve":0,"c2":0.59,"c3":0.615},{"time":2.6667,"angle":3,"curve":0.341,"c3":0.77},{"time":4.0667}],"translate":[{"curve":"stepped"},{"time":4.0667}],"scale":[{"curve":"stepped"},{"time":4.0667}]},"bone14":{"rotate":[{"curve":0,"c2":0.29,"c3":0.38,"c4":0.66},{"time":0.5,"angle":19.03,"curve":"stepped"},{"time":1,"angle":19.03,"curve":0.697,"c3":0.272},{"time":1.5,"angle":-21.19,"curve":0.784,"c4":0.32},{"time":2.3333,"angle":19.03,"curve":0,"c2":0.59,"c3":0.615},{"time":2.6667,"angle":2.79,"curve":0.341,"c3":0.77},{"time":4.0667}],"translate":[{"curve":"stepped"},{"time":4.0667}],"scale":[{"curve":"stepped"},{"time":4.0667}]},"bone15":{"rotate":[{"curve":0,"c2":0.29,"c3":0.38,"c4":0.66},{"time":0.5,"angle":23.86,"curve":"stepped"},{"time":1,"angle":23.86,"curve":0.697,"c3":0.272},{"time":1.5,"angle":-22.35,"curve":0.784,"c4":0.32},{"time":2.3333,"angle":23.86,"curve":0,"c2":0.59,"c3":0.615},{"time":2.6667,"angle":7.62,"curve":0.341,"c3":0.77},{"time":4.0667}],"translate":[{"curve":"stepped"},{"time":4.0667}],"scale":[{"curve":"stepped"},{"time":4.0667}]},"bone16":{"rotate":[{"curve":0,"c2":0.29,"c3":0.38,"c4":0.66},{"time":0.5,"angle":41.74,"curve":"stepped"},{"time":1,"angle":41.74,"curve":0.697,"c3":0.272},{"time":1.5,"angle":-22.8,"curve":0.784,"c4":0.32},{"time":2.3333,"angle":41.74,"curve":0,"c2":0.59,"c3":0.615},{"time":2.6667,"angle":-19.44,"curve":0.341,"c3":0.77},{"time":4.0667}],"translate":[{"curve":"stepped"},{"time":4.0667}],"scale":[{"curve":"stepped"},{"time":4.0667}]},"tail2":{"rotate":[{"curve":0,"c2":0.37,"c3":0.497},{"time":1.5,"angle":-38.54,"curve":0.784,"c4":0.32},{"time":2.3333,"angle":-23.68,"curve":0,"c2":0.59,"c3":0.344,"c4":0.65},{"time":2.6667,"angle":-32.18,"curve":0.341,"c3":0.77},{"time":4.0667}],"translate":[{"curve":"stepped"},{"time":4.0667}],"scale":[{"curve":"stepped"},{"time":4.0667}]},"bone17":{"rotate":[{"curve":0,"c2":0.37,"c3":0.497},{"time":1.5,"angle":-25.94,"curve":0.784,"c4":0.32},{"time":2.3333,"angle":6.38,"curve":0,"c2":0.59,"c3":0.344,"c4":0.65},{"time":2.6667,"angle":-11.94,"curve":0.341,"c3":0.77},{"time":4.0667}],"translate":[{"curve":"stepped"},{"time":4.0667}],"scale":[{"curve":"stepped"},{"time":4.0667}]},"bone18":{"rotate":[{"curve":0,"c2":0.37,"c3":0.497},{"time":1.5,"angle":-17.47,"curve":0.784,"c4":0.32},{"time":2.3333,"angle":18.6,"curve":0,"c2":0.59,"c3":0.344,"c4":0.65},{"time":2.6667,"angle":-3.73,"curve":0.341,"c3":0.77},{"time":4.0667}],"translate":[{"curve":"stepped"},{"time":4.0667}],"scale":[{"curve":"stepped"},{"time":4.0667}]},"bone19":{"rotate":[{"curve":0,"c2":0.37,"c3":0.497},{"time":1.5,"angle":-11.45,"curve":0.784,"c4":0.32},{"time":2.3333,"angle":16.55,"curve":0,"c2":0.59,"c3":0.344,"c4":0.65},{"time":2.6667,"angle":-5.1,"curve":0.341,"c3":0.77},{"time":4.0667}],"translate":[{"curve":"stepped"},{"time":4.0667}],"scale":[{"curve":"stepped"},{"time":4.0667}]},"bone20":{"rotate":[{"curve":0,"c2":0.37,"c3":0.497},{"time":1.5,"angle":-24.96,"curve":0.784,"c4":0.32},{"time":2.3333,"angle":33.57,"curve":0,"c2":0.59,"c3":0.344,"c4":0.65},{"time":2.6667,"angle":-12.61,"curve":0.341,"c3":0.77},{"time":4.0667}],"translate":[{"curve":"stepped"},{"time":4.0667}],"scale":[{"curve":"stepped"},{"time":4.0667}]},"tail1":{"rotate":[{"curve":0,"c2":0.3,"c3":0.426,"c4":0.74},{"time":2.6667,"angle":-16.24,"curve":0.341,"c3":0.77},{"time":4.0667}],"translate":[{"curve":"stepped"},{"time":4.0667}],"scale":[{"curve":"stepped"},{"time":4.0667}]},"bone21":{"rotate":[{"curve":0,"c2":0.3,"c3":0.426,"c4":0.74},{"time":2.6667,"angle":-16.24,"curve":0.341,"c3":0.77},{"time":4.0667}],"translate":[{"curve":"stepped"},{"time":4.0667}],"scale":[{"curve":"stepped"},{"time":4.0667}]},"bone22":{"rotate":[{"curve":0,"c2":0.3,"c3":0.426,"c4":0.74},{"time":2.6667,"angle":-16.24,"curve":0.341,"c3":0.77},{"time":4.0667}],"translate":[{"curve":"stepped"},{"time":4.0667}],"scale":[{"curve":"stepped"},{"time":4.0667}]},"bone23":{"rotate":[{"curve":0,"c2":0.3,"c3":0.426,"c4":0.74},{"time":2.6667,"angle":-16.24,"curve":0.341,"c3":0.77},{"time":4.0667}],"translate":[{"curve":"stepped"},{"time":4.0667}],"scale":[{"curve":"stepped"},{"time":4.0667}]},"waist_l":{"rotate":[{"curve":0,"c2":0.37,"c3":0.497},{"time":0.5,"angle":288.95,"curve":"stepped"},{"time":1,"angle":288.95,"curve":0,"c2":0.69,"c3":0.408,"c4":0.8},{"time":1.5,"angle":-21.69,"curve":0.192,"c2":0.43,"c3":0.201},{"time":2.3333,"angle":288.95,"curve":"stepped"},{"time":2.4667,"angle":288.95,"curve":0,"c2":0.32,"c3":0.339,"c4":0.66},{"time":2.5,"angle":252.67,"curve":0.046,"c2":0.4,"c3":0.52},{"time":3.5,"angle":288.95,"curve":0,"c2":0.37,"c3":0.497},{"time":4.0667}],"translate":[{"curve":0,"c2":0.29,"c3":0.384,"c4":0.66},{"time":1.5,"x":15.47,"y":-19.82,"curve":0.242,"c2":0.54,"c3":0.62},{"time":4.0667}],"scale":[{"curve":"stepped"},{"time":4.0667}]},"waist_r":{"rotate":[{"curve":"stepped"},{"time":1.5,"curve":0.282,"c2":0.36,"c3":0.622,"c4":0.71},{"time":2.3333,"angle":43.81,"curve":0.327,"c2":0.35,"c3":0.661,"c4":0.68},{"time":2.5,"angle":7.95,"curve":0.307,"c2":0.61,"c3":0.653},{"time":4.0667}],"translate":[{"curve":"stepped"},{"time":4.0667}],"scale":[{"curve":"stepped"},{"time":4.0667}]},"neck":{"rotate":[{"curve":"stepped"},{"time":4.0667}],"translate":[{"curve":"stepped"},{"time":4.0667}],"scale":[{"curve":"stepped"},{"time":4.0667}]},"fog":{"rotate":[{"curve":"stepped"},{"time":4.0667}],"translate":[{"curve":0,"c2":0.37,"c3":0.497},{"time":1.0333,"x":404.12,"y":-142.63,"curve":"stepped"},{"time":2.3333,"x":404.12,"y":-142.63,"curve":0,"c2":0.37,"c3":0.497},{"time":4.0667}],"scale":[{"curve":"stepped"},{"time":1.0333,"curve":0,"c2":0.37,"c3":0.497},{"time":1.1667,"x":1.664,"y":1.664,"curve":0,"c2":0.37,"c3":0.497},{"time":1.5,"x":2.649,"y":2.649,"curve":0,"c2":0.37,"c3":0.497},{"time":2.3333,"curve":0,"c2":0.37,"c3":0.497},{"time":2.4667,"x":1.664,"y":1.664,"curve":0,"c2":0.37,"c3":0.497},{"time":3.5,"x":2.649,"y":2.649,"curve":0,"c2":0.37,"c3":0.497},{"time":4.0667}]},"effect_swing":{"rotate":[{"curve":0,"c2":0.37,"c3":0.497},{"time":0.5,"angle":0.27,"curve":"stepped"},{"time":1,"angle":0.27,"curve":"stepped"},{"time":2.3333,"angle":0.27,"curve":"stepped"},{"time":2.4667,"angle":0.27,"curve":"stepped"},{"time":3.5,"angle":0.27,"curve":0,"c2":0.37,"c3":0.497},{"time":4.0667}],"translate":[{"curve":"stepped"},{"time":4.0667}],"scale":[{"curve":"stepped"},{"time":4.0667}]},"sonic boom":{"translate":[{"time":2.3333,"curve":0,"c2":0.37,"c3":0.497},{"time":2.5,"y":-17.27}],"scale":[{"time":2.3333,"x":0.382,"y":0.382,"curve":0,"c2":0.37,"c3":0.497},{"time":2.5,"x":1.76,"y":0.798,"curve":0,"c2":0.37,"c3":0.497},{"time":4.0667,"x":2.179,"y":1.208}]},"skill effect":{"translate":[{"time":2.1333,"y":-329.92,"curve":"stepped"},{"time":2.3333,"y":-329.92,"curve":"stepped"},{"time":3,"y":-329.92}],"scale":[{"time":2.1333,"curve":0,"c2":0.37,"c3":0.497},{"time":2.3333,"y":-2.31,"curve":0,"c2":0.37,"c3":0.497},{"time":3,"y":-2.979}]},"skill effect2":{"rotate":[{"time":1.3,"angle":6.76,"curve":"stepped"},{"time":1.4,"angle":6.76,"curve":"stepped"},{"time":1.8,"angle":6.76}],"translate":[{"time":1.3,"x":377.76,"y":1572.43,"curve":"stepped"},{"time":1.4,"x":377.76,"y":1572.43,"curve":"stepped"},{"time":1.8,"x":377.76,"y":1572.43}],"scale":[{"time":1.3,"x":1.086,"y":1.705,"curve":0,"c2":0.37,"c3":0.497},{"time":1.4,"x":2.826,"y":4.436,"curve":0,"c2":0.77,"c3":0.308},{"time":1.8,"x":3.125,"y":4.904}]}},"ik":{"left foot_!":[{"time":1,"curve":0.697,"c3":0.272},{"time":1.5,"mix":0,"curve":0.784,"c4":0.32},{"time":2.3333,"curve":"stepped"},{"time":2.4667,"curve":"stepped"},{"time":3.5}],"leftfoot2":[{"time":1,"curve":0.697,"c3":0.272},{"time":1.5,"mix":0,"curve":0.784,"c4":0.32},{"time":2.3333,"curve":"stepped"},{"time":2.4667,"curve":"stepped"},{"time":3.5}],"rightfoot1":[{"time":1,"curve":0.697,"c3":0.272},{"time":1.5,"mix":0,"curve":0.784,"c4":0.32},{"time":2.3333,"curve":"stepped"},{"time":2.4667,"curve":"stepped"},{"time":3.5}],"rightfoot2":[{"time":1,"curve":0.697,"c3":0.272},{"time":1.5,"mix":0,"curve":0.784,"c4":0.32},{"time":2.3333,"curve":"stepped"},{"time":2.4667,"curve":"stepped"},{"time":3.5}]},"deform":{"default":{"leg1_l":{"leg1_l":[{"curve":0,"c2":0.37,"c3":0.497},{"time":0.5,"vertices":[-6.8063,5.08618,-22.1205,16.52951,5.10469,-3.81448,36.32181,0.70203,73.48506,6.07791,72.23238,-6.24438,79.0386,-11.33044,58.63872,-6.69305,20.81136,3.01068,44.5959,6.45148,18.69864,-3.36554],"curve":"stepped"},{"time":1,"vertices":[-6.8063,5.08618,-22.1205,16.52951,5.10469,-3.81448,36.32181,0.70203,73.48506,6.07791,72.23238,-6.24438,79.0386,-11.33044,58.63872,-6.69305,20.81136,3.01068,44.5959,6.45148,18.69864,-3.36554],"curve":0,"c2":0.37,"c3":0.497},{"time":1.5,"offset":2,"vertices":[-13.85754,-0.96912,-11.68201,2.63211],"curve":0,"c2":0.29,"c3":0.415,"c4":0.71},{"time":2,"vertices":[-5.95506,4.45007,-21.08707,14.341,3.00522,-3.00822,3.04817,9.8506,-8.08444,14.68801,30.84969,-5.78269,46.10229,-20.30633,42.71666,-18.44578,18.20853,2.63414,39.0184,5.64461,16.36004,-2.94462],"curve":0.297,"c2":0.54,"c3":0.645,"c4":0.93},{"time":2.3,"vertices":[-6.79659,5.07892,-22.10871,16.50454,5.08074,-3.80528,-14.84341,6.70548,-41.27048,7.91592,6.3945,-6.56468,18.82756,-10.50048,58.45705,-6.82715,20.78166,3.00639,44.53226,6.44227,18.67196,-3.36074],"curve":0.333,"c2":0.66,"c3":0.666},{"time":2.3333,"vertices":[-6.8063,5.08618,-22.1205,16.52951,5.10469,-3.81448,36.32181,0.70203,73.48506,6.07791,72.23238,-6.24438,79.0386,-11.33044,58.63872,-6.69305,20.81136,3.01068,44.5959,6.45148,18.69864,-3.36554]}]},"leg1_r":{"leg1_r":[{"curve":0,"c2":0.37,"c3":0.497},{"time":0.5,"vertices":[-50.7924,73.78842,-36.4644,39.47144,-19.79248,28.35361,-18.45312,2.15666,-23.04413,-5.74238,-15.30008,-2.24633,-11.18315,-42.33852,-4.28049,-24.07333,26.35246,-6.74773,55.89076,-5.06506,71.16721,56.60044,66.69814,27.78111,15.74164,37.40429,-17.94601,62.98078],"curve":"stepped"},{"time":1,"vertices":[-50.7924,73.78842,-36.4644,39.47144,-19.79248,28.35361,-18.45312,2.15666,-23.04413,-5.74238,-15.30008,-2.24633,-11.18315,-42.33852,-4.28049,-24.07333,26.35246,-6.74773,55.89076,-5.06506,71.16721,56.60044,66.69814,27.78111,15.74164,37.40429,-17.94601,62.98078],"curve":0,"c2":0.37,"c3":0.497},{"time":1.5,"vertices":[-16.96912,-13.45743,0,0,0,0,0,0,0,0,0,0,0,0,0,0,0,0,0,0,0,0,-30.52148,2.18359,-21.42151,-1.13486,-6.63513,0.47473],"curve":0,"c2":0.29,"c3":0.415,"c4":0.71},{"time":2,"vertices":[-43.01985,-11.95744,0.97832,-15.54597,7.7138,3.8208,9.53018,0.71823,0.71539,8.9929,10.35248,11.05048,5.35026,-8.74781,-14.61647,2.66769,4.80357,1.46717,31.25245,-15.94208,-15.17845,-2.19865,-20.23189,6.8154,-8.2057,-12.24298,-18.51674,-6.28922],"curve":0.297,"c2":0.54,"c3":0.645,"c4":0.93},{"time":2.3,"vertices":[-51.69243,1.76275,7.04391,-12.40121,12.53459,13.57016,7.15307,19.50353,14.94131,4.0046,9.9724,13.09196,9.07653,4.13158,-17.16837,16.69851,3.87333,14.38555,33.79679,-7.88484,-17.73689,0.48964,24.11732,-14.72357,-11.84445,-6.86156,-31.09199,7.43774],"curve":0.333,"c2":0.66,"c3":0.666},{"time":2.3333,"vertices":[-50.7924,73.78842,-36.4644,39.47144,-19.79248,28.35361,-18.45312,2.15666,-23.04413,-5.74238,-15.30008,-2.24633,-11.18315,-42.33852,-4.28049,-24.07333,26.35246,-6.74773,55.89076,-5.06506,71.16721,56.60044,66.69814,27.78111,15.74164,37.40429,-17.94601,62.98078]}]},"leg2_l":{"leg2_l":[{"curve":0,"c2":0.31,"c3":0.349,"c4":0.65},{"time":0.5,"offset":10,"vertices":[-22.93118,7.79277,-78.58805,10.769,-138.7579,-2.4299,-147.03323,-7.09467,-17.98033,-1.95694],"curve":"stepped"},{"time":1,"offset":10,"vertices":[-22.93118,7.79277,-78.58805,10.769,-138.7579,-2.4299,-147.03323,-7.09467,-17.98033,-1.95694],"curve":0.22,"c2":0.32,"c3":0.56,"c4":0.66},{"time":1.5,"offset":4,"vertices":[6.46899,2.04282,14.5481,1.58464,26.45093,2.8811,9.30983,4.37874,-46.13562,6.32201,-81.45871,-1.42649,-86.3168,-4.16497,-10.55547,-1.14883],"curve":0.224,"c2":0.38,"c3":0.584,"c4":0.76},{"time":2,"offset":4,"vertices":[1.0047,0.31727,29.19536,8.96498,40.51529,20.0955,19.09872,20.12541,-73.54785,10.07833,-129.85875,-2.27406,-137.60333,-6.63965,-16.82717,-1.83143],"curve":0.314,"c2":0.62,"c3":0.657},{"time":2.3333,"offset":6,"vertices":[31.8885,10.32198,12.03964,21.18376,-12.49205,22.31864,-78.58805,10.769,-138.7579,-2.4299,-147.03323,-7.09467,-17.98033,-1.95694],"curve":"stepped"},{"time":3.5,"offset":6,"vertices":[31.8885,10.32198,12.03964,21.18376,-12.49205,22.31864,-78.58805,10.769,-138.7579,-2.4299,-147.03323,-7.09467,-17.98033,-1.95694],"curve":0.11,"c2":0.44,"c3":0.553},{"time":4.0667}]},"leg2_r":{"leg2_r":[{"curve":0,"c2":0.31,"c3":0.349,"c4":0.65},{"time":0.5,"offset":8,"vertices":[37.60539,15.25557,-3.13824,46.48055,-19.76219,64.09325,-33.9146,-28.93669,-20.429,-0.06895],"curve":"stepped"},{"time":1,"offset":8,"vertices":[37.60539,15.25557,-3.13824,46.48055,-19.76219,64.09325,-33.9146,-28.93669,-20.429,-0.06895],"curve":0.22,"c2":0.32,"c3":0.56,"c4":0.66},{"time":1.5,"offset":8,"vertices":[22.07648,8.95588,15.89595,27.90669,9.80082,36.17915,15.8202,-14.44145,-11.99298,-0.04048,16.68579,2.17963],"curve":0.199,"c2":0.5,"c3":0.598},{"time":4.0667}]},"manteau":{"manteau":[{"curve":0,"c2":0.37,"c3":0.497},{"time":0.5,"offset":16,"vertices":[22.22461,-4.49455,21.7509,-6.40525,21.50112,-7.19945,21.80956,-6.20275,16.42265,-15.63418,34.23616,-23.47717,33.35122,-24.71821,34.45304,-23.15779,28.8423,-29.85674,19.73029,-36.5241,12.99677,43.98897,14.60302,43.48214,12.58746,44.10792,21.54158,40.49579,31.65697,33.19347,-98.69066,-64.37898,-109.98029,-42.29436,-117.30869,-11.09418,-101.84253,-59.26765,-165.50613,-108.29387,-195.8045,-27.93353,-166.03989,-107.47322,-264.14474,-164.3523,-287.53665,-118.77189,-308.9055,-36.89837,-264.95532,-163.04251,-257.92416,-161.83868,-263.11896,-165.91986,-255.20782,-177.84796,-286.78204,-120.48656,-308.64075,-38.75298,-263.9373,-164.61516,-229.46396,-179.7187,-255.84811,-139.62186,-284.00708,-65.51589,-230.3512,-178.58047,-94.5462,-85.07146,-110.25919,-63.39603,-123.2635,-31.34023,-98.7576,-80.14441,-71.05675,-26.94498,-69.74184,-30.18504,-74.51514,-14.91788,-75.77849,5.71327,-71.18907,-26.59315,34.84172,-0.57962,34.79696,-1.85833,34.84565,-0.25565,34.02026,-7.5441,34.78726,-2.03071,0,0,0,0,0,0,0,0,0,0,0,0,0,0,0,0,0,0,0,0,0,0,0,0,0,0,0,0,0,0,0,0,0,0,0,0,0,0,0,0,0,0,0,0,22.03302,42.60012,-128.67766,-43.64006,-134.09492,-21.9296,-135.04391,15.01522,-128.8922,-43.00251],"curve":"stepped"},{"time":1,"offset":16,"vertices":[22.22461,-4.49455,21.7509,-6.40525,21.50112,-7.19945,21.80956,-6.20275,16.42265,-15.63418,34.23616,-23.47717,33.35122,-24.71821,34.45304,-23.15779,28.8423,-29.85674,19.73029,-36.5241,12.99677,43.98897,14.60302,43.48214,12.58746,44.10792,21.54158,40.49579,31.65697,33.19347,-98.69066,-64.37898,-109.98029,-42.29436,-117.30869,-11.09418,-101.84253,-59.26765,-165.50613,-108.29387,-195.8045,-27.93353,-166.03989,-107.47322,-264.14474,-164.3523,-287.53665,-118.77189,-308.9055,-36.89837,-264.95532,-163.04251,-257.92416,-161.83868,-263.11896,-165.91986,-255.20782,-177.84796,-286.78204,-120.48656,-308.64075,-38.75298,-263.9373,-164.61516,-229.46396,-179.7187,-255.84811,-139.62186,-284.00708,-65.51589,-230.3512,-178.58047,-94.5462,-85.07146,-110.25919,-63.39603,-123.2635,-31.34023,-98.7576,-80.14441,-71.05675,-26.94498,-69.74184,-30.18504,-74.51514,-14.91788,-75.77849,5.71327,-71.18907,-26.59315,34.84172,-0.57962,34.79696,-1.85833,34.84565,-0.25565,34.02026,-7.5441,34.78726,-2.03071,0,0,0,0,0,0,0,0,0,0,0,0,0,0,0,0,0,0,0,0,0,0,0,0,0,0,0,0,0,0,0,0,0,0,0,0,0,0,0,0,0,0,0,0,22.03302,42.60012,-128.67766,-43.64006,-134.09492,-21.9296,-135.04391,15.01522,-128.8922,-43.00251],"curve":0.697,"c3":0.272},{"time":1.5,"vertices":[-4.82849,2.61212,-4.5863,3.02075,-2.6972,4.78674,-2.0929,-12.43542,-3.16565,-12.2074,-3.61108,-12.08093,-3.04504,-12.23291,-8.38989,-9.40857,-4.00989,-29.54144,-6.5592,-29.0824,-7.62195,-28.82007,-6.28223,-29.13904,-19.11792,-22.86987,-7.00562,-44.30957,-8.62708,-44.02039,-6.58667,-44.36951,-15.73389,-42.00891,-26.47125,-36.21094,-13.06287,-67,-15.51331,-66.47339,-12.43237,-67.11511,-26.21118,-63.02661,-42.22473,-53.6283,-10.90906,-86.42371,-28.76392,-82.22632,-49.85577,-71.43018,-15.30505,-85.76172,-7.62708,-110.5874,-53.78003,-96.92627,-8.17505,-110.55444,19.12817,-171.16809,-9.22266,-171.98816,-55.22363,-163.13525,18.27966,-171.2688,-25.32227,-142.79517,-44.37512,-108.34082,-39.33862,-110.26611,-61.55371,-99.58997,-86.11157,-79.31543,-44.91174,-108.12512,-57.51501,-134.28528,-78.77295,-123.0271,-109.00916,-97.24475,-58.17969,-134.00635,-58.12366,-109.43835,-79.75281,-94.84924,-102.35925,-69.84473,-63.6333,-106.34363,-46.95312,-50.54651,-44.57056,-52.65137,-54.61121,-42.15649,-63.9502,-25.87646,-47.20374,-50.32019,-53.54907,-45.40967,-55.18005,-43.41125,-53.1178,-45.90259,-61.55579,-33.76782,-55.39514,-43.14294,-48.4187,-31.19843,-50.94446,-26.88159,-51.89624,-24.99048,-50.6853,-27.35059,-55.29297,-16.13599,-52.02026,-24.73901,-47.78857,-14.31641,-48.85254,-10.1178,-49.19067,-8.31531,-45.2384,8.44525,-44.33691,12.33704,-44.44287,11.92737,-43.78467,14.17004,-23.97449,6.0625,-23.4281,7.90479,-23.00159,9.08167,-25.1886,-14.63831,-26.36475,-12.39856,-27.96106,-27.76758,-28.96118,-26.72021,-31.02063,-43.17419,-28.99524,-44.55432,-46.47632,-59.22949,-35.40649,-85.05579,-48.88489,-78.09241,-68.1189,-62.02698,-35.828,-84.88477],"curve":0,"c2":0.37,"c3":0.497},{"time":2.3333,"offset":16,"vertices":[22.22461,-4.49455,21.7509,-6.40525,21.50112,-7.19945,21.80956,-6.20275,16.42265,-15.63418,34.23616,-23.47717,33.35122,-24.71821,34.45304,-23.15779,28.8423,-29.85674,19.73029,-36.5241,12.99677,43.98897,14.60302,43.48214,12.58746,44.10792,21.54158,40.49579,31.65697,33.19347,-98.69066,-64.37898,-109.98029,-42.29436,-117.30869,-11.09418,-101.84253,-59.26765,-165.50613,-108.29387,-195.8045,-27.93353,-166.03989,-107.47322,-264.14474,-164.3523,-287.53665,-118.77189,-308.9055,-36.89837,-264.95532,-163.04251,-257.92416,-161.83868,-263.11896,-165.91986,-255.20782,-177.84796,-286.78204,-120.48656,-308.64075,-38.75298,-263.9373,-164.61516,-229.46396,-179.7187,-255.84811,-139.62186,-284.00708,-65.51589,-230.3512,-178.58047,-94.5462,-85.07146,-110.25919,-63.39603,-123.2635,-31.34023,-98.7576,-80.14441,-71.05675,-26.94498,-69.74184,-30.18504,-74.51514,-14.91788,-75.77849,5.71327,-71.18907,-26.59315,34.84172,-0.57962,34.79696,-1.85833,34.84565,-0.25565,34.02026,-7.5441,34.78726,-2.03071,0,0,0,0,0,0,0,0,0,0,0,0,0,0,0,0,0,0,0,0,0,0,0,0,0,0,0,0,0,0,0,0,0,0,0,0,0,0,0,0,0,0,0,0,22.03302,42.60012,-128.67766,-43.64006,-134.09492,-21.9296,-135.04391,15.01522,-128.8922,-43.00251],"curve":"stepped"},{"time":2.4667,"offset":16,"vertices":[22.22461,-4.49455,21.7509,-6.40525,21.50112,-7.19945,21.80956,-6.20275,16.42265,-15.63418,34.23616,-23.47717,33.35122,-24.71821,34.45304,-23.15779,28.8423,-29.85674,19.73029,-36.5241,12.99677,43.98897,14.60302,43.48214,12.58746,44.10792,21.54158,40.49579,31.65697,33.19347,-98.69066,-64.37898,-109.98029,-42.29436,-117.30869,-11.09418,-101.84253,-59.26765,-165.50613,-108.29387,-195.8045,-27.93353,-166.03989,-107.47322,-264.14474,-164.3523,-287.53665,-118.77189,-308.9055,-36.89837,-264.95532,-163.04251,-257.92416,-161.83868,-263.11896,-165.91986,-255.20782,-177.84796,-286.78204,-120.48656,-308.64075,-38.75298,-263.9373,-164.61516,-229.46396,-179.7187,-255.84811,-139.62186,-284.00708,-65.51589,-230.3512,-178.58047,-94.5462,-85.07146,-110.25919,-63.39603,-123.2635,-31.34023,-98.7576,-80.14441,-71.05675,-26.94498,-69.74184,-30.18504,-74.51514,-14.91788,-75.77849,5.71327,-71.18907,-26.59315,34.84172,-0.57962,34.79696,-1.85833,34.84565,-0.25565,34.02026,-7.5441,34.78726,-2.03071,0,0,0,0,0,0,0,0,0,0,0,0,0,0,0,0,0,0,0,0,0,0,0,0,0,0,0,0,0,0,0,0,0,0,0,0,0,0,0,0,0,0,0,0,22.03302,42.60012,-128.67766,-43.64006,-134.09492,-21.9296,-135.04391,15.01522,-128.8922,-43.00251],"curve":"stepped"},{"time":3.5,"offset":16,"vertices":[22.22461,-4.49455,21.7509,-6.40525,21.50112,-7.19945,21.80956,-6.20275,16.42265,-15.63418,34.23616,-23.47717,33.35122,-24.71821,34.45304,-23.15779,28.8423,-29.85674,19.73029,-36.5241,12.99677,43.98897,14.60302,43.48214,12.58746,44.10792,21.54158,40.49579,31.65697,33.19347,-98.69066,-64.37898,-109.98029,-42.29436,-117.30869,-11.09418,-101.84253,-59.26765,-165.50613,-108.29387,-195.8045,-27.93353,-166.03989,-107.47322,-264.14474,-164.3523,-287.53665,-118.77189,-308.9055,-36.89837,-264.95532,-163.04251,-257.92416,-161.83868,-263.11896,-165.91986,-255.20782,-177.84796,-286.78204,-120.48656,-308.64075,-38.75298,-263.9373,-164.61516,-229.46396,-179.7187,-255.84811,-139.62186,-284.00708,-65.51589,-230.3512,-178.58047,-94.5462,-85.07146,-110.25919,-63.39603,-123.2635,-31.34023,-98.7576,-80.14441,-71.05675,-26.94498,-69.74184,-30.18504,-74.51514,-14.91788,-75.77849,5.71327,-71.18907,-26.59315,34.84172,-0.57962,34.79696,-1.85833,34.84565,-0.25565,34.02026,-7.5441,34.78726,-2.03071,0,0,0,0,0,0,0,0,0,0,0,0,0,0,0,0,0,0,0,0,0,0,0,0,0,0,0,0,0,0,0,0,0,0,0,0,0,0,0,0,0,0,0,0,22.03302,42.60012,-128.67766,-43.64006,-134.09492,-21.9296,-135.04391,15.01522,-128.8922,-43.00251],"curve":0,"c2":0.37,"c3":0.497},{"time":4.0667}]}}}}}}