{"skeleton":{"hash":"bMdpwefQM07BEIwlNg1M0AJun3s","spine":"3.8.76","x":-91.55,"y":-1.22,"width":166.35,"height":174.98,"images":"./images/","audio":""},"bones":[{"name":"root","scaleX":-0.15,"scaleY":0.15},{"name":"body","parent":"root","length":328.57,"rotation":-173.37,"x":40.43,"y":693.25},{"name":"body2","parent":"body","length":184.08,"rotation":124.02,"x":-1.09,"y":16.94},{"name":"body3","parent":"body2","length":496.4,"rotation":-40.13,"x":129.72,"y":-21.36},{"name":"effect_attack","parent":"root","length":85.18,"rotation":-162.65,"x":-389.6,"y":569.11},{"name":"effect_attack2","parent":"root","rotation":-101.03,"x":-351.49,"y":566.57},{"name":"neck","parent":"body","length":89.25,"rotation":34.92,"x":296.48,"y":-13.08},{"name":"head","parent":"neck","length":301.58,"rotation":37.42,"x":83.16,"y":-59.51},{"name":"effect_eye","parent":"head","x":64.08,"y":23.47},{"name":"fog1","parent":"root","length":246.18,"rotation":-157.07,"x":75.02,"y":96.91},{"name":"fog2","parent":"root","length":246.18,"rotation":-157.07,"x":75.02,"y":96.91},{"name":"fog3","parent":"root","length":246.18,"rotation":-157.07,"x":75.02,"y":96.91},{"name":"horn1","parent":"body3","length":329.47,"rotation":106.07,"x":-113.58,"y":29.89},{"name":"horn2","parent":"body3","length":344.58,"rotation":89.47,"x":10.03,"y":100.1},{"name":"horn3","parent":"body3","length":297.41,"rotation":66.97,"x":168.84,"y":201.87},{"name":"leg3_first","parent":"body","length":209.13,"rotation":133.67,"x":160.64,"y":40.92},{"name":"leg2_first","parent":"leg3_first","length":174.58,"rotation":-111.73,"x":211.86,"y":6.21},{"name":"leg1_first","parent":"leg2_first","length":90.5,"rotation":38.74,"x":172.04,"y":-14.18},{"name":"leg3_first_back","parent":"body","length":178.3,"rotation":40.44,"x":241.25,"y":37.66},{"name":"leg2_first_back","parent":"leg3_first_back","length":139.4,"rotation":94.56,"x":177.19,"y":-1.03},{"name":"leg1_first_back","parent":"leg2_first_back","length":96.13,"rotation":-36.06,"x":123.38,"y":20.23},{"name":"leg3_second","parent":"body","length":326.68,"rotation":136.87,"x":73.88,"y":57.12},{"name":"leg2_second","parent":"leg3_second","length":239.64,"rotation":-88.7,"x":301.2,"y":3.81},{"name":"leg1_second","parent":"leg2_second","length":161.46,"rotation":26,"x":217.82,"y":-19.11},{"name":"leg3_second_back","parent":"body","length":276.23,"rotation":53,"x":185.81,"y":47.16},{"name":"leg2_second_back","parent":"leg3_second_back","length":210.56,"rotation":73.03,"x":278.89,"y":-19.55},{"name":"leg1_second_back","parent":"leg2_second_back","length":167.94,"rotation":-30.13,"x":186.94,"y":25.89},{"name":"mouth","parent":"head","length":242.29,"rotation":-25.05,"x":230.57,"y":77.41},{"name":"wing1","parent":"body","length":452.72,"rotation":-118.9,"x":205.52,"y":-33.07},{"name":"wing2","parent":"body","length":658.2,"rotation":-149.79,"x":134.51,"y":-52.32},{"name":"wing3","parent":"body","length":399.15,"rotation":-81.64,"x":261.56,"y":-24.3},{"name":"wing4","parent":"body","length":470.18,"rotation":-128.17,"x":229.82,"y":-34.36}],"slots":[{"name":"wing4","bone":"wing4","attachment":"wing4"},{"name":"wing3","bone":"wing3","attachment":"wing3"},{"name":"leg3_second_back","bone":"leg3_second_back","attachment":"leg3_second_back"},{"name":"leg2_second_back","bone":"leg2_second_back","attachment":"leg2_second_back"},{"name":"leg1_second_back","bone":"leg1_second_back","attachment":"leg1_second_back"},{"name":"leg3_first_back","bone":"leg3_first_back","attachment":"leg3_first_back"},{"name":"leg2_first_back","bone":"leg2_first_back","attachment":"leg2_first_back"},{"name":"leg1_first_back","bone":"leg1_first_back","attachment":"leg1_first_back"},{"name":"horn1","bone":"horn1","attachment":"horn1"},{"name":"horn2","bone":"horn2","attachment":"horn2"},{"name":"horn3","bone":"horn3","attachment":"horn3"},{"name":"body3","bone":"body3","attachment":"body3"},{"name":"body2","bone":"body2","attachment":"body2"},{"name":"body","bone":"body","attachment":"body"},{"name":"leg3_second","bone":"leg3_second","attachment":"leg3_second"},{"name":"leg2_second","bone":"leg2_second","attachment":"leg2_second"},{"name":"leg1_second","bone":"leg1_second","attachment":"leg1_second"},{"name":"leg3_first","bone":"leg3_first","attachment":"leg3_first"},{"name":"leg2_first","bone":"leg2_first","attachment":"leg2_first"},{"name":"leg1_first","bone":"leg1_first","attachment":"leg1_first"},{"name":"wing2","bone":"wing2","attachment":"wing2"},{"name":"wing1","bone":"wing1","attachment":"wing1"},{"name":"neck","bone":"neck","attachment":"neck"},{"name":"head","bone":"head","attachment":"head"},{"name":"mouth","bone":"mouth","attachment":"mouth"},{"name":"effect_attack2","bone":"effect_attack2","blend":"additive"},{"name":"effect_attack","bone":"effect_attack","blend":"additive"},{"name":"effect_exe","bone":"effect_eye","blend":"additive"},{"name":"fog","bone":"fog1"},{"name":"fog2","bone":"fog2"},{"name":"fog3","bone":"fog3"}],"skins":[{"name":"default","attachments":{"body":{"body":{"type":"mesh","uvs":[0.34238,0.05633,0.18992,0.27068,0,0.55941,0,0.74314,0.2185,0.89188,0.50119,1,0.7807,1,1,0.76939,1,0.53316,1,0.21381,0.87916,0.0257,0.714,0,0.51072,0,0.68541,0.36692,0.40273,0.57691,0.39637,0.75627,0.56789,0.55066,0.66953,0.55941,0.73941,0.60753,0.90775,0.44129],"triangles":[13,12,11,13,11,10,13,10,9,19,13,9,19,9,8,13,0,12,13,1,0,13,14,1,17,16,13,17,13,19,14,2,1,13,16,14,18,17,19,3,2,14,15,3,14,15,14,16,18,19,8,7,18,8,4,3,15,5,17,6,4,15,5,6,18,7,17,15,16,17,5,15,6,17,18],"vertices":[222.81,-147.83,286.51,-96.32,366.54,-26.28,372.33,23.55,295.42,73.37,193.25,114.97,88.85,127.1,-0.32,74.09,-7.77,10.03,-17.84,-76.56,21.36,-132.82,82.24,-146.97,158.16,-155.79,104.48,-48.71,216.68,-4.04,224.71,44.32,154.17,-3.99,116.48,2.8,91.9,18.88,23.79,-18.88],"hull":13,"edges":[0,2,2,4,4,6,6,8,8,10,10,12,12,14,14,16,16,18,18,20,20,22,22,24,0,24,18,26,26,28,28,6,10,30,30,32,32,34,34,12,12,36,36,38,38,16],"width":376,"height":273}},"body2":{"body2":{"type":"mesh","uvs":[0.26229,0,0.56935,0,0.89643,0.09782,1,0.32071,1,0.63028,0.86305,0.91508,0.66947,1,0.33572,1,0.10209,0.92747,0,0.79126,0.10209,0.66124,0.15549,0.12878,0.73622,0.40739],"triangles":[12,1,2,12,2,3,12,3,4,5,12,4,10,7,8,9,10,8,11,0,1,12,11,1,12,10,11,12,7,10,6,7,12,5,6,12],"vertices":[-187.56,38.74,-110.74,128.19,1.81,197.1,97.72,167.16,194.96,83.66,250.15,-33.05,228.4,-112.35,144.9,-209.58,63.68,-258.08,-4.65,-251.08,-19.95,-186.27,-173.83,-27.11,58.96,66.93],"hull":12,"edges":[0,2,2,4,4,6,6,8,8,10,10,12,12,14,14,16,16,18,18,20,20,22,0,22],"width":384,"height":414}},"body3":{"body3":{"type":"mesh","uvs":[0.46017,0,0,0.34444,0.00857,0.54755,0.08441,0.64487,0.12233,0.85433,0,0.80355,0,0.88607,0.07407,1,0.17059,1,0.26314,0.99078,0.42225,0.97493,0.77733,0.82683,0.82904,0.87761,0.98072,0.7824,1,0.55813,0.97038,0.31059,0.82904,0.12017,0.6222,0.01227,0.30583,0.48763,0.26101,0.60189,0.18862,0.81346,0.3472,0.53207,0.51612,0.65689,0.57817,0.66747,0.72641,0.74787,0.29204,0.39666,0.70228,0.40724],"triangles":[25,1,0,26,17,16,26,16,15,18,25,21,0,26,25,17,26,0,26,21,25,2,1,25,2,25,18,26,15,14,19,2,18,19,18,21,3,2,19,22,21,26,23,22,26,24,23,26,14,24,26,13,24,14,20,3,19,11,24,13,20,4,3,12,11,13,6,5,4,22,19,21,22,20,19,10,20,22,10,22,23,10,23,24,10,24,11,9,20,10,4,20,9,7,6,4,8,7,4,9,8,4],"vertices":[-170.3,36.44,83.68,-175.74,234.63,-173.21,307.25,-139.3,463.03,-123.43,424.79,-178.87,486.1,-179.43,571.06,-146.43,571.46,-102.42,565,-60.15,553.89,12.5,445.34,175.42,483.28,198.66,413.18,268.47,246.63,278.79,62.59,266.97,-79.47,203.82,-160.51,110.24,191.35,-37.26,276.05,-58.47,432.94,-92.93,224.54,-18.7,317.99,57.47,326.11,85.7,386.46,152.74,123.7,-42.93,133.28,144.06],"hull":18,"edges":[0,2,2,4,4,6,6,8,8,10,10,12,12,14,14,16,20,22,22,24,24,26,26,28,28,30,30,32,32,34,0,34,36,38,38,40,40,8,36,42,42,44,44,46,46,48,48,22,16,18,18,20,8,18],"width":456,"height":743}},"effect_attack":{"effect_attack":{"x":103.52,"y":7.58,"scaleX":3.4476,"scaleY":3.4476,"rotation":162.65,"width":500,"height":426}},"effect_attack2":{"effect_attack2":{"x":109.19,"y":-188.39,"scaleX":3.3565,"scaleY":3.3565,"rotation":129.71,"width":400,"height":302}},"effect_exe":{"effect_exe":{"x":7.74,"y":-39.71,"scaleX":5.1714,"scaleY":5.1714,"rotation":101.03,"width":500,"height":124}},"fog":{"fog":{"x":23.06,"y":-117.07,"scaleX":0.4805,"scaleY":0.4805,"rotation":157.07,"width":500,"height":342}},"fog2":{"fog2":{"x":46.54,"y":5.56,"scaleX":0.2928,"scaleY":0.2928,"rotation":157.07,"width":500,"height":228}},"fog3":{"fog3":{"x":55.61,"y":12.44,"rotation":157.07,"width":400,"height":219}},"head":{"head":{"type":"mesh","uvs":[0.42949,0,0.20358,0.13442,0.21137,0.35624,0.20264,0.41734,0.18411,0.54705,0.24643,0.652,0.25032,0.74502,0.26201,0.90722,0.41002,1,0.5736,1,0.81509,0.83089,0.89689,0.67585,1,0.56852,0.93584,0.40394,0.86573,0.30615,0.69435,0.21075,0.5775,0.18689,0.4996,0,0.40846,0.45547,0.60711,0.36006,0.47857,0.61766,0.63827,0.69637,0.80186,0.6272,0.85249,0.47455,0.76291,0.37199,0.30719,0.46262,0.33446,0.55087,0.33835,0.64389],"triangles":[16,18,2,19,16,15,24,15,14,19,15,24,2,1,16,25,3,2,0,17,16,16,1,0,18,16,19,18,25,2,23,24,14,23,14,13,4,3,25,26,25,18,4,25,26,23,13,12,20,18,19,26,18,20,22,24,23,11,22,23,27,26,20,5,4,26,5,26,27,12,11,23,22,21,19,22,19,24,20,19,21,6,5,27,10,22,11,21,22,10,8,7,6,8,27,20,8,20,21,9,8,21,8,6,27,10,9,21],"vertices":[-153.52,-99.68,-76.7,-153.07,28.45,-130.22,58.03,-127.1,120.84,-120.47,167.26,-92.57,211.32,-82.8,287.87,-64.35,323.63,-12.59,314.33,35.1,220.11,89.81,141.66,99.27,84.71,119.37,10.01,85.4,-32.56,55.89,-68.25,-2.92,-72.96,-39.2,-157.51,-79.25,64.49,-63.56,7.79,-14.5,137.72,-28.08,166.12,25.78,123.9,67.05,48.35,67.65,4.62,32.02,73.65,-92.42,114.12,-76.28,158.18,-66.52],"hull":18,"edges":[0,2,2,4,8,10,10,12,12,14,14,16,16,18,18,20,20,22,22,24,24,26,26,28,28,30,30,32,32,34,0,34,32,36,36,4,38,36,36,40,40,42,42,44,44,46,46,48,48,38,4,6,6,8,6,50,50,52,52,54,54,10],"width":297,"height":485}},"horn1":{"horn1":{"x":158.94,"y":-14.11,"rotation":-16.6,"width":319,"height":141}},"horn2":{"horn2":{"x":185.19,"y":1.52,"width":331,"height":75}},"horn3":{"horn3":{"x":145.87,"y":12.79,"rotation":22.51,"width":311,"height":147}},"leg1_first":{"leg1_first":{"x":40.28,"y":2.04,"rotation":112.69,"width":75,"height":124}},"leg1_first_back":{"leg1_first_back":{"x":37.13,"y":-2.47,"rotation":74.43,"width":55,"height":124}},"leg1_second":{"leg1_second":{"x":84.6,"y":-0.14,"rotation":99.2,"width":95,"height":212}},"leg1_second_back":{"leg1_second_back":{"x":75.74,"y":-9.06,"rotation":77.47,"width":93,"height":211}},"leg2_first":{"leg2_first":{"x":67.71,"y":13.25,"rotation":151.43,"width":213,"height":112}},"leg2_first_back":{"leg2_first_back":{"x":43.35,"y":-8.28,"rotation":38.37,"width":156,"height":112}},"leg2_second":{"leg2_second":{"x":86.69,"y":9.14,"rotation":125.2,"width":252,"height":273}},"leg2_second_back":{"leg2_second_back":{"x":95.26,"y":-17.6,"rotation":47.34,"width":224,"height":230}},"leg3_first":{"leg3_first":{"x":97.58,"y":6.04,"rotation":39.7,"width":217,"height":190}},"leg3_first_back":{"leg3_first_back":{"x":76.77,"y":-15.66,"rotation":132.93,"width":158,"height":174}},"leg3_second":{"leg3_second":{"x":153.21,"y":30.27,"rotation":36.5,"width":339,"height":268}},"leg3_second_back":{"leg3_second_back":{"x":132.4,"y":-36.78,"rotation":120.37,"width":211,"height":300}},"mouth":{"mouth":{"x":88.06,"y":0.3,"rotation":126.08,"width":238,"height":262}},"neck":{"neck":{"x":67.57,"y":2.99,"rotation":138.45,"width":145,"height":149}},"wing1":{"wing1":{"x":230.86,"y":1.02,"rotation":-67.73,"width":222,"height":484}},"wing2":{"wing2":{"x":311.18,"y":15.32,"rotation":-36.84,"width":598,"height":444}},"wing3":{"wing3":{"x":179.04,"y":5.5,"rotation":-104.99,"width":135,"height":462}},"wing4":{"wing4":{"x":222.1,"y":24.08,"rotation":-58.47,"width":323,"height":410}}}}],"animations":{"attack":{"slots":{"effect_attack":{"color":[{"time":1.3,"color":"ffffff00"},{"time":1.3667,"color":"ffffffff","curve":0,"c2":0.46,"c3":0,"c4":0.97},{"time":2.1,"color":"ffffff00"}],"attachment":[{"time":1.3,"name":"effect_attack"}]},"effect_attack2":{"color":[{"time":1.3667,"color":"ffffff00"},{"time":1.4333,"color":"ffffffff","curve":0,"c2":0.46,"c3":0,"c4":0.97},{"time":2.4333,"color":"ffffff00"}],"attachment":[{"time":1.3667,"name":"effect_attack2"}]}},"bones":{"root":{"rotate":[{"curve":"stepped"},{"time":2.8333}],"translate":[{"curve":"stepped"},{"time":2.8333}],"scale":[{"curve":"stepped"},{"time":2.8333}]},"body":{"rotate":[{"curve":0.25,"c3":0.495,"c4":0.99},{"time":0.5,"angle":14.71,"curve":0.601,"c2":0.03,"c3":0.444,"c4":0.98},{"time":1.2667,"angle":8.71,"curve":0.087,"c2":0.91,"c3":0.695,"c4":0.45},{"time":1.3333,"angle":347.91,"curve":0.129,"c2":0.85,"c3":0.416,"c4":0.98},{"time":1.7667,"angle":343.79,"curve":0.773,"c2":0.07,"c3":0.086},{"time":2.1667,"angle":21.27,"curve":0.971,"c2":0.03,"c3":0.336,"c4":0.97},{"time":2.8333}],"translate":[{"curve":0.25,"c3":0.495,"c4":0.99},{"time":0.5,"y":92.09,"curve":0.601,"c2":0.03,"c3":0.444,"c4":0.98},{"time":1.2667,"x":65.9,"y":142.23,"curve":0.087,"c2":0.91,"c3":0.695,"c4":0.45},{"time":1.3333,"x":282.42,"y":158.47,"curve":0.129,"c2":0.85,"c3":0.416,"c4":0.98},{"time":1.7667,"x":321.64,"y":158.47,"curve":0.773,"c2":0.07,"c3":0.086},{"time":2.8333}],"scale":[{"curve":"stepped"},{"time":2.8333}]},"neck":{"rotate":[{"curve":0.25,"c3":0.75},{"time":0.5,"angle":3.3,"curve":"stepped"},{"time":1.2667,"angle":3.3},{"time":1.3333,"angle":20.46,"curve":"stepped"},{"time":1.7667,"angle":20.46},{"time":2.8333}],"translate":[{"curve":0.25,"c3":0.625,"c4":0.5},{"time":1.2667,"x":-16.58,"y":-8.98,"curve":0.375,"c2":0.5,"c3":0.75},{"time":2.8333}],"scale":[{"curve":"stepped"},{"time":2.8333}]},"head":{"rotate":[{"curve":0.25,"c3":0.75},{"time":0.5,"angle":5.43},{"time":1.2667,"angle":-2.85},{"time":1.3333,"angle":-11.3},{"time":1.9333,"angle":-11.4},{"time":2.1667,"angle":-27.77},{"time":2.2667,"angle":-11.4},{"time":2.8333}],"translate":[{"curve":0.25,"c3":0.625,"c4":0.5},{"time":1.2667,"x":-14.07,"y":-0.52,"curve":0.375,"c2":0.5,"c3":0.75},{"time":2.8333}],"scale":[{"curve":"stepped"},{"time":2.8333}]},"mouth":{"rotate":[{"curve":0.25,"c3":0.75},{"time":0.5,"angle":8.86,"curve":0.903,"c2":0.01,"c3":0.934,"c4":0.8},{"time":1.2667,"angle":-14.44,"curve":0.356,"c2":0.04,"c3":0.689,"c4":0.38},{"time":1.3333,"angle":46.14,"curve":"stepped"},{"time":1.7667,"angle":46.14,"curve":0.57,"c2":0.1,"c3":0.85,"c4":0.55},{"time":2.3333,"angle":3.96,"curve":0.641,"c2":0.41,"c3":0.797,"c4":0.82},{"time":2.8333,"angle":-8.35}],"translate":[{"curve":0.25,"c3":0.626,"c4":0.5},{"time":1.2667,"x":-23.56,"y":2.33,"curve":0.334,"c2":0.33,"c3":0.667,"c4":0.67},{"time":1.3333,"x":-25.41,"y":8.9,"curve":"stepped"},{"time":1.7667,"x":-25.41,"y":8.9,"curve":0.378,"c2":0.52,"c3":0.748},{"time":2.8333}],"scale":[{"curve":"stepped"},{"time":2.8333}]},"body2":{"rotate":[{"curve":0.25,"c3":0.75},{"time":0.5,"angle":-3.35,"curve":"stepped"},{"time":1.2667,"angle":-3.35,"curve":0.564,"c3":0.701,"c4":0.58},{"time":2.1667,"angle":6.66,"curve":0.222,"c2":0.55,"c3":0.51,"c4":0.99},{"time":2.8333}],"translate":[{"curve":"stepped"},{"time":2.8333}],"scale":[{"curve":"stepped"},{"time":2.8333}]},"body3":{"rotate":[{"curve":0.25,"c3":0.75},{"time":0.5,"angle":-6.14,"curve":"stepped"},{"time":1.2667,"angle":-6.14,"curve":0.345,"c2":0.01,"c3":0.678,"c4":0.35},{"time":1.3333,"angle":-9.55,"curve":0.431,"c2":0.08,"c3":0.676,"c4":0.61},{"time":2.1667,"angle":13.32,"curve":0.297,"c2":0.42,"c3":0.62,"c4":0.78},{"time":2.5667,"angle":44.54,"curve":0.3,"c2":0.62,"c3":0.629,"c4":0.99},{"time":2.8333}],"translate":[{"curve":"stepped"},{"time":2.8333}],"scale":[{"curve":"stepped"},{"time":2.8333}]},"wing1":{"rotate":[{"curve":0.25,"c3":0.625,"c4":0.5},{"time":0.2507,"angle":-25.6,"curve":0.375,"c2":0.5,"c3":0.75},{"time":0.5,"curve":0.25,"c3":0.625,"c4":0.5},{"time":0.7507,"angle":-25.6,"curve":0.375,"c2":0.5,"c3":0.75},{"time":1.3333,"curve":0.25,"c3":0.625,"c4":0.5},{"time":1.6,"angle":-25.6,"curve":0.375,"c2":0.5,"c3":0.75},{"time":1.8333,"curve":0.25,"c3":0.625,"c4":0.5},{"time":2.1,"angle":-25.6,"curve":0.375,"c2":0.5,"c3":0.75},{"time":2.3333,"curve":0.25,"c3":0.625,"c4":0.5},{"time":2.6,"angle":-25.6,"curve":0.375,"c2":0.5,"c3":0.75},{"time":2.8333}],"translate":[{"curve":"stepped"},{"time":0.5,"curve":"stepped"},{"time":1.3333,"curve":"stepped"},{"time":1.8333,"curve":"stepped"},{"time":2.3333,"curve":"stepped"},{"time":2.8333}],"scale":[{"curve":0.25,"c3":0.625,"c4":0.5},{"time":0.2507,"y":0.439,"curve":0.375,"c2":0.5,"c3":0.75},{"time":0.5,"curve":0.25,"c3":0.625,"c4":0.5},{"time":0.7507,"y":0.439,"curve":0.375,"c2":0.5,"c3":0.75},{"time":1.3333,"curve":0.25,"c3":0.625,"c4":0.5},{"time":1.6,"y":0.439,"curve":0.375,"c2":0.5,"c3":0.75},{"time":1.8333,"curve":0.25,"c3":0.625,"c4":0.5},{"time":2.1,"y":0.439,"curve":0.375,"c2":0.5,"c3":0.75},{"time":2.3333,"curve":0.25,"c3":0.625,"c4":0.5},{"time":2.6,"y":0.439,"curve":0.375,"c2":0.5,"c3":0.75},{"time":2.8333}]},"wing2":{"rotate":[{"curve":0.25,"c3":0.625,"c4":0.5},{"time":0.2507,"angle":-18.7,"curve":0.375,"c2":0.5,"c3":0.75},{"time":0.5,"curve":0.25,"c3":0.625,"c4":0.5},{"time":0.7507,"angle":-18.7,"curve":0.375,"c2":0.5,"c3":0.75},{"time":1.3333,"curve":0.25,"c3":0.625,"c4":0.5},{"time":1.6,"angle":-18.7,"curve":0.375,"c2":0.5,"c3":0.75},{"time":1.8333,"curve":0.25,"c3":0.625,"c4":0.5},{"time":2.1,"angle":-18.7,"curve":0.375,"c2":0.5,"c3":0.75},{"time":2.3333,"curve":0.25,"c3":0.625,"c4":0.5},{"time":2.6,"angle":-18.7,"curve":0.375,"c2":0.5,"c3":0.75},{"time":2.8333}],"translate":[{"curve":"stepped"},{"time":0.5,"curve":"stepped"},{"time":1.3333,"curve":"stepped"},{"time":1.8333,"curve":"stepped"},{"time":2.3333,"curve":"stepped"},{"time":2.8333}],"scale":[{"curve":0.25,"c3":0.625,"c4":0.5},{"time":0.2507,"y":0.424,"curve":0.763,"c2":0.01,"c3":0.941,"c4":0.66},{"time":0.5,"curve":0.25,"c3":0.625,"c4":0.5},{"time":0.7507,"y":0.424,"curve":0.763,"c2":0.01,"c3":0.941,"c4":0.66},{"time":1.3333,"curve":0.25,"c3":0.625,"c4":0.5},{"time":1.6,"y":0.424,"curve":0.763,"c2":0.01,"c3":0.941,"c4":0.66},{"time":1.8333,"curve":0.25,"c3":0.625,"c4":0.5},{"time":2.1,"y":0.424,"curve":0.763,"c2":0.01,"c3":0.941,"c4":0.66},{"time":2.3333,"curve":0.25,"c3":0.625,"c4":0.5},{"time":2.6,"y":0.424,"curve":0.763,"c2":0.01,"c3":0.941,"c4":0.66},{"time":2.8333}]},"wing3":{"rotate":[{"curve":0.25,"c3":0.625,"c4":0.5},{"time":0.2507,"angle":36.93,"curve":0.375,"c2":0.5,"c3":0.75},{"time":0.5,"curve":0.25,"c3":0.625,"c4":0.5},{"time":0.7507,"angle":36.93,"curve":0.375,"c2":0.5,"c3":0.75},{"time":1.3333,"curve":0.25,"c3":0.625,"c4":0.5},{"time":1.6,"angle":36.93,"curve":0.375,"c2":0.5,"c3":0.75},{"time":1.8333,"curve":0.25,"c3":0.625,"c4":0.5},{"time":2.1,"angle":36.93,"curve":0.375,"c2":0.5,"c3":0.75},{"time":2.3333,"curve":0.25,"c3":0.625,"c4":0.5},{"time":2.6,"angle":36.93,"curve":0.375,"c2":0.5,"c3":0.75},{"time":2.8333}],"translate":[{"curve":"stepped"},{"time":0.5,"curve":"stepped"},{"time":1.3333,"curve":"stepped"},{"time":1.8333,"curve":"stepped"},{"time":2.3333,"curve":"stepped"},{"time":2.8333}],"scale":[{"curve":0.25,"c3":0.625,"c4":0.5},{"time":0.2507,"y":0.461,"curve":0.375,"c2":0.5,"c3":0.75},{"time":0.5,"curve":0.25,"c3":0.625,"c4":0.5},{"time":0.7507,"y":0.461,"curve":0.375,"c2":0.5,"c3":0.75},{"time":1.3333,"curve":0.25,"c3":0.625,"c4":0.5},{"time":1.6,"y":0.461,"curve":0.375,"c2":0.5,"c3":0.75},{"time":1.8333,"curve":0.25,"c3":0.625,"c4":0.5},{"time":2.1,"y":0.461,"curve":0.375,"c2":0.5,"c3":0.75},{"time":2.3333,"curve":0.25,"c3":0.625,"c4":0.5},{"time":2.6,"y":0.461,"curve":0.375,"c2":0.5,"c3":0.75},{"time":2.8333}]},"wing4":{"rotate":[{"curve":0.25,"c3":0.625,"c4":0.5},{"time":0.2507,"angle":61.98,"curve":0.375,"c2":0.5,"c3":0.75},{"time":0.5,"curve":0.25,"c3":0.625,"c4":0.5},{"time":0.7507,"angle":61.98,"curve":0.375,"c2":0.5,"c3":0.75},{"time":1.3333,"curve":0.25,"c3":0.625,"c4":0.5},{"time":1.6,"angle":61.98,"curve":0.375,"c2":0.5,"c3":0.75},{"time":1.8333,"curve":0.25,"c3":0.625,"c4":0.5},{"time":2.1,"angle":61.98,"curve":0.375,"c2":0.5,"c3":0.75},{"time":2.3333,"curve":0.25,"c3":0.625,"c4":0.5},{"time":2.6,"angle":61.98,"curve":0.375,"c2":0.5,"c3":0.75},{"time":2.8333}],"translate":[{"curve":"stepped"},{"time":0.5,"curve":"stepped"},{"time":1.3333,"curve":"stepped"},{"time":1.8333,"curve":"stepped"},{"time":2.3333,"curve":"stepped"},{"time":2.8333}],"scale":[{"curve":0.022,"c2":0.4,"c3":0.353},{"time":0.2507,"y":0.586,"curve":0.375,"c2":0.5,"c3":0.75},{"time":0.5,"curve":0.022,"c2":0.4,"c3":0.353},{"time":0.7507,"y":0.586,"curve":0.375,"c2":0.5,"c3":0.75},{"time":1.3333,"curve":0.022,"c2":0.4,"c3":0.353},{"time":1.6,"y":0.586,"curve":0.375,"c2":0.5,"c3":0.75},{"time":1.8333,"curve":0.022,"c2":0.4,"c3":0.353},{"time":2.1,"y":0.586,"curve":0.375,"c2":0.5,"c3":0.75},{"time":2.3333,"curve":0.022,"c2":0.4,"c3":0.353},{"time":2.6,"y":0.586,"curve":0.375,"c2":0.5,"c3":0.75},{"time":2.8333}]},"leg3_first":{"rotate":[{"curve":0.25,"c3":0.625,"c4":0.5},{"time":0.5,"angle":-16.94,"curve":0.375,"c2":0.5,"c3":0.75},{"time":1.2667,"angle":-28.71,"curve":0.333,"c2":0.33,"c3":0.667,"c4":0.67},{"time":1.3333,"angle":-42.64,"curve":0.378,"c2":0.52,"c3":0.748},{"time":1.7667,"angle":-39.72,"curve":0.116,"c2":0.56,"c3":0.748},{"time":2.8333}],"translate":[{"curve":"stepped"},{"time":2.8333}],"scale":[{"curve":"stepped"},{"time":2.8333}]},"leg2_first":{"rotate":[{"curve":0.25,"c3":0.625,"c4":0.5},{"time":0.5,"angle":28.05,"curve":0.375,"c2":0.5,"c3":0.75},{"time":1.2667,"angle":39.69,"curve":0.333,"c2":0.33,"c3":0.667,"c4":0.67},{"time":1.3333,"angle":77.03,"curve":0.378,"c2":0.52,"c3":0.748},{"time":1.7667,"angle":69.59,"curve":0.116,"c2":0.56,"c3":0.748},{"time":2.8333}],"translate":[{"curve":"stepped"},{"time":2.8333}],"scale":[{"curve":"stepped"},{"time":2.8333}]},"leg1_first":{"rotate":[{"curve":0.25,"c3":0.625,"c4":0.5},{"time":0.5,"angle":-6.66,"curve":0.375,"c2":0.5,"c3":0.75},{"time":1.2667,"angle":-1.44,"curve":0.375,"c2":0.5,"c3":0.75},{"time":2.8333}],"translate":[{"curve":"stepped"},{"time":2.8333}],"scale":[{"curve":"stepped"},{"time":2.8333}]},"leg3_second":{"rotate":[{"curve":0.25,"c3":0.625,"c4":0.5},{"time":0.5,"angle":-18.48,"curve":0.375,"c2":0.5,"c3":0.75},{"time":1.2667,"angle":-26.43,"curve":0.333,"c2":0.33,"c3":0.667,"c4":0.67},{"time":1.3333,"angle":-52.95,"curve":0.378,"c2":0.52,"c3":0.748},{"time":1.7667,"angle":-50.02,"curve":0.116,"c2":0.56,"c3":0.748},{"time":2.8333}],"translate":[{"curve":"stepped"},{"time":2.8333}],"scale":[{"curve":"stepped"},{"time":2.8333}]},"leg2_second":{"rotate":[{"curve":0.25,"c3":0.625,"c4":0.5},{"time":0.5,"angle":8.47,"curve":0.848,"c2":0.04,"c3":0.75},{"time":1.2667,"angle":25.96,"curve":0.359,"c2":0.13,"c3":0.692,"c4":0.47},{"time":1.3333,"angle":69.42,"curve":0.806,"c2":0.14,"c3":0.723},{"time":1.7667,"angle":61.99,"curve":0.116,"c2":0.56,"c3":0.723},{"time":2.8333}],"translate":[{"curve":"stepped"},{"time":2.8333}],"scale":[{"curve":"stepped"},{"time":2.8333}]},"leg1_second":{"rotate":[{"curve":0.25,"c3":0.625,"c4":0.5},{"time":0.5,"angle":-3.7,"curve":0.375,"c2":0.5,"c3":0.75},{"time":1.2667,"angle":-10.36,"curve":0.375,"c2":0.5,"c3":0.75},{"time":2.8333}],"translate":[{"curve":"stepped"},{"time":2.8333}],"scale":[{"curve":"stepped"},{"time":2.8333}]},"leg3_first_back":{"rotate":[{"curve":0.25,"c3":0.625,"c4":0.5},{"time":0.5,"angle":9.25,"curve":0.375,"c2":0.5,"c3":0.75},{"time":1.2667,"angle":11.76,"curve":0.375,"c2":0.5,"c3":0.75},{"time":2.8333}],"translate":[{"curve":"stepped"},{"time":2.8333}],"scale":[{"curve":"stepped"},{"time":2.8333}]},"leg2_first_back":{"rotate":[{"curve":0.25,"c3":0.625,"c4":0.5},{"time":0.5,"angle":-19.53,"curve":0.375,"c2":0.5,"c3":0.75},{"time":1.2667,"angle":-29.06,"curve":0.333,"c2":0.33,"c3":0.667,"c4":0.67},{"time":1.3333,"angle":-63.64,"curve":"stepped"},{"time":1.7667,"angle":-63.64,"curve":0.116,"c2":0.56,"c3":0.748},{"time":2.8333}],"translate":[{"curve":"stepped"},{"time":2.8333}],"scale":[{"curve":"stepped"},{"time":2.8333}]},"leg1_first_back":{"rotate":[{"curve":0.25,"c3":0.625,"c4":0.5},{"time":0.5,"angle":-4.47,"curve":"stepped"},{"time":1.2667,"angle":-4.47,"curve":0.375,"c2":0.5,"c3":0.75},{"time":2.8333}],"translate":[{"curve":"stepped"},{"time":2.8333}],"scale":[{"curve":"stepped"},{"time":2.8333}]},"leg3_second_back":{"rotate":[{"curve":0.25,"c3":0.625,"c4":0.5},{"time":0.5,"angle":8.07,"curve":0.375,"c2":0.5,"c3":0.75},{"time":1.2667,"angle":10.58,"curve":0.375,"c2":0.5,"c3":0.75},{"time":2.8333}],"translate":[{"curve":"stepped"},{"time":2.8333}],"scale":[{"curve":"stepped"},{"time":2.8333}]},"leg2_second_back":{"rotate":[{"curve":0.25,"c3":0.625,"c4":0.5},{"time":0.5,"angle":-19.83,"curve":0.375,"c2":0.5,"c3":0.75},{"time":1.2667,"angle":-26.37,"curve":0.333,"c2":0.33,"c3":0.667,"c4":0.67},{"time":1.3333,"angle":-50.09,"curve":0.378,"c2":0.52,"c3":0.748},{"time":1.7667,"angle":-43.83,"curve":0.116,"c2":0.56,"c3":0.748},{"time":2.8333}],"translate":[{"curve":"stepped"},{"time":2.8333}],"scale":[{"curve":"stepped"},{"time":2.8333}]},"leg1_second_back":{"rotate":[{"curve":0.25,"c3":0.625,"c4":0.5},{"time":0.5,"angle":-10.73,"curve":"stepped"},{"time":1.2667,"angle":-10.73,"curve":0.375,"c2":0.5,"c3":0.75},{"time":2.8333}],"translate":[{"curve":"stepped"},{"time":2.8333}],"scale":[{"curve":"stepped"},{"time":2.8333}]},"horn1":{"rotate":[{"curve":0.528,"c3":0.818,"c4":0.47},{"time":1.2667,"angle":-19.92,"curve":0.344,"c2":0.33,"c3":0.677,"c4":0.66},{"time":1.3333,"angle":58.76,"curve":0.36,"c2":0.33,"c3":0.692,"c4":0.67},{"time":1.5,"angle":52.67,"curve":0.384,"c2":0.34,"c3":0.71,"c4":0.68},{"time":1.8333,"angle":26.77,"curve":0.349,"c2":0.34,"c3":0.681,"c4":0.68},{"time":2.0333,"angle":-20.27,"curve":0.361,"c2":0.4,"c3":0.674,"c4":0.74},{"time":2.4667,"angle":-36.59,"curve":0.308,"c2":0.51,"c3":0.627,"c4":0.87},{"time":2.8333}],"translate":[{"curve":"stepped"},{"time":2.8333}],"scale":[{"curve":"stepped"},{"time":2.8333}]},"horn2":{"rotate":[{"curve":0.28,"c3":0.623,"c4":0.39},{"time":1.2667,"angle":-19.92,"curve":0.332,"c2":0.33,"c3":0.665,"c4":0.66},{"time":1.3333,"angle":58.73,"curve":0.33,"c2":0.32,"c3":0.663,"c4":0.65},{"time":1.5,"angle":53,"curve":0.327,"c2":0.31,"c3":0.661,"c4":0.65},{"time":1.8333,"angle":29.49,"curve":0.332,"c2":0.33,"c3":0.665,"c4":0.66},{"time":2.0333,"angle":-16.46,"curve":0.329,"c2":0.32,"c3":0.663,"c4":0.66},{"time":2.4667,"angle":-38.51,"curve":0.332,"c2":0.33,"c3":0.666,"c4":0.66},{"time":2.8333}],"translate":[{"curve":"stepped"},{"time":2.8333}],"scale":[{"curve":"stepped"},{"time":2.8333}]},"horn3":{"rotate":[{"curve":0.28,"c3":0.623,"c4":0.39},{"time":1.2667,"angle":-19.92,"curve":0.332,"c2":0.33,"c3":0.665,"c4":0.66},{"time":1.3333,"angle":58.73,"curve":0.33,"c2":0.32,"c3":0.663,"c4":0.65},{"time":1.5,"angle":53,"curve":0.327,"c2":0.31,"c3":0.661,"c4":0.65},{"time":1.8333,"angle":29.49,"curve":0.332,"c2":0.33,"c3":0.665,"c4":0.66},{"time":2.0333,"angle":-16.46,"curve":0.329,"c2":0.32,"c3":0.663,"c4":0.66},{"time":2.4667,"angle":-38.51,"curve":0.332,"c2":0.33,"c3":0.666,"c4":0.66},{"time":2.8333}],"translate":[{"curve":"stepped"},{"time":2.8333}],"scale":[{"curve":"stepped"},{"time":2.8333}]},"effect_attack":{"translate":[{"time":1.3,"x":13.22,"y":-26.02},{"time":1.3667,"x":-124.26,"y":-26.02,"curve":0,"c2":0.46,"c3":0,"c4":0.97},{"time":2.1,"x":-226.56,"y":-26.02}],"scale":[{"time":1.3,"x":0.317,"y":0.317},{"time":1.3667,"x":0.711,"y":0.711,"curve":0,"c2":0.46,"c3":0,"c4":0.97},{"time":2.1,"x":0.928,"y":0.928}]},"effect_attack2":{"translate":[{"time":1.3667,"x":-41.56,"y":-9.59,"curve":0,"c2":0.46,"c3":0,"c4":0.97},{"time":1.4333,"x":-118.29,"y":3.2,"curve":0,"c2":0.46,"c3":0,"c4":0.97},{"time":2.4333,"x":-226.99,"y":3.2}],"scale":[{"time":1.3667,"x":0.168,"y":0.168},{"time":1.4333,"x":0.273,"y":0.273,"curve":0,"c2":0.46,"c3":0,"c4":0.97},{"time":2.4333,"x":0.396,"y":0.396}]}},"deform":{"default":{"body":{"body":[{"curve":0.25,"c3":0.495,"c4":0.99},{"time":0.5,"vertices":[16.85016,-46.28107,20.85556,-31.96698,0,0,0,0,0,0,0,0,0,0,0,0,-12.63556,0.17291,-10.95691,-3.65857,-19.09436,-16.35773,-10.52786,-22.88055,-0.58368,-29.94165,-7.4902,9.27814,-0.23718,-4.67096,4.49768,-12.87262,4.73499,-8.20148,0,0,4.79877,-16.16608,0.064,-7.96448],"curve":"stepped"},{"time":1.2667,"vertices":[16.85016,-46.28107,20.85556,-31.96698,0,0,0,0,0,0,0,0,0,0,0,0,-12.63556,0.17291,-10.95691,-3.65857,-19.09436,-16.35773,-10.52786,-22.88055,-0.58368,-29.94165,-7.4902,9.27814,-0.23718,-4.67096,4.49768,-12.87262,4.73499,-8.20148,0,0,4.79877,-16.16608,0.064,-7.96448],"curve":0.087,"c2":0.91,"c3":0.444,"c4":0.98},{"time":2.8333}]},"body2":{"body2":[{},{"time":0.5,"offset":2,"vertices":[-17.03949,6.80042,-13.94659,24.29596,-17.22739,43.51648,-5.13434,19.44849,6.11627,11.47864,0,0,0,0,-7.38495,-14.14496,-34.04944,-1.45648,0,0,0,0,2.28024,18.53638],"curve":"stepped"},{"time":1.2667,"offset":2,"vertices":[-17.03949,6.80042,-13.94659,24.29596,-17.22739,43.51648,-5.13434,19.44849,6.11627,11.47864,0,0,0,0,-7.38495,-14.14496,-34.04944,-1.45648,0,0,0,0,2.28024,18.53638],"curve":0.502,"c3":0.413,"c4":0.99},{"time":2.8333}]},"body3":{"body3":[{"curve":0.25,"c3":0.638},{"time":0.5,"offset":2,"vertices":[-0.74213,-7.37088,-8.37189,-33.28981,-4.84296,-16.71931,-3.91522,-7.50597,-13.6142,-9.6897,-10.65356,-27.36749,-2.66608,-10.79173,0,0,0,0,3.29553,17.04752,0,0,-0.77698,7.97791,-5.82831,23.37708,-3.466,36.76768,-54.71741,40.36639,-53.22589,21.00211,-31.52405,2.89101,-1.10199,-10.94905,0,0,-3.44287,-2.81348,6.72864,4.06258,-5.78381,5.32185,-4.9967,13.14243,-10.16107,8.92227,0,0,-18.22961,22.30934],"curve":0.424,"c3":0.529,"c4":0.99},{"time":1.2667,"offset":2,"vertices":[-0.74213,-7.37088,-8.37189,-33.28981,-4.84296,-16.71931,-3.91522,-7.50597,-13.6142,-9.6897,-10.65356,-27.36749,-2.66608,-10.79173,0,0,0,0,16.32916,22.15695,22.27386,11.04507,26.94238,25.7847,4.23749,33.10651,-1.46918,92.15047,-80.27429,77.53387,-69.71704,36.5137,-48.84076,14.60893,-1.10199,-10.94905,0,0,-3.44287,-2.81348,6.72864,4.06258,-5.78381,5.32185,-4.9967,13.14243,-10.16107,8.92227,0,0,-18.22961,22.30934],"curve":0.447,"c3":0.701,"c4":0.54},{"time":2.1667,"offset":2,"vertices":[-0.25373,-2.52011,-2.86236,-11.38182,-1.65581,-5.71635,-1.33862,-2.5663,-4.65471,-3.31292,-3.64247,-9.35698,-0.91153,-3.6897,0,0,0,0,5.58296,7.57549,7.61546,3.77632,9.21163,8.81581,1.4488,11.31915,-0.50231,31.50634,-27.44587,26.50891,-23.83633,12.48407,-16.69871,4.99481,-0.37677,-3.74349,0,0,-1.17712,-0.96193,2.30053,1.389,-1.97749,1.81955,-1.70838,4.49341,-3.47408,3.05053,0,0,-6.23272,7.62759],"curve":0.298,"c2":0.4,"c3":0.615,"c4":0.77},{"time":2.5667,"offset":2,"vertices":[-125.02177,31.75717,-45.29622,2.99712,-0.24834,-0.85734,-0.20077,-0.38489,-0.69811,-0.49687,-0.5463,-1.40336,-0.13671,-0.55338,0,0,0,0,0.83733,1.13617,1.14216,0.56637,1.38156,1.32219,0.21729,1.69764,-0.07534,4.72531,-4.11632,3.9758,-3.57497,1.87236,-2.50447,0.74912,-0.05651,-0.56145,0,0,-0.17654,-0.14427,0.34503,0.20832,-0.29658,0.2729,-0.25622,0.67392,-0.52104,0.45752,0,0,-0.93478,1.14398],"curve":0.294,"c2":0.61,"c3":0.622,"c4":0.99},{"time":2.8333}]},"head":{"head":[{},{"time":0.5,"vertices":[18.61566,-23.05202,18.32538,-2.85121,0,0,12.04474,0.90118,0.1347,-4.76782,0,0,-0.11401,-5.89757,0,0,0,0,0,0,2.2597,-0.49763,0,0,-3.16058,12.54131,-7.43066,14.66623,-14.18884,5.49397,-12.04364,-0.90131,0,0,-6.50885,-8.04279,2.87146,7.65936,8.90399,2.77722,-4.51892,0.99521,-9.53546,-0.2691,-3.00574,-2.89162,0,0,13.30994,-4.11557,7.77429,3.02608,0,0,-5.01642,-1.26427]},{"time":1.2667,"vertices":[18.61566,-23.05202,18.32538,-2.85121,-2.41858,-4.34308,12.04474,0.90118,5.44031,-10.56703,5.30524,-5.79915,6.44482,-13.53287,0,0,0,0,27.24817,17.25832,31.92645,21.10367,9.67395,17.37227,4.09479,25.57059,-17.45911,29.3539,-28.47198,14.58524,-25.07318,6.35385,0,0,-6.50885,-8.04279,2.87146,7.65936,8.90399,2.77722,-4.51892,0.99521,-9.53546,-0.2691,2.79346,2.41357,0,0,13.30994,-4.11557,7.77429,3.02608,0,0,-5.01642,-1.26427]},{"time":2.8333}]}}}},"idle":{"bones":{"root":{"rotate":[{"curve":"stepped"},{"time":1}],"translate":[{"curve":"stepped"},{"time":1}],"scale":[{"curve":"stepped"},{"time":1}]},"body":{"rotate":[{"curve":0.25,"c3":0.495,"c4":0.99},{"time":0.5,"angle":14.71,"curve":0.601,"c2":0.03,"c3":0.444,"c4":0.98},{"time":1}],"translate":[{"curve":0.25,"c3":0.495,"c4":0.99},{"time":0.5,"y":92.09,"curve":0.601,"c2":0.03,"c3":0.444,"c4":0.98},{"time":1}],"scale":[{"curve":"stepped"},{"time":1}]},"neck":{"rotate":[{"curve":0.25,"c3":0.75},{"time":0.5,"angle":3.3},{"time":1}],"translate":[{"curve":"stepped"},{"time":1}],"scale":[{"curve":"stepped"},{"time":1}]},"head":{"rotate":[{"curve":0.25,"c3":0.75},{"time":0.5,"angle":5.43},{"time":1}],"translate":[{"curve":"stepped"},{"time":1}],"scale":[{"curve":"stepped"},{"time":1}]},"mouth":{"rotate":[{"curve":0.25,"c3":0.75},{"time":0.5,"angle":22.61,"curve":0.903,"c2":0.01,"c3":0.934,"c4":0.8},{"time":1}],"translate":[{"curve":"stepped"},{"time":1}],"scale":[{"curve":"stepped"},{"time":1}]},"body2":{"rotate":[{"curve":0.25,"c3":0.75},{"time":0.5,"angle":-3.35,"curve":0.502,"c3":0.413,"c4":0.99},{"time":1}],"translate":[{"curve":"stepped"},{"time":1}],"scale":[{"curve":"stepped"},{"time":1}]},"body3":{"rotate":[{"curve":0.25,"c3":0.75},{"time":0.5,"angle":-6.14,"curve":0.424,"c3":0.529,"c4":0.99},{"time":1}],"translate":[{"curve":"stepped"},{"time":1}],"scale":[{"curve":"stepped"},{"time":1}]},"wing1":{"rotate":[{"curve":0.25,"c3":0.625,"c4":0.5},{"time":0.2507,"angle":-25.6,"curve":0.375,"c2":0.5,"c3":0.75},{"time":0.5,"curve":0.25,"c3":0.625,"c4":0.5},{"time":0.7507,"angle":-25.6,"curve":1,"c2":0.01,"c3":0.804,"c4":0.72},{"time":1}],"translate":[{"curve":"stepped"},{"time":0.5,"curve":"stepped"},{"time":1}],"scale":[{"curve":0.25,"c3":0.625,"c4":0.5},{"time":0.2507,"y":0.439,"curve":0.375,"c2":0.5,"c3":0.75},{"time":0.5,"curve":0.893,"c3":0.114},{"time":0.7507,"y":0.439,"curve":0.375,"c2":0.5,"c3":0.75},{"time":1}]},"wing2":{"rotate":[{"curve":0.25,"c3":0.625,"c4":0.5},{"time":0.2507,"angle":-18.7,"curve":0.375,"c2":0.5,"c3":0.75},{"time":0.5,"curve":0.25,"c3":0.625,"c4":0.5},{"time":0.7507,"angle":-18.7,"curve":0.375,"c2":0.5,"c3":0.75},{"time":1}],"translate":[{"curve":"stepped"},{"time":0.5,"curve":"stepped"},{"time":1}],"scale":[{"curve":0.25,"c3":0.625,"c4":0.5},{"time":0.2507,"y":0.424,"curve":0.763,"c2":0.01,"c3":0.941,"c4":0.66},{"time":0.5,"curve":0.25,"c3":0.625,"c4":0.5},{"time":0.7507,"y":0.424,"curve":0.375,"c2":0.5,"c3":0.75},{"time":1}]},"wing3":{"rotate":[{"curve":0.25,"c3":0.625,"c4":0.5},{"time":0.2507,"angle":36.93,"curve":0.375,"c2":0.5,"c3":0.75},{"time":0.5,"curve":0.25,"c3":0.625,"c4":0.5},{"time":0.7532,"angle":36.93,"curve":0.375,"c2":0.5,"c3":0.75},{"time":1}],"translate":[{"curve":"stepped"},{"time":0.5,"curve":"stepped"},{"time":1}],"scale":[{"curve":0.25,"c3":0.625,"c4":0.5},{"time":0.2507,"y":0.461,"curve":0.375,"c2":0.5,"c3":0.75},{"time":0.5,"curve":0.25,"c3":0.625,"c4":0.5},{"time":0.7532,"y":0.461,"curve":0.375,"c2":0.5,"c3":0.75},{"time":1}]},"wing4":{"rotate":[{"curve":0.25,"c3":0.625,"c4":0.5},{"time":0.2507,"angle":61.98,"curve":0.375,"c2":0.5,"c3":0.75},{"time":0.5,"curve":0.25,"c3":0.625,"c4":0.5},{"time":0.7532,"angle":61.98,"curve":0.375,"c2":0.5,"c3":0.75},{"time":1}],"translate":[{"curve":"stepped"},{"time":0.5,"curve":"stepped"},{"time":1}],"scale":[{"curve":0.022,"c2":0.4,"c3":0.353},{"time":0.2507,"y":0.586,"curve":0.375,"c2":0.5,"c3":0.75},{"time":0.5,"curve":0.25,"c3":0.625,"c4":0.5},{"time":0.7532,"y":0.586,"curve":0.375,"c2":0.5,"c3":0.75},{"time":1}]},"leg3_first":{"rotate":[{"curve":0.25,"c3":0.625,"c4":0.5},{"time":0.5,"angle":-16.94,"curve":0.375,"c2":0.5,"c3":0.75},{"time":1}],"translate":[{"curve":"stepped"},{"time":1}],"scale":[{"curve":"stepped"},{"time":1}]},"leg2_first":{"rotate":[{"curve":0.25,"c3":0.625,"c4":0.5},{"time":0.5,"angle":28.05,"curve":0.375,"c2":0.5,"c3":0.75},{"time":1}],"translate":[{"curve":"stepped"},{"time":1}],"scale":[{"curve":"stepped"},{"time":1}]},"leg1_first":{"rotate":[{"curve":0.25,"c3":0.625,"c4":0.5},{"time":0.5,"angle":-6.66,"curve":0.375,"c2":0.5,"c3":0.75},{"time":1}],"translate":[{"curve":"stepped"},{"time":1}],"scale":[{"curve":"stepped"},{"time":1}]},"leg3_second":{"rotate":[{"curve":0.25,"c3":0.625,"c4":0.5},{"time":0.5,"angle":-18.48,"curve":0.375,"c2":0.5,"c3":0.75},{"time":1}],"translate":[{"curve":"stepped"},{"time":1}],"scale":[{"curve":"stepped"},{"time":1}]},"leg2_second":{"rotate":[{"curve":0.25,"c3":0.625,"c4":0.5},{"time":0.5,"angle":8.47,"curve":0.848,"c2":0.04,"c3":0.75},{"time":1}],"translate":[{"curve":"stepped"},{"time":1}],"scale":[{"curve":"stepped"},{"time":1}]},"leg1_second":{"rotate":[{"curve":0.25,"c3":0.625,"c4":0.5},{"time":0.5,"angle":-3.7,"curve":0.375,"c2":0.5,"c3":0.75},{"time":1}],"translate":[{"curve":"stepped"},{"time":1}],"scale":[{"curve":"stepped"},{"time":1}]},"leg3_first_back":{"rotate":[{"curve":0.25,"c3":0.625,"c4":0.5},{"time":0.5,"angle":9.25,"curve":0.375,"c2":0.5,"c3":0.75},{"time":1}],"translate":[{"curve":"stepped"},{"time":1}],"scale":[{"curve":"stepped"},{"time":1}]},"leg2_first_back":{"rotate":[{"curve":0.25,"c3":0.625,"c4":0.5},{"time":0.5,"angle":-19.53,"curve":0.375,"c2":0.5,"c3":0.75},{"time":1}],"translate":[{"curve":"stepped"},{"time":1}],"scale":[{"curve":"stepped"},{"time":1}]},"leg1_first_back":{"rotate":[{"curve":0.25,"c3":0.625,"c4":0.5},{"time":0.5,"angle":-4.47,"curve":0.375,"c2":0.5,"c3":0.75},{"time":1}],"translate":[{"curve":"stepped"},{"time":1}],"scale":[{"curve":"stepped"},{"time":1}]},"leg3_second_back":{"rotate":[{"curve":0.25,"c3":0.625,"c4":0.5},{"time":0.5,"angle":8.07,"curve":0.375,"c2":0.5,"c3":0.75},{"time":1}],"translate":[{"curve":"stepped"},{"time":1}],"scale":[{"curve":"stepped"},{"time":1}]},"leg2_second_back":{"rotate":[{"curve":0.25,"c3":0.625,"c4":0.5},{"time":0.5,"angle":-19.83,"curve":0.375,"c2":0.5,"c3":0.75},{"time":1}],"translate":[{"curve":"stepped"},{"time":1}],"scale":[{"curve":"stepped"},{"time":1}]},"leg1_second_back":{"rotate":[{"curve":0.25,"c3":0.625,"c4":0.5},{"time":0.5,"angle":-10.73,"curve":0.375,"c2":0.5,"c3":0.75},{"time":1}],"translate":[{"curve":"stepped"},{"time":1}],"scale":[{"curve":"stepped"},{"time":1}]},"horn1":{"rotate":[{"curve":0.831,"c3":0.825,"c4":0.93},{"time":0.5,"angle":-17.74,"curve":0.284,"c2":0.5,"c3":0.61,"c4":0.99},{"time":1}],"translate":[{"curve":"stepped"},{"time":1}],"scale":[{"curve":"stepped"},{"time":1}]},"horn2":{"rotate":[{"curve":0.25,"c3":0.625,"c4":0.5},{"time":0.5,"angle":-24.76,"curve":0.375,"c2":0.5,"c3":0.75},{"time":1}],"translate":[{"curve":"stepped"},{"time":1}],"scale":[{"curve":"stepped"},{"time":1}]},"horn3":{"rotate":[{"curve":0.25,"c3":0.625,"c4":0.5},{"time":0.5,"angle":-29.78,"curve":0.705,"c2":0.05,"c3":0.706,"c4":0.96},{"time":1}],"translate":[{"curve":"stepped"},{"time":1}],"scale":[{"curve":"stepped"},{"time":1}]}},"deform":{"default":{"body":{"body":[{"curve":0.25,"c3":0.495,"c4":0.99},{"time":0.5,"vertices":[16.85016,-46.28107,20.85556,-31.96698,0,0,0,0,0,0,0,0,0,0,0,0,-12.63556,0.17291,-10.95691,-3.65857,-19.09436,-16.35773,-10.52786,-22.88055,-0.58368,-29.94165,-7.4902,9.27814,-0.23718,-4.67096,4.49768,-12.87262,4.73499,-8.20148,0,0,4.79877,-16.16608,0.064,-7.96448],"curve":0.601,"c2":0.03,"c3":0.444,"c4":0.98},{"time":1}]},"body2":{"body2":[{},{"time":0.5,"offset":2,"vertices":[-17.03949,6.80042,-13.94659,24.29596,-17.22739,43.51648,-5.13434,19.44849,6.11627,11.47864,0,0,0,0,-7.38495,-14.14496,-34.04944,-1.45648,0,0,0,0,2.28024,18.53638],"curve":0.502,"c3":0.413,"c4":0.99},{"time":1}]},"body3":{"body3":[{"curve":0.25,"c3":0.638},{"time":0.5,"offset":2,"vertices":[-0.74213,-7.37088,-8.37189,-33.28981,-4.84296,-16.71931,-3.91522,-7.50597,-13.6142,-9.6897,-10.65356,-27.36749,-2.66608,-10.79173,0,0,0,0,3.29553,17.04752,0,0,-0.77698,7.97791,-5.82831,23.37708,-3.466,36.76768,-54.71741,40.36639,-53.22589,21.00211,-31.52405,2.89101,-1.10199,-10.94905,0,0,-3.44287,-2.81348,6.72864,4.06258,-5.78381,5.32185,-4.9967,13.14243,-10.16107,8.92227,0,0,-18.22961,22.30934],"curve":0.424,"c3":0.529,"c4":0.99},{"time":1}]},"head":{"head":[{},{"time":0.5,"vertices":[18.61566,-23.05202,18.32538,-2.85121,0,0,12.04474,0.90118,0.1347,-4.76782,0,0,-0.11401,-5.89757,0,0,0,0,0,0,2.2597,-0.49763,0,0,-3.16058,12.54131,-7.43066,14.66623,-14.18884,5.49397,-12.04364,-0.90131,0,0,-6.50885,-8.04279,2.87146,7.65936,8.90399,2.77722,-4.51892,0.99521,-9.53546,-0.2691,-3.00574,-2.89162,0,0,13.30994,-4.11557,7.77429,3.02608,0,0,-5.01642,-1.26427]},{"time":1}]}}}},"skill":{"slots":{"effect_exe":{"color":[{"time":0.8333,"color":"ffffff00","curve":0.972,"c2":-0.01,"c3":0.75},{"time":0.9333,"color":"ffffffff"},{"time":1.8333,"color":"ffffff00"}],"attachment":[{"time":0.8333,"name":"effect_exe"}]},"fog":{"color":[{"time":1.2333,"color":"ffffff00"},{"time":1.5,"color":"ffffffff"},{"time":2.6667,"color":"ffffff00"}],"attachment":[{"time":1.2333,"name":"fog"}]},"fog2":{"color":[{"time":1.7667,"color":"ffffff00"},{"time":2,"color":"ffffffff"},{"time":3.3333,"color":"ffffff00"}],"attachment":[{"time":1.7667,"name":"fog2"}]},"fog3":{"color":[{"time":2.3333,"color":"ffffff00"},{"time":2.5333,"color":"ffffffff"},{"time":3.5667,"color":"ffffff00"}],"attachment":[{"time":2.3333,"name":"fog3"}]}},"bones":{"root":{"rotate":[{"curve":"stepped"},{"time":3.8333}],"translate":[{"curve":"stepped"},{"time":3.8333}],"scale":[{"curve":"stepped"},{"time":3.8333}]},"body":{"rotate":[{"curve":0.539,"c3":0.41,"c4":0.98},{"time":0.3333,"angle":32.28,"curve":0.835,"c2":0.01,"c3":0.488,"c4":0.98},{"time":0.8333,"angle":47.11,"curve":0.577,"c2":0.18,"c3":0.47,"c4":0.52},{"time":1.1667,"angle":56.89,"curve":0.413,"c2":0.01,"c3":0.59},{"time":1.2667,"angle":-6.12,"curve":0.908,"c2":0.01,"c3":0.995,"c4":0.75},{"time":1.5,"angle":-5.18,"curve":0.265,"c2":0.3,"c3":0.23},{"time":2,"angle":10.33,"curve":0.903,"c3":0.856,"c4":0.73},{"time":2.5,"angle":23.88},{"time":2.8333,"angle":43.17,"curve":"stepped"},{"time":3.3333,"angle":43.17,"curve":0.952,"c2":0.01,"c3":0.75},{"time":3.8333}],"translate":[{"curve":0.566,"c3":0.771,"c4":0.5},{"time":1.1667,"x":93.96,"y":39.28,"curve":0.413,"c2":0.01,"c3":0.59},{"time":1.2667,"x":288.36,"y":92.65,"curve":0.908,"c2":0.01,"c3":0.995,"c4":0.75},{"time":1.5,"x":335.98,"y":128.12,"curve":0.265,"c2":0.3,"c3":0.23},{"time":2,"x":397.39,"y":220.73,"curve":0.903,"c3":0.856,"c4":0.73},{"time":2.5,"x":398.03,"y":225.59,"curve":"stepped"},{"time":2.8333,"x":398.03,"y":225.59,"curve":0.119,"c2":0.52,"c3":0.321},{"time":3.1333,"x":431.83,"y":240.74,"curve":0.858,"c3":0.168},{"time":3.3333,"x":341.54,"y":111.84,"curve":0.952,"c2":0.01,"c3":0.458,"c4":0.97},{"time":3.8333}],"scale":[{"curve":"stepped"},{"time":3.8333}]},"neck":{"rotate":[{},{"time":0.3333,"angle":0.39},{"time":0.8333,"angle":2.48,"curve":0.972,"c2":-0.01,"c3":0.75},{"time":1.1667,"angle":-1.33},{"time":1.2667,"angle":17.82},{"time":1.5,"angle":26.38},{"time":2,"angle":15.28},{"time":2.5,"angle":10.73},{"time":2.8333,"angle":-9.46,"curve":"stepped"},{"time":3.3333,"angle":-9.46},{"time":3.8333}],"translate":[{"curve":"stepped"},{"time":3.8333}],"scale":[{"curve":"stepped"},{"time":3.8333}]},"head":{"rotate":[{"curve":0.621,"c3":0.75},{"time":0.3333,"angle":1.34,"curve":0.716,"c3":0.75},{"time":0.8333,"angle":-12.69,"curve":"stepped"},{"time":1.1667,"angle":-12.69,"curve":0.25,"c3":0.75},{"time":1.2667,"angle":4.69,"curve":"stepped"},{"time":1.5,"angle":4.69,"curve":0.485,"c3":0.502},{"time":2,"angle":-11.2,"curve":"stepped"},{"time":2.5,"angle":-11.2,"curve":"stepped"},{"time":2.8333,"angle":-11.2,"curve":0.886,"c3":0.75},{"time":3.3333,"angle":-22.09,"curve":0.832,"c3":0.75},{"time":3.8333}],"translate":[{"curve":0.621,"c3":0.75},{"time":0.3333,"x":17.6,"y":2.96,"curve":"stepped"},{"time":0.8333,"x":17.6,"y":2.96,"curve":"stepped"},{"time":1.1667,"x":17.6,"y":2.96,"curve":0.25,"c3":0.75},{"time":3.8333}],"scale":[{"curve":"stepped"},{"time":3.8333}]},"mouth":{"rotate":[{"curve":"stepped"},{"time":1.1667},{"time":1.2333,"angle":38.88},{"time":3.8333}],"translate":[{},{"time":1.1667,"x":-19.54,"y":-6.38},{"time":3.8333}],"scale":[{"curve":"stepped"},{"time":3.8333}]},"body2":{"rotate":[{},{"time":0.3333,"angle":-11.2},{"time":0.8333,"angle":-16.12,"curve":"stepped"},{"time":1.1667,"angle":-16.12},{"time":1.2667,"angle":-25.44,"curve":"stepped"},{"time":1.5,"angle":-25.44,"curve":"stepped"},{"time":2,"angle":-25.44,"curve":"stepped"},{"time":2.5,"angle":-25.44},{"time":2.8333,"angle":-27.54},{"time":3.3333,"angle":-17.79},{"time":3.8333}],"translate":[{"curve":"stepped"},{"time":3.8333}],"scale":[{"curve":"stepped"},{"time":3.8333}]},"body3":{"rotate":[{},{"time":0.8333,"angle":-12.15,"curve":0.972,"c2":-0.01,"c3":0.75},{"time":1.1667,"angle":-28.21},{"time":1.2667,"angle":19.41},{"time":1.5,"angle":28.84},{"time":2,"angle":12.68},{"time":2.5,"angle":5.24},{"time":2.8333,"angle":0.37},{"time":3.3333,"angle":29.22},{"time":3.8333}],"translate":[{"curve":"stepped"},{"time":0.8333,"curve":"stepped"},{"time":3.8333}],"scale":[{"curve":"stepped"},{"time":3.8333}]},"wing1":{"rotate":[{"curve":0.25,"c3":0.625,"c4":0.5},{"time":0.2507,"angle":-25.6,"curve":0.375,"c2":0.5,"c3":0.75},{"time":0.5,"curve":0.25,"c3":0.134},{"time":0.8333,"angle":-25.6,"curve":0.972,"c2":-0.01,"c3":0.75},{"time":1.0826,"curve":0.25,"c3":0.625,"c4":0.5},{"time":1.5,"angle":-25.6,"curve":0.375,"c2":0.5,"c3":0.75},{"time":1.7493,"curve":0.25,"c3":0.625,"c4":0.5},{"time":2.0333,"angle":-25.6,"curve":0.375,"c2":0.5,"c3":0.75},{"time":2.2826,"curve":0.25,"c3":0.625,"c4":0.5},{"time":2.6667,"angle":-25.6,"curve":0.375,"c2":0.5,"c3":0.75},{"time":2.9159,"curve":0.25,"c3":0.625,"c4":0.5},{"time":3.4333,"angle":-25.6,"curve":0.375,"c2":0.5,"c3":0.75},{"time":3.8333}],"translate":[{"curve":"stepped"},{"time":0.5,"curve":"stepped"},{"time":1.0826,"curve":"stepped"},{"time":1.7493,"curve":"stepped"},{"time":2.2826,"curve":"stepped"},{"time":2.9159,"curve":"stepped"},{"time":3.8333}],"scale":[{"curve":0.25,"c3":0.625,"c4":0.5},{"time":0.2507,"y":0.439,"curve":0.375,"c2":0.5,"c3":0.75},{"time":0.5,"curve":0.25,"c3":0.134},{"time":0.8333,"y":0.439,"curve":0.972,"c2":-0.01,"c3":0.75},{"time":1.0826,"curve":0.25,"c3":0.625,"c4":0.5},{"time":1.5,"y":0.439,"curve":0.375,"c2":0.5,"c3":0.75},{"time":1.7493,"curve":0.25,"c3":0.625,"c4":0.5},{"time":2.0333,"y":0.439,"curve":0.375,"c2":0.5,"c3":0.75},{"time":2.2826,"curve":0.25,"c3":0.625,"c4":0.5},{"time":2.6667,"y":0.439,"curve":0.375,"c2":0.5,"c3":0.75},{"time":2.9159,"curve":0.25,"c3":0.625,"c4":0.5},{"time":3.4333,"y":0.439,"curve":0.375,"c2":0.5,"c3":0.75},{"time":3.8333}]},"wing2":{"rotate":[{"curve":0.25,"c3":0.625,"c4":0.5},{"time":0.2507,"angle":-18.7,"curve":0.375,"c2":0.5,"c3":0.75},{"time":0.5,"curve":0.25,"c3":0.134},{"time":0.8333,"angle":-18.7,"curve":0.972,"c2":-0.01,"c3":0.75},{"time":1.0826,"curve":0.25,"c3":0.625,"c4":0.5},{"time":1.5,"angle":-18.7,"curve":0.375,"c2":0.5,"c3":0.75},{"time":1.7493,"curve":0.25,"c3":0.625,"c4":0.5},{"time":2.0333,"angle":-18.7,"curve":0.375,"c2":0.5,"c3":0.75},{"time":2.2826,"curve":0.25,"c3":0.625,"c4":0.5},{"time":2.6667,"angle":-18.7,"curve":0.375,"c2":0.5,"c3":0.75},{"time":2.9159,"curve":0.25,"c3":0.625,"c4":0.5},{"time":3.4333,"angle":-18.7,"curve":0.375,"c2":0.5,"c3":0.75},{"time":3.8333}],"translate":[{"curve":"stepped"},{"time":0.5,"curve":"stepped"},{"time":1.0826,"curve":"stepped"},{"time":1.7493,"curve":"stepped"},{"time":2.2826,"curve":"stepped"},{"time":2.9159,"curve":"stepped"},{"time":3.8333}],"scale":[{"curve":0.25,"c3":0.625,"c4":0.5},{"time":0.2507,"y":0.424,"curve":0.763,"c2":0.01,"c3":0.941,"c4":0.66},{"time":0.5,"curve":0.25,"c3":0.134},{"time":0.8333,"y":0.424,"curve":0.972,"c2":-0.01,"c3":0.941,"c4":0.66},{"time":1.0826,"curve":0.25,"c3":0.625,"c4":0.5},{"time":1.5,"y":0.424,"curve":0.763,"c2":0.01,"c3":0.941,"c4":0.66},{"time":1.7493,"curve":0.25,"c3":0.625,"c4":0.5},{"time":2.0333,"y":0.424,"curve":0.763,"c2":0.01,"c3":0.941,"c4":0.66},{"time":2.2826,"curve":0.25,"c3":0.625,"c4":0.5},{"time":2.6667,"y":0.424,"curve":0.763,"c2":0.01,"c3":0.941,"c4":0.66},{"time":2.9159,"curve":0.25,"c3":0.625,"c4":0.5},{"time":3.4333,"y":0.424,"curve":0.763,"c2":0.01,"c3":0.941,"c4":0.66},{"time":3.8333}]},"wing3":{"rotate":[{"curve":0.25,"c3":0.625,"c4":0.5},{"time":0.2507,"angle":36.93,"curve":0.375,"c2":0.5,"c3":0.75},{"time":0.5,"curve":0.25,"c3":0.134},{"time":0.8333,"angle":36.93,"curve":0.972,"c2":-0.01,"c3":0.75},{"time":1.0826,"curve":0.25,"c3":0.625,"c4":0.5},{"time":1.5,"angle":36.93,"curve":0.375,"c2":0.5,"c3":0.75},{"time":1.7493,"curve":0.25,"c3":0.625,"c4":0.5},{"time":2.0333,"angle":36.93,"curve":0.375,"c2":0.5,"c3":0.75},{"time":2.2826,"curve":0.25,"c3":0.625,"c4":0.5},{"time":2.6667,"angle":36.93,"curve":0.375,"c2":0.5,"c3":0.75},{"time":2.9159,"curve":0.25,"c3":0.625,"c4":0.5},{"time":3.4333,"angle":36.93,"curve":0.375,"c2":0.5,"c3":0.75},{"time":3.8333}],"translate":[{"curve":"stepped"},{"time":0.5,"curve":"stepped"},{"time":1.0826,"curve":"stepped"},{"time":1.7493,"curve":"stepped"},{"time":2.2826,"curve":"stepped"},{"time":2.9159,"curve":"stepped"},{"time":3.8333}],"scale":[{"curve":0.25,"c3":0.625,"c4":0.5},{"time":0.2507,"y":0.461,"curve":0.375,"c2":0.5,"c3":0.75},{"time":0.5,"curve":0.25,"c3":0.134},{"time":0.8333,"y":0.461,"curve":0.972,"c2":-0.01,"c3":0.75},{"time":1.0826,"curve":0.25,"c3":0.625,"c4":0.5},{"time":1.5,"y":0.461,"curve":0.375,"c2":0.5,"c3":0.75},{"time":1.7493,"curve":0.25,"c3":0.625,"c4":0.5},{"time":2.0333,"y":0.461,"curve":0.375,"c2":0.5,"c3":0.75},{"time":2.2826,"curve":0.25,"c3":0.625,"c4":0.5},{"time":2.6667,"y":0.461,"curve":0.375,"c2":0.5,"c3":0.75},{"time":2.9159,"curve":0.25,"c3":0.625,"c4":0.5},{"time":3.4333,"y":0.461,"curve":0.375,"c2":0.5,"c3":0.75},{"time":3.8333}]},"wing4":{"rotate":[{"curve":0.25,"c3":0.625,"c4":0.5},{"time":0.2507,"angle":61.98,"curve":0.375,"c2":0.5,"c3":0.75},{"time":0.5,"curve":0.25,"c3":0.134},{"time":0.8333,"angle":61.98,"curve":0.972,"c2":-0.01,"c3":0.75},{"time":1.0826,"curve":0.25,"c3":0.625,"c4":0.5},{"time":1.5,"angle":61.98,"curve":0.375,"c2":0.5,"c3":0.75},{"time":1.7493,"curve":0.25,"c3":0.625,"c4":0.5},{"time":2.0333,"angle":61.98,"curve":0.375,"c2":0.5,"c3":0.75},{"time":2.2826,"curve":0.25,"c3":0.625,"c4":0.5},{"time":2.6667,"angle":61.98,"curve":0.375,"c2":0.5,"c3":0.75},{"time":2.9159,"curve":0.25,"c3":0.625,"c4":0.5},{"time":3.4333,"angle":61.98,"curve":0.375,"c2":0.5,"c3":0.75},{"time":3.8333}],"translate":[{"curve":"stepped"},{"time":0.5,"curve":"stepped"},{"time":1.0826,"curve":"stepped"},{"time":1.7493,"curve":"stepped"},{"time":2.2826,"curve":"stepped"},{"time":2.9159,"curve":"stepped"},{"time":3.8333}],"scale":[{"curve":0.022,"c2":0.4,"c3":0.353},{"time":0.2507,"y":0.586,"curve":0.375,"c2":0.5,"c3":0.75},{"time":0.5,"curve":0.022,"c2":0.4,"c3":0.134},{"time":0.8333,"y":0.586,"curve":0.972,"c2":-0.01,"c3":0.75},{"time":1.0826,"curve":0.022,"c2":0.4,"c3":0.353},{"time":1.5,"y":0.586,"curve":0.375,"c2":0.5,"c3":0.75},{"time":1.7493,"curve":0.022,"c2":0.4,"c3":0.353},{"time":2.0333,"y":0.586,"curve":0.375,"c2":0.5,"c3":0.75},{"time":2.2826,"curve":0.022,"c2":0.4,"c3":0.353},{"time":2.6667,"y":0.586,"curve":0.375,"c2":0.5,"c3":0.75},{"time":2.9159,"curve":0.022,"c2":0.4,"c3":0.353},{"time":3.4333,"y":0.586,"curve":0.375,"c2":0.5,"c3":0.75},{"time":3.8333}]},"leg3_first":{"rotate":[{},{"time":0.3333,"angle":28.56,"curve":"stepped"},{"time":0.8333,"angle":28.56,"curve":0.972,"c2":-0.01,"c3":0.75},{"time":1.1667,"angle":33.44},{"time":1.2667,"angle":-12.55},{"time":2,"angle":18.69},{"time":2.5,"angle":-29.24},{"time":3.8333}],"translate":[{"curve":"stepped"},{"time":3.8333}],"scale":[{"curve":"stepped"},{"time":3.8333}]},"leg2_first":{"rotate":[{},{"time":0.3333,"angle":-37.84,"curve":"stepped"},{"time":0.8333,"angle":-37.84,"curve":"stepped"},{"time":1.1667,"angle":-37.84},{"time":1.2667,"angle":17.86},{"time":2,"angle":-4.48},{"time":2.5,"angle":22.3},{"time":3.8333}],"translate":[{"curve":"stepped"},{"time":3.8333}],"scale":[{"curve":"stepped"},{"time":3.8333}]},"leg1_first":{"rotate":[{"curve":"stepped"},{"time":3.8333}],"translate":[{"curve":"stepped"},{"time":3.8333}],"scale":[{"curve":"stepped"},{"time":3.8333}]},"leg3_second":{"rotate":[{},{"time":0.3333,"angle":28.56,"curve":"stepped"},{"time":0.8333,"angle":28.56,"curve":0.972,"c2":-0.01,"c3":0.75},{"time":1.1667,"angle":33.44},{"time":1.2667,"angle":-12.55},{"time":2,"angle":18.69},{"time":2.5,"angle":-29.24},{"time":3.8333}],"translate":[{"curve":"stepped"},{"time":3.8333}],"scale":[{"curve":"stepped"},{"time":3.8333}]},"leg2_second":{"rotate":[{},{"time":0.3333,"angle":-37.84,"curve":"stepped"},{"time":0.8333,"angle":-37.84,"curve":"stepped"},{"time":1.1667,"angle":-37.84},{"time":1.2667,"angle":17.86},{"time":2,"angle":-4.48},{"time":2.5,"angle":22.3},{"time":3.8333}],"translate":[{"curve":"stepped"},{"time":3.8333}],"scale":[{"curve":"stepped"},{"time":3.8333}]},"leg1_second":{"rotate":[{"curve":"stepped"},{"time":3.8333}],"translate":[{"curve":"stepped"},{"time":3.8333}],"scale":[{"curve":"stepped"},{"time":3.8333}]},"leg3_first_back":{"rotate":[{},{"time":0.3333,"angle":-76.54,"curve":"stepped"},{"time":0.8333,"angle":-76.54,"curve":0.972,"c2":-0.01,"c3":0.75},{"time":1.1667,"angle":-81.73},{"time":1.2667,"angle":-7.99},{"time":3.8333}],"translate":[{"curve":"stepped"},{"time":3.8333}],"scale":[{"curve":"stepped"},{"time":3.8333}]},"leg2_first_back":{"rotate":[{},{"time":0.3333,"angle":54.69,"curve":"stepped"},{"time":0.8333,"angle":54.69,"curve":"stepped"},{"time":1.1667,"angle":54.69},{"time":2.5,"angle":-18.94},{"time":3.8333}],"translate":[{"curve":"stepped"},{"time":3.8333}],"scale":[{"curve":"stepped"},{"time":3.8333}]},"leg1_first_back":{"rotate":[{"curve":"stepped"},{"time":3.8333}],"translate":[{"curve":"stepped"},{"time":3.8333}],"scale":[{"curve":"stepped"},{"time":3.8333}]},"leg3_second_back":{"rotate":[{},{"time":0.3333,"angle":-76.54,"curve":"stepped"},{"time":0.8333,"angle":-76.54,"curve":0.972,"c2":-0.01,"c3":0.75},{"time":1.1667,"angle":-81.73},{"time":1.2667,"angle":-7.99},{"time":3.8333}],"translate":[{"curve":"stepped"},{"time":3.8333}],"scale":[{"curve":"stepped"},{"time":3.8333}]},"leg2_second_back":{"rotate":[{},{"time":0.3333,"angle":54.69,"curve":"stepped"},{"time":0.8333,"angle":54.69,"curve":"stepped"},{"time":1.1667,"angle":54.69},{"time":2.5,"angle":-18.94},{"time":3.8333}],"translate":[{"curve":"stepped"},{"time":3.8333}],"scale":[{"curve":"stepped"},{"time":3.8333}]},"leg1_second_back":{"rotate":[{"curve":"stepped"},{"time":3.8333}],"translate":[{"curve":"stepped"},{"time":3.8333}],"scale":[{"curve":"stepped"},{"time":3.8333}]},"horn1":{"rotate":[{},{"time":1.1667,"angle":-14.95},{"time":1.2667,"angle":30.55},{"time":1.6667,"angle":16.2},{"time":2,"angle":-2.53},{"time":2.8333,"angle":-6.73},{"time":3.1667,"angle":-15.66},{"time":3.8333}],"translate":[{"curve":"stepped"},{"time":3.8333}],"scale":[{"curve":"stepped"},{"time":3.8333}]},"horn2":{"rotate":[{},{"time":1.1667,"angle":-14.95},{"time":1.2667,"angle":30.55},{"time":1.6667,"angle":16.2},{"time":2,"angle":-2.53},{"time":2.8333,"angle":-6.73},{"time":3.1667,"angle":-15.66},{"time":3.8333}],"translate":[{"curve":"stepped"},{"time":3.8333}],"scale":[{"curve":"stepped"},{"time":3.8333}]},"horn3":{"rotate":[{},{"time":1.1667,"angle":-14.95},{"time":1.2667,"angle":30.55},{"time":1.6667,"angle":16.2},{"time":2,"angle":-2.53},{"time":2.8333,"angle":-6.73},{"time":3.1667,"angle":-15.66},{"time":3.8333}],"translate":[{"curve":"stepped"},{"time":3.8333}],"scale":[{"curve":"stepped"},{"time":3.8333}]},"effect_attack":{"rotate":[{"curve":"stepped"},{"time":3.8333}],"translate":[{"curve":"stepped"},{"time":3.8333}],"scale":[{"curve":"stepped"},{"time":3.8333}]},"effect_attack2":{"rotate":[{"curve":"stepped"},{"time":3.8333}],"translate":[{"curve":"stepped"},{"time":3.8333}],"scale":[{"curve":"stepped"},{"time":3.8333}]},"effect_eye":{"translate":[{"time":0.8333,"x":0.13,"y":-10.64}],"scale":[{"time":0.8333,"x":0.372,"y":0.372,"curve":0.972,"c2":-0.01,"c3":0.75},{"time":0.9333,"x":1.065,"y":1.065},{"time":1.8333,"x":1.279,"y":1.279}]},"fog1":{"translate":[{"time":1.2333,"x":-66.85,"y":-29.07},{"time":1.5,"x":-387.94,"y":-220.43},{"time":2.6667,"x":-1286.36,"y":-356.24}],"scale":[{"time":1.2333,"x":0.659,"y":0.659},{"time":1.5,"x":3.092,"y":3.092},{"time":2.6667,"x":4.906,"y":4.906}]},"fog2":{"translate":[{"time":1.7667,"x":147.28,"y":104.64},{"time":2,"x":-194.42,"y":209.58},{"time":3.3333,"x":-1308.74,"y":234.27}],"scale":[{"time":1.7667},{"time":2,"x":7.317,"y":7.317,"curve":"stepped"},{"time":3.3333,"x":7.317,"y":7.317}]},"fog3":{"translate":[{"time":2.3333,"x":105.99,"y":105.99},{"time":2.5333,"x":-130.84,"y":94.55},{"time":3.5667,"x":-543.21,"y":119.24}],"scale":[{"time":2.3333,"x":0.454,"y":0.454},{"time":2.5333,"x":2.353,"y":2.353},{"time":3.5667,"x":3.225,"y":3.225}]}},"deform":{"default":{"body3":{"body3":[{},{"time":1.1667,"offset":4,"vertices":[10.26666,-30.83353,7.38959,-30.42145,0,0,0,0,0,0,0,0,0,0,0,0,12.7453,6.9841,12.7453,6.9841,0,0,7.40265,10.68521,-1.63446,29.59732,-29.20593,34.30862,-39.01715,1.88776,-12.73834,13.56909]},{"time":3.8333}]}}}}}}