{"skeleton":{"hash":"2w7QaiPG9HSE7kE1jvGlvJ4mD8c","spine":"3.8.76","x":-48.87,"y":-13.06,"width":101.95,"height":157.66,"images":"./images/","audio":""},"bones":[{"name":"root","scaleX":0.15,"scaleY":0.15},{"name":"body","parent":"root","length":149.48,"rotation":86.96,"x":46.24,"y":523.14,"color":"edbc4bff"},{"name":"arm1_left","parent":"body","length":199.25,"rotation":134.08,"x":268.59,"y":101.19,"color":"b9b9b9b1"},{"name":"arm1_right","parent":"body","length":148.87,"rotation":-161.11,"x":208.86,"y":-141,"color":"edbc4bff"},{"name":"arm2_left","parent":"arm1_left","length":252.04,"rotation":50.57,"x":209.55,"y":5.1,"color":"b9b9b9b1"},{"name":"arm2_right","parent":"arm1_right","length":211.64,"rotation":-9.62,"x":180.67,"y":8.43,"color":"edbc4bff"},{"name":"belt_bottom","parent":"body","x":-21.28,"y":2.89,"color":"edbc4bff"},{"name":"belt_top","parent":"body","x":169.03,"y":-28.47,"color":"edbc4bff"},{"name":"bone","parent":"body","length":40.7,"rotation":-179.45,"x":-43.91,"y":1.38,"color":"edbc4bff"},{"name":"bone2","parent":"body","length":100.47,"rotation":-21.84,"x":155.87,"y":4.31,"color":"edbc4bff"},{"name":"bone3","parent":"bone2","length":56.32,"rotation":-14.41,"x":103.6,"y":5.82,"color":"edbc4bff"},{"name":"bone4","parent":"bone3","length":61.92,"rotation":-36.07,"x":68.97,"y":-5.02,"color":"edbc4bff"},{"name":"head","parent":"bone4","length":90.57,"rotation":-35.88,"x":68.9,"y":-7.83,"color":"747474ff"},{"name":"bone5","parent":"head","length":14.42,"rotation":43.84,"x":78.13,"y":67.91,"color":"747474ff"},{"name":"bone6","parent":"bone5","length":15.8,"rotation":40.6,"x":13.53,"y":0.31,"color":"747474ff"},{"name":"bone7","parent":"head","length":23.33,"rotation":59.14,"x":55.77,"y":79.32,"color":"747474ff"},{"name":"bone8","parent":"bone7","length":13.24,"rotation":28.2,"x":23.99,"y":0.12,"color":"747474ff"},{"name":"bone9","parent":"head","length":13.7,"rotation":83.85,"x":41.45,"y":85.64,"color":"747474ff"},{"name":"bone10","parent":"bone9","length":8.11,"rotation":-49.03,"x":14.75,"y":0.08,"color":"747474ff"},{"name":"bone11","parent":"head","length":25.31,"rotation":129.88,"x":29.83,"y":83.9,"color":"747474ff"},{"name":"bone12","parent":"head","length":27.98,"rotation":122.54,"x":11.03,"y":74.17,"color":"747474ff"},{"name":"bone13","parent":"head","length":16.95,"rotation":160.94,"x":-1.15,"y":68.02,"color":"747474ff"},{"name":"bone14","parent":"head","length":18.35,"rotation":128.14,"x":-25.1,"y":48.14,"color":"747474ff"},{"name":"bone15","parent":"bone","length":41.83,"rotation":0.94,"x":44.04,"y":1.23,"color":"edbc4bff"},{"name":"bone16","parent":"bone15","length":44.07,"rotation":1.55,"x":44.08,"y":0.06,"color":"edbc4bff"},{"name":"bone17","parent":"bone16","length":38.49,"rotation":3.37,"x":46.33,"color":"edbc4bff"},{"name":"bone18","parent":"root","length":276.36,"rotation":-85.3,"x":504.76,"y":1185.3,"scaleX":2.9313,"scaleY":2.9313},{"name":"fog1","parent":"root","x":411.46,"y":738.61},{"name":"fog2","parent":"root","x":469.59,"y":738.61},{"name":"fog3","parent":"root","x":538.96,"y":738.61},{"name":"fog4","parent":"root","x":411.46,"y":738.61},{"name":"fog5","parent":"root","x":538.96,"y":738.61},{"name":"fog6","parent":"root","x":469.59,"y":738.61},{"name":"fog7","parent":"root","x":411.46,"y":738.61},{"name":"fog8","parent":"root","x":411.46,"y":738.61},{"name":"fog9","parent":"root","x":538.96,"y":738.61},{"name":"fog10","parent":"root","x":411.46,"y":738.61},{"name":"foot1_left","parent":"root","x":-213.14,"y":46.66,"color":"ff3f00ff"},{"name":"foot1_right","parent":"root","x":146.05,"y":48.1,"color":"ff3f00ff"},{"name":"foot2_left","parent":"root","x":-174.51,"y":-45.54,"color":"ff3f00ff"},{"name":"foot2_right","parent":"root","x":289.25,"y":-16.43,"color":"ff3f00ff"},{"name":"leg1_left","parent":"body","length":276.08,"rotation":162.53,"x":-50.67,"y":49.87,"color":"edbc4bff"},{"name":"leg2_left","parent":"leg1_left","length":188.33,"rotation":-11.55,"x":288.54,"y":-9.36,"color":"edbc4bff"},{"name":"foot_left","parent":"leg2_left","length":87.53,"rotation":67.77,"x":210.66,"y":-7.46,"color":"edbc4bff"},{"name":"leg1_right","parent":"body","length":230.12,"rotation":-133.52,"x":-77.67,"y":-29.63,"color":"edbc4bff"},{"name":"leg2_right","parent":"leg1_right","length":212.99,"rotation":-59.09,"x":229.75,"y":-32.53,"color":"edbc4bff"},{"name":"foot_right","parent":"leg2_right","length":148.44,"rotation":86.89,"x":228.51,"y":-2.99,"color":"edbc4bff"},{"name":"hand_left","parent":"arm2_left","length":110.22,"rotation":29.28,"x":274.33,"y":6.45,"color":"b9b9b9b1"},{"name":"hand_right","parent":"arm2_right","length":73.35,"rotation":-21.61,"x":225.13,"y":-6.81,"color":"edbc4bff"},{"name":"horn","parent":"body","length":69.94,"rotation":23.76,"x":343.73,"y":-13.45,"color":"747474ff"},{"name":"shoulder","parent":"arm1_left","x":-30.9,"y":-15.3,"color":"b9b9b9b1"},{"name":"skill_effect","parent":"root","x":-22.65,"y":507.36,"scaleX":2.2701,"scaleY":2.2701}],"slots":[{"name":"arm1_right","bone":"arm1_right","attachment":"arm1_right"},{"name":"horn","bone":"horn","attachment":"horn"},{"name":"body","bone":"body","attachment":"body"},{"name":"foot_right","bone":"foot_right","attachment":"foot_right"},{"name":"leg1_right","bone":"leg1_right","attachment":"leg1_right"},{"name":"leg2_right","bone":"leg2_right","attachment":"leg2_right"},{"name":"leg1_left","bone":"leg1_left","attachment":"leg1_left"},{"name":"foot_left","bone":"foot_left","attachment":"foot_left"},{"name":"leg2_left","bone":"leg2_left","attachment":"leg2_left"},{"name":"manteau","bone":"bone","attachment":"manteau"},{"name":"belt_bottom","bone":"belt_bottom","attachment":"belt_bottom"},{"name":"belt_top","bone":"belt_top","attachment":"belt_top"},{"name":"hand_right","bone":"hand_right","attachment":"hand_right"},{"name":"arm2_right","bone":"arm2_right","attachment":"arm2_right"},{"name":"arm1_left","bone":"arm1_left","attachment":"arm1_left"},{"name":"shoulder","bone":"shoulder","attachment":"shoulder"},{"name":"hand_left","bone":"hand_left","attachment":"hand_left"},{"name":"arm2_left","bone":"arm2_left","attachment":"arm2_left"},{"name":"head","bone":"head","attachment":"head"},{"name":"g_1","bone":"bone18"},{"name":"g_10","bone":"bone18"},{"name":"g_11","bone":"bone18"},{"name":"g_2","bone":"bone18"},{"name":"g_3","bone":"bone18"},{"name":"g_4","bone":"bone18"},{"name":"g_5","bone":"bone18"},{"name":"g_6","bone":"bone18"},{"name":"g_7","bone":"bone18"},{"name":"g_8","bone":"bone18"},{"name":"g_9","bone":"bone18"},{"name":"b_1","bone":"skill_effect","blend":"multiply"},{"name":"fog1","bone":"fog1"},{"name":"fog7","bone":"fog7"},{"name":"fog8","bone":"fog8"},{"name":"fog10","bone":"fog10"},{"name":"fog4","bone":"fog4"},{"name":"fog2","bone":"fog2"},{"name":"fog6","bone":"fog6"},{"name":"fog3","bone":"fog3"},{"name":"fog5","bone":"fog5"},{"name":"fog9","bone":"fog9"}],"ik":[{"name":"foot1_left","order":2,"bones":["leg1_left","leg2_left"],"target":"foot1_left","bendPositive":false},{"name":"foot1_right","bones":["leg1_right","leg2_right"],"target":"foot1_right","bendPositive":false},{"name":"foot2_left","order":3,"bones":["foot_left"],"target":"foot2_left"},{"name":"foot2_right","order":1,"bones":["foot_right"],"target":"foot2_right"}],"skins":[{"name":"default","attachments":{"arm1_left":{"arm1_left":{"type":"mesh","uvs":[0.77748,0,0.57876,0.02547,0.44627,0.23131,0.28652,0.31952,0.22417,0.42454,0.10338,0.51696,0,0.7564,0.01376,0.90342,0.10727,1,0.22417,1,0.39172,0.86562,0.57486,0.7732,0.66838,0.64718,0.71514,0.52116,0.85931,0.47075,1,0.33632,1,0.14729,0.88658,0.02127],"triangles":[16,0,17,16,14,0,15,14,16,1,14,2,14,1,0,13,2,14,13,3,2,13,4,3,12,4,13,11,4,12,10,4,11,5,4,10,6,5,10,9,7,6,9,8,7,6,10,9],"vertices":[-58.05,-42.7,-10.08,-75.37,55.25,-58.84,105.78,-71.36,137.96,-61.93,180.71,-66.18,245.61,-37.28,268.57,-4.84,265.18,32.57,239.61,54.83,179.22,59.47,122.84,75.59,80.13,67.83,47.64,51.16,7.21,68.39,-47.31,67.91,-80.7,29.55,-78.15,-17.61],"hull":18,"edges":[0,2,2,4,4,6,6,8,8,10,10,12,12,14,14,16,16,18,18,20,20,22,22,24,24,26,26,28,28,30,30,32,32,34,0,34],"width":290,"height":269}},"arm1_right":{"arm1_right":{"type":"mesh","uvs":[0,0.47343,0.06701,0.60232,0.15814,0.7613,0.4133,0.93316,0.65935,1,0.9783,1,1,0.77848,0.91451,0.61092,0.91451,0.45624,0.79604,0.40038,0.85983,0.30156,0.79935,0.1586,0.73225,0,0.2675,0.0051,0,0.20704],"triangles":[11,13,12,9,11,10,0,14,13,1,0,13,9,8,7,9,2,1,9,13,11,13,9,1,3,9,7,4,3,7,3,2,9,6,4,7,5,4,6],"vertices":[55.74,-58.87,90.62,-60.14,133.93,-60.69,186.05,-42.6,211.3,-18.05,222.1,19.99,166.79,38.5,121.5,40.34,82.37,51.45,64.23,41.33,41.38,56.04,3.17,59.09,-39.23,62.48,-53.68,6.68,-11.65,-39.74],"hull":15,"edges":[0,2,2,4,4,6,6,8,8,10,10,12,12,14,14,16,16,18,18,20,24,26,26,28,0,28,20,22,22,24],"width":124,"height":263}},"arm2_left":{"arm2_left":{"type":"mesh","uvs":[0.48463,0.12791,0.8613,0.11039,1,0.19799,1,0.38194,0.93193,0.54837,0.91427,0.80825,1,0.88416,0.89661,0.98636,0.54349,1,0.45521,0.88416,0.11385,0.70021,0.055,0.45494,0,0.20967,0.11385,0,0.26099,0],"triangles":[1,2,3,14,11,12,14,12,13,0,11,14,4,1,3,10,11,0,4,0,1,9,10,0,4,9,0,5,9,4,5,8,9,7,5,6,7,8,5],"vertices":[-30.8,-36.63,-35.55,35.85,-0.91,61.52,70.25,59.52,134.27,44.65,234.7,38.44,264.53,54.07,303.51,33.12,306.89,-34.8,261.6,-50.49,188.6,-114.01,93.4,-122.64,-1.78,-130.53,-82.28,-106.4,-81.48,-78.16],"hull":15,"edges":[0,2,2,4,4,6,6,8,8,10,10,12,12,14,14,16,16,18,18,20,20,22,22,24,24,26,26,28,0,28],"width":192,"height":387}},"arm2_right":{"arm2_right":{"type":"mesh","uvs":[0,0.31299,0.16278,0.46497,0.24302,0.59714,0.37674,0.80199,0.37006,0.87468,0.28982,0.94737,0.45698,1,0.78461,1,0.80467,0.86807,1,0.60375,1,0.35264,0.85816,0.13787,0.691,0,0.49041,0.00571,0.46367,0.10152,0.19621,0.25021,0.01568,0.25351],"triangles":[15,0,16,1,0,15,2,15,14,1,15,2,11,10,14,2,10,3,14,13,12,11,14,12,14,10,2,9,3,10,8,3,9,6,4,3,8,6,3,5,4,6,7,6,8],"vertices":[-18.11,-71.32,36.55,-49.62,82.95,-41.05,155.05,-26.19,179.64,-30.01,202.88,-46.19,223.84,-20.07,229.85,34.98,185.37,43.25,99.09,85.88,13.72,95.2,-61.9,79.35,-111.84,56.39,-113.58,22.48,-81.5,14.43,-35.86,-36.03,-38.05,-66.48],"hull":17,"edges":[0,2,2,4,4,6,6,8,8,10,10,12,12,14,14,16,16,18,18,20,20,22,22,24,24,26,26,28,28,30,30,32,0,32],"width":169,"height":342}},"b_1":{"b_1":{"type":"mesh","uvs":[1,1,0,1,0,0,1,0],"triangles":[1,2,3,1,3,0],"vertices":[300,-281,-300,-281,-300,281,300,281],"hull":4,"edges":[0,2,2,4,4,6,0,6],"width":300,"height":281},"b_2":{"type":"mesh","uvs":[1,1,0,1,0,0,1,0],"triangles":[1,2,3,1,3,0],"vertices":[300,-281,-300,-281,-300,281,300,281],"hull":4,"edges":[0,2,2,4,4,6,0,6],"width":300,"height":281},"b_3":{"type":"mesh","uvs":[1,1,0,1,0,0,1,0],"triangles":[1,2,3,1,3,0],"vertices":[300,-281,-300,-281,-300,281,300,281],"hull":4,"edges":[0,2,2,4,4,6,0,6],"width":300,"height":281},"b_4":{"type":"mesh","uvs":[1,1,0,1,0,0,1,0],"triangles":[1,2,3,1,3,0],"vertices":[300,-281,-300,-281,-300,281,300,281],"hull":4,"edges":[0,2,2,4,4,6,0,6],"width":300,"height":281},"b_5":{"type":"mesh","uvs":[1,1,0,1,0,0,1,0],"triangles":[1,2,3,1,3,0],"vertices":[300,-281,-300,-281,-300,281,300,281],"hull":4,"edges":[0,2,2,4,4,6,0,6],"width":300,"height":281},"b_6":{"type":"mesh","uvs":[1,1,0,1,0,0,1,0],"triangles":[1,2,3,1,3,0],"vertices":[300,-281,-300,-281,-300,281,300,281],"hull":4,"edges":[0,2,2,4,4,6,0,6],"width":300,"height":281},"b_7":{"type":"mesh","uvs":[1,1,0,1,0,0,1,0],"triangles":[1,2,3,1,3,0],"vertices":[300,-281,-300,-281,-300,281,300,281],"hull":4,"edges":[0,2,2,4,4,6,0,6],"width":300,"height":281},"b_8":{"type":"mesh","uvs":[1,1,0,1,0,0,1,0],"triangles":[1,2,3,1,3,0],"vertices":[300,-281,-300,-281,-300,281,300,281],"hull":4,"edges":[0,2,2,4,4,6,0,6],"width":300,"height":281},"b_9":{"type":"mesh","uvs":[1,1,0,1,0,0,1,0],"triangles":[1,2,3,1,3,0],"vertices":[300,-281,-300,-281,-300,281,300,281],"hull":4,"edges":[0,2,2,4,4,6,0,6],"width":300,"height":281},"b_10":{"type":"mesh","uvs":[1,1,0,1,0,0,1,0],"triangles":[1,2,3,1,3,0],"vertices":[300,-281,-300,-281,-300,281,300,281],"hull":4,"edges":[0,2,2,4,4,6,0,6],"width":300,"height":281},"b_11":{"type":"mesh","uvs":[1,1,0,1,0,0,1,0],"triangles":[1,2,3,1,3,0],"vertices":[300,-281,-300,-281,-300,281,300,281],"hull":4,"edges":[0,2,2,4,4,6,0,6],"width":300,"height":281},"b_12":{"type":"mesh","uvs":[1,1,0,1,0,0,1,0],"triangles":[1,2,3,1,3,0],"vertices":[300,-281,-300,-281,-300,281,300,281],"hull":4,"edges":[0,2,2,4,4,6,0,6],"width":300,"height":281}},"belt_bottom":{"belt_bottom":{"x":26.06,"y":18.42,"rotation":-86.96,"width":195,"height":104}},"belt_top":{"belt_top":{"x":18.28,"y":6.91,"rotation":-86.96,"width":152,"height":144}},"body":{"body":{"type":"mesh","uvs":[0.19274,0.05308,0.1012,0.1506,0.00335,0.28841,0,0.46649,0.09804,0.59158,0.11698,0.65306,0.07595,0.71454,0.11698,0.85023,0.41684,0.95623,0.58413,0.94563,0.68829,0.86719,0.66304,0.7421,0.67883,0.65094,0.64726,0.57886,0.67883,0.51102,0.77352,0.45801,0.88084,0.44529,1,0.30325,1,0.14,0.99762,0.03188,0.77667,0,0.53363,0,0.30952,0.0234,0.38528,0.43681,0.64095,0.42409,0.26849,0.41773,0.11698,0.24177,0.50522,0.18664,0.72933,0.29689,0.92818,0.24813,0.48628,0.6149,0.30321,0.5831],"triangles":[18,29,20,18,20,19,28,20,29,28,27,20,29,18,17,16,29,17,27,22,21,26,1,0,20,27,21,22,26,0,27,26,22,27,25,26,24,27,28,2,1,26,23,25,27,24,23,27,16,28,29,15,24,28,16,15,28,31,25,23,3,26,25,26,3,2,4,3,25,14,24,15,13,24,14,30,23,24,4,25,31,13,30,24,31,23,30,5,4,31,12,30,13,11,30,12,7,5,31,6,5,7,9,30,11,9,11,10,8,31,30,8,30,9,7,31,8],"vertices":[3,9,136.06,169.47,0.17841,10,-9.28,166.58,0.82152,11,-169.73,82.22,7.0E-5,2,9,75.12,177.33,0.36949,10,-70.27,159.03,0.63051,3,1,216.36,172.05,0.02925,9,-6.25,178.2,0.61785,10,-149.3,139.63,0.3529,3,1,121.51,168.21,0.25553,9,-92.87,139.36,0.6135,10,-223.52,80.45,0.13097,3,1,56.8,129.63,0.65466,9,-138.58,79.46,0.31483,10,-252.89,11.06,0.0305,3,1,24.43,121.12,0.85174,9,-165.46,59.53,0.14118,10,-273.96,-14.93,0.00708,3,1,-9.07,134.05,0.94262,9,-201.37,59.07,0.0568,10,-308.63,-24.32,5.8E-4,2,1,-80.51,115.55,0.99381,9,-260.8,15.31,0.00619,1,1,-131.24,5.35,1,1,1,-122.42,-54.16,1,1,1,-78.69,-89.18,1,1,1,-12.6,-76.61,1,2,1,36.22,-79.68,0.99997,11,-60.14,-263.92,3.0E-5,3,1,73.99,-66.36,0.98603,9,-49.71,-96.05,0.0096,11,-63.85,-224.05,0.00437,3,1,110.7,-75.72,0.80866,9,-12.15,-91.09,0.15399,11,-45.82,-190.73,0.03735,3,1,140.71,-108.08,0.41278,9,27.74,-109.96,0.434,11,-7.12,-169.52,0.15322,3,1,149.52,-146.09,0.26017,9,50.05,-141.96,0.48143,11,31.89,-170.24,0.25839,3,1,227.38,-184.67,0.08657,9,136.69,-148.81,0.33163,11,88.29,-104.13,0.5818,3,1,314.27,-180.06,0.0053,9,215.62,-112.2,0.03267,11,105,-18.74,0.96203,1,11,115.23,37.98,1,2,10,144.99,22.7,0.03911,11,40.86,69.85,0.96089,3,9,213.07,70.66,1.0E-4,10,89.89,90.04,0.72307,11,-44.53,86.55,0.27683,3,9,168,138.19,0.08599,10,29.44,144.24,0.90149,11,-125.66,89.72,0.01252,3,1,144.62,31.31,0.33662,9,-20.49,20.88,0.63854,10,-123.93,-16.29,0.02484,3,1,156.25,-59.73,0.52593,9,24.17,-59.3,0.41772,11,-50.23,-142.66,0.05635,3,1,152.56,73.6,0.19538,9,-28.85,63.09,0.69633,10,-142.54,22.51,0.10829,3,1,243.34,132.74,0.00545,9,33.41,151.76,0.52712,10,-104.29,123.88,0.46743,3,9,118.54,38.03,0.02054,10,6.46,34.92,0.97915,11,-73.61,-9.13,3.1E-4,4,1,225.63,-87.73,0.09161,9,98.99,-59.48,0.60109,10,11.78,-64.39,0.06614,11,-6.16,-82.2,0.24116,4,1,255.36,-157.44,0.05289,9,152.52,-113.12,0.24763,10,76.98,-103.03,0.00557,11,68.7,-70.36,0.69391,1,1,51.75,-9.83,1,3,1,65.2,56.52,0.84367,9,-103.58,14.73,0.14894,10,-202.88,-42.92,0.00738],"hull":23,"edges":[0,2,2,4,4,6,6,8,8,10,10,12,12,14,14,16,16,18,18,20,20,22,22,24,24,26,26,28,28,30,30,32,32,34,34,36,36,38,38,40,40,42,42,44,0,44,46,48,48,30,46,50,50,52,54,56,56,58,26,60,60,62],"width":358,"height":533}},"fog1":{"fog1":{"type":"mesh","uvs":[1,1,0,1,0,0,1,0],"triangles":[1,2,3,1,3,0],"vertices":[347,-155,-347,-155,-347,155,347,155],"hull":4,"edges":[0,2,2,4,4,6,0,6],"width":347,"height":155}},"fog10":{"fog1":{"type":"mesh","uvs":[1,1,0,1,0,0,1,0],"triangles":[1,2,3,1,3,0],"vertices":[347,-155,-347,-155,-347,155,347,155],"hull":4,"edges":[0,2,2,4,4,6,0,6],"width":347,"height":155}},"fog2":{"fog2":{"type":"mesh","uvs":[1,1,0,1,0,0,1,0],"triangles":[1,2,3,1,3,0],"vertices":[300,-188.5,-300,-188.5,-300,188.5,300,188.5],"hull":4,"edges":[0,2,2,4,4,6,0,6],"width":300,"height":189}},"fog3":{"fog3":{"type":"mesh","uvs":[1,1,0,1,0,0,1,0],"triangles":[1,2,3,1,3,0],"vertices":[291,-279.5,-291,-279.5,-291,279.5,291,279.5],"hull":4,"edges":[0,2,2,4,4,6,0,6],"width":291,"height":280}},"fog4":{"fog1":{"type":"mesh","uvs":[1,1,0,1,0,0,1,0],"triangles":[1,2,3,1,3,0],"vertices":[347,-155,-347,-155,-347,155,347,155],"hull":4,"edges":[0,2,2,4,4,6,0,6],"width":347,"height":155}},"fog5":{"fog3":{"type":"mesh","uvs":[1,1,0,1,0,0,1,0],"triangles":[1,2,3,1,3,0],"vertices":[291,-279.5,-291,-279.5,-291,279.5,291,279.5],"hull":4,"edges":[0,2,2,4,4,6,0,6],"width":291,"height":280}},"fog6":{"fog2":{"type":"mesh","uvs":[1,1,0,1,0,0,1,0],"triangles":[1,2,3,1,3,0],"vertices":[300,-188.5,-300,-188.5,-300,188.5,300,188.5],"hull":4,"edges":[0,2,2,4,4,6,0,6],"width":300,"height":189}},"fog7":{"fog1":{"type":"mesh","uvs":[1,1,0,1,0,0,1,0],"triangles":[1,2,3,1,3,0],"vertices":[347,-155,-347,-155,-347,155,347,155],"hull":4,"edges":[0,2,2,4,4,6,0,6],"width":347,"height":155}},"fog8":{"fog1":{"type":"mesh","uvs":[1,1,0,1,0,0,1,0],"triangles":[1,2,3,1,3,0],"vertices":[347,-155,-347,-155,-347,155,347,155],"hull":4,"edges":[0,2,2,4,4,6,0,6],"width":347,"height":155}},"fog9":{"fog3":{"type":"mesh","uvs":[1,1,0,1,0,0,1,0],"triangles":[1,2,3,1,3,0],"vertices":[291,-279.5,-291,-279.5,-291,279.5,291,279.5],"hull":4,"edges":[0,2,2,4,4,6,0,6],"width":291,"height":280}},"foot_left":{"foot_left":{"x":33.68,"y":-5.11,"rotation":69.92,"width":126,"height":147}},"foot_right":{"foot_right":{"x":84.86,"y":11.86,"rotation":18.76,"width":261,"height":105}},"g_1":{"g_1":{"x":132.75,"y":4.32,"rotation":125.6,"width":324,"height":356},"g_2":{"x":132.75,"y":4.32,"rotation":125.6,"width":324,"height":356},"g_3":{"x":132.75,"y":4.32,"rotation":125.6,"width":324,"height":356},"g_4":{"x":132.75,"y":4.32,"rotation":125.6,"width":324,"height":356},"g_5":{"x":132.75,"y":4.32,"rotation":125.6,"width":324,"height":356},"g_6":{"x":132.75,"y":4.32,"rotation":125.6,"width":324,"height":356},"g_7":{"x":132.75,"y":4.32,"rotation":125.6,"width":324,"height":356},"g_8":{"x":132.75,"y":4.32,"rotation":125.6,"width":324,"height":356},"g_9":{"x":132.75,"y":4.32,"rotation":125.6,"width":324,"height":356},"g_10":{"x":132.75,"y":4.32,"rotation":125.6,"width":324,"height":356},"g_11":{"x":132.75,"y":4.32,"rotation":125.6,"width":324,"height":356}},"hand_left":{"hand_left":{"x":61.04,"y":11.07,"rotation":59.12,"width":151,"height":137}},"hand_right":{"hand_right":{"x":38.94,"y":-3.34,"rotation":105.38,"width":100,"height":130}},"head":{"head":{"type":"mesh","uvs":[0.13427,0.29861,0.19047,0.37987,0.22623,0.41492,0.22623,0.45156,0.1215,0.55672,0.01933,0.6077,0.23134,0.65231,0.37949,0.73197,0.48677,0.77977,0.61194,0.90722,0.6809,0.81163,0.72944,0.84349,0.75498,0.66346,0.86226,0.51211,0.84694,0.4659,0.90569,0.41651,0.89623,0.36475,0.8827,0.29065,0.96699,0.25241,1,0.15044,0.8546,0.20143,0.94145,0.08353,0.89291,0.03573,0.81373,0.12973,0.83161,0.05326,0.69878,0.0915,0.5634,0,0.55319,0.03255,0.41525,0,0.44335,0.0915,0.35139,0.04529,0.34884,0.12973,0.29009,0.05645,0.19047,0.12017,0.1215,0.05804,0.09596,0.09628,0.0321,0.08831,0,0.11061,0.05764,0.15363,0.11639,0.21417,0.21601,0.23329,0.22112,0.29383,0.48167,0.33685,0.58639,0.37031,0.6758,0.4197,0.62471,0.44519,0.52509,0.43882,0.46634,0.37349,0.79074,0.44519,0.71667,0.46271,0.57107,0.5121,0.49699,0.59336,0.40248,0.64434,0.39482,0.68417,0.56596,0.75587,0.66302,0.75109,0.71156,0.69692,0.75754,0.59654,0.79585,0.52804],"triangles":[38,35,39,37,36,38,38,36,35,31,33,32,31,40,33,39,35,33,35,34,33,31,29,42,31,30,29,42,29,27,29,28,27,42,27,25,27,26,25,23,25,24,21,23,22,21,20,23,20,25,23,18,20,19,16,48,17,44,20,17,17,20,18,39,33,40,8,54,9,10,54,55,10,9,54,10,56,11,11,56,12,10,55,56,54,8,53,8,7,53,54,53,51,53,52,51,55,54,56,56,54,51,7,6,53,51,50,56,12,56,57,53,6,52,13,57,58,13,12,57,57,56,50,5,4,6,52,6,3,6,4,3,51,52,47,50,49,57,57,49,58,52,3,47,51,46,50,51,47,46,49,48,58,58,14,13,58,48,14,49,45,44,49,50,45,50,46,45,15,14,16,49,44,48,3,2,47,16,14,48,46,43,45,45,43,44,46,47,43,43,47,42,48,44,17,25,20,43,20,44,43,1,41,2,2,41,47,1,0,41,47,41,42,43,42,25,41,31,42,41,40,31],"vertices":[1,12,-34.12,0.47,1,1,12,-14.68,-16.94,1,1,12,-4.37,-23.57,1,1,12,0.17,-33.38,1,1,12,-4.3,-69.62,1,1,12,-15.05,-91.16,1,1,12,25.88,-86.74,1,1,12,60.48,-96.63,1,1,12,84.32,-101.14,1,1,12,121,-125.6,1,1,12,120.68,-94.68,1,1,12,132.73,-99.47,1,1,12,114.71,-49.29,1,2,12,113.89,-0.47,0.98766,13,-21.57,-74.1,0.01234,2,12,105.61,10.71,0.88995,13,-19.8,-60.29,0.11005,2,12,109.31,28.47,0.65698,13,-4.83,-50.04,0.34302,3,12,101.32,41.6,0.47617,13,-1.49,-35.04,0.52383,20,-76.01,-58.61,1.0E-5,3,12,89.89,60.4,0.10386,13,3.28,-13.56,0.89601,20,-54.02,-59.08,1.3E-4,1,13,21.62,-7.95,1,3,13,37.17,18.51,1.6E-4,14,29.79,-1.56,0.99983,15,42.41,-17.01,1.0E-5,3,13,6.97,13.01,0.1524,14,3.29,13.91,0.38785,15,11.83,-14.34,0.45975,3,14,41.37,17.71,1.0E-5,15,44.64,5.37,4.2E-4,16,20.68,-5.14,0.99957,3,14,49.02,32.55,1.0E-5,16,29.07,9.29,0.99999,17,45.54,-13.78,1.0E-5,4,15,17.55,7.36,0.55532,16,-2.25,9.42,0.12599,17,14.27,-15.56,0.23046,18,11.49,-10.62,0.08824,2,18,18.65,11.03,0.99992,19,13.53,-40.15,8.0E-5,2,17,13.06,8.38,0.67749,19,8.99,-13.61,0.32251,2,19,41.53,3.42,0.84321,20,38.84,-12.38,0.15679,2,19,32.75,7.73,0.55526,20,29.58,-9.23,0.44474,2,19,48.62,29.74,2.0E-5,20,42.5,14.63,0.99998,3,19,21.21,31.77,0,20,15.06,13.14,0.4208,21,10.46,-8.85,0.5792,2,21,32.11,-6.94,0.99997,22,31.59,-19.56,3.0E-5,2,21,15.18,11.34,0.48265,22,7.46,-13.36,0.51735,1,22,30.99,-7.82,1,1,22,16.92,14.35,1,1,22,37.68,22.47,1,1,22,27.79,29.64,1,1,22,32.78,40.54,1,1,22,27.74,47.8,1,1,22,12.95,40.4,1,1,12,-47.56,21.7,1,3,12,-28.56,24.28,0.65523,21,11.62,50.3,0.06062,22,-16.63,17.46,0.28415,3,12,-20.21,8.46,0.94722,21,-1.43,62.52,0.01218,22,-34.23,20.67,0.0406,7,12,28.63,17.06,0.70995,13,-70.92,-2.39,0.05163,15,-67.36,-8.63,0.04525,19,-50.52,43.78,0.01676,20,-57.61,15.87,0.05762,21,-44.79,38.44,0.08505,22,-57.63,-23.06,0.03374,7,12,50.66,15.34,0.82098,13,-56.23,-18.89,0.09074,15,-57.55,-28.43,0.03672,19,-65.96,27.98,0.00953,20,-70.91,-1.77,0.02254,21,-66.17,32.88,0.01696,22,-72.59,-39.32,0.00253,6,12,71.31,9.87,0.91949,13,-45.12,-37.14,0.06883,15,-51.65,-48.96,0.00696,19,-83.4,15.64,0.00108,20,-86.63,-16.24,0.00266,21,-87.47,31.3,9.8E-4,1,12,65.93,-0.9,1,1,12,48.5,-6.89,1,7,12,30.61,6.07,0.95979,13,-77.11,-11.69,0.00826,15,-75.79,-15.97,0.00675,19,-60.22,49.31,0.00221,20,-67.94,20.12,0.00791,21,-50.25,48.19,0.01114,22,-67.49,-17.82,0.00395,5,12,93.66,11.92,0.87459,13,-27.58,-51.14,0.12489,15,-38.42,-67.1,3.7E-4,19,-96.16,-2.83,1.0E-5,20,-96.92,-36.19,1.5E-4,6,12,86.79,-13.53,0.99321,13,-50.16,-64.73,0.00655,15,-63.79,-74.25,1.7E-4,19,-111.28,18.76,1.0E-5,20,-114.67,-16.7,6.0E-5,21,-109.74,48.36,0,1,12,68.97,-25.39,1,1,12,65.8,-46.53,1,1,12,57.24,-64.98,1,1,12,64.14,-73.19,1,1,12,92.94,-80.58,1,1,12,108.56,-71.81,1,1,12,111.6,-61.6,1,1,12,106.53,-34.95,1,2,12,103.99,-14.89,0.9993,13,-38.7,-77.63,7.0E-4],"hull":42,"edges":[0,2,2,4,4,6,6,8,8,10,10,12,12,14,14,16,16,18,18,20,20,22,22,24,24,26,26,28,28,30,34,36,36,38,38,40,40,42,42,44,44,46,46,48,48,50,50,52,52,54,54,56,56,58,58,60,60,62,62,64,64,66,66,68,68,70,70,72,72,74,74,76,76,78,78,80,80,82,0,82,84,86,86,88,88,90,90,92,92,94,94,84,28,96,30,32,32,34,96,32,98,100,100,102,102,104,104,106,106,108,108,110,110,112,112,114,114,116,116,98],"width":184,"height":295}},"horn":{"horn":{"x":42.7,"y":52.47,"rotation":-110.73,"width":312,"height":154}},"leg1_left":{"leg1_left":{"type":"mesh","uvs":[0.60952,0,0.4896,0.03689,0.45731,0.15692,0.24976,0.33257,0.12984,0.5492,0.0745,0.71607,0,0.85951,0,1,0.20825,1,0.37891,0.93562,0.51727,0.84195,0.80323,0.63702,0.99695,0.44967,1,0.32964,0.92776,0.14814,0.7525,0.05739],"triangles":[14,13,15,13,11,15,12,11,13,11,2,15,0,2,1,0,15,2,11,3,2,10,3,11,4,3,10,9,5,4,10,9,4,8,6,5,8,7,6,5,9,8],"vertices":[-33.91,-75.81,-6.5,-93.54,37.21,-76.27,121.56,-84.57,208.29,-66.32,270.39,-44.5,327.19,-31.38,373.55,-3.25,347.09,40.37,304.16,63.23,255.66,73.45,151.69,92.32,65.24,95.38,25.24,71.98,-25.47,20.51,-33.15,-34.37],"hull":16,"edges":[0,2,2,4,4,6,6,8,8,10,10,12,12,14,14,16,16,18,18,20,20,22,22,24,24,26,26,28,28,30,0,30],"width":245,"height":386}},"leg1_right":{"leg1_right":{"type":"mesh","uvs":[0.12034,0.51006,0.22087,0.53696,0.39379,0.67533,0.59486,0.74836,0.67529,0.89057,0.92059,0.9905,1,0.87519,1,0.58693,0.9045,0.41397,0.71148,0.19489,0.53052,0,0.34151,0,0.30934,0.19873,0.14045,0.35247],"triangles":[1,13,12,0,13,1,12,10,9,10,12,11,3,2,9,2,12,9,1,12,2,8,3,9,3,8,7,4,3,7,6,4,7,5,4,6],"vertices":[19.22,-99.95,44.39,-84.88,107.33,-77.57,161.77,-51.32,207.67,-63.66,276.4,-33.81,267.13,5.7,205.6,63.98,150.23,79.46,66.17,84.37,-10.4,86.85,-46.92,48.29,-10.72,1.55,-10.53,-63.99],"hull":14,"edges":[0,2,2,4,4,6,6,8,8,10,10,12,12,14,14,16,16,18,18,20,20,22,22,24,24,26,0,26],"width":281,"height":294}},"leg2_left":{"leg2_left":{"type":"mesh","uvs":[0.51353,0,0.29145,0.01497,0.20654,0.20056,0.22613,0.31603,0.14122,0.45625,0.14775,0.72431,0,0.9099,0,1,0.28492,0.96351,0.53313,0.99238,0.57885,0.83154,0.78787,0.59647,0.91197,0.448,1,0.37789,1,0.13869,0.70295,0.22118,0.61804,0.17169],"triangles":[16,3,2,15,14,13,12,15,13,11,15,12,10,5,4,1,0,16,16,2,1,3,11,10,16,11,3,15,11,16,10,4,3,8,5,10,6,5,8,9,8,10,7,6,8],"vertices":[-59.13,-36.92,-44.72,-72.78,8.21,-73.07,37.73,-61.19,78.7,-64.87,149.06,-43.78,204.95,-54.54,228.71,-47.81,205.67,-3.11,201.59,40.36,157.03,35.98,85.21,53.24,40.22,62.82,17.59,72.25,-45.47,54.4,-9.74,11.11,-18.79,-6.72],"hull":17,"edges":[0,2,2,4,4,6,6,8,8,10,10,12,12,14,14,16,16,18,18,20,20,22,22,24,24,26,26,28,28,30,30,32,0,32],"width":173,"height":274}},"leg2_right":{"leg2_right":{"type":"mesh","uvs":[0.3608,0,0.22491,0.15326,0.13194,0.41707,0.18915,0.61054,0.12478,0.76003,0,0.9447,0.0032,1,0.31788,0.97108,0.57535,0.93151,0.59681,0.82598,0.76845,0.58416,0.93295,0.34233,1,0.27637,1,0.0961,0.78991,0.0961,0.59681,0.05213],"triangles":[14,13,12,11,14,12,10,15,14,10,14,11,10,3,2,1,0,15,10,1,15,1,10,2,9,3,10,7,4,3,3,9,7,8,7,9,5,4,7,6,5,7],"vertices":[-22.63,-53.45,21.09,-63.49,83.98,-57.61,139.17,-40.97,177.04,-42.1,229.46,-49.06,246.44,-40.25,219.51,7.35,198.3,49.53,171.71,39.73,104.55,49.08,37.7,57.34,18.52,62.97,-26.1,50.47,-17.14,18.5,-19.79,-13.92],"hull":16,"edges":[0,2,2,4,4,6,6,8,8,10,10,12,12,14,14,16,16,18,18,20,20,22,22,24,24,26,26,28,28,30,0,30],"width":158,"height":257}},"manteau":{"manteau":{"type":"mesh","uvs":[0,0.00292,0.17797,0.2591,0.17797,0.49774,0.17082,0.69426,0.14937,0.8592,0.18512,1,0.42114,0.93289,0.4712,0.78901,0.64285,0.74339,0.90747,0.84165,0.93607,0.66267,0.92177,0.43457,0.93607,0.26261,1,0.05907,0.65715,0.06258,0.42114,0,0.18512,0],"triangles":[5,4,6,6,4,7,7,4,3,7,3,2,2,8,7,9,8,10,14,8,2,8,11,10,8,14,11,15,1,16,15,14,2,15,2,1,11,14,12,12,14,13,1,0,16],"vertices":[1,8,-45.79,-91.9,1,3,8,35.4,-60.22,0.78574,23,-9.65,-61.3,0.168,24,-55.37,-59.89,0.04626,4,8,112.17,-56.89,0.03192,23,67.16,-59.23,0.1011,24,21.47,-59.89,0.67546,25,-28.33,-58.33,0.19153,2,24,84.75,-61.02,0.07441,25,34.77,-63.17,0.92559,1,25,87.59,-69.67,1,1,25,133.18,-66.7,1,1,25,113.8,-28.2,1,1,25,68.01,-17.58,1,2,24,100.57,13.56,0.00102,25,54.94,10.35,0.99898,1,25,88.98,50.23,1,3,23,117.02,61.94,1.0E-5,24,74.58,59.89,0.17518,25,31.72,58.13,0.82482,4,8,86.75,59.64,0.00407,23,43.66,57.7,0.38035,24,1.13,57.63,0.5625,25,-41.74,60.19,0.05308,3,8,31.33,59.49,0.4384,23,-11.75,58.46,0.50121,24,-54.24,59.89,0.06039,2,8,-34.59,66.74,0.92108,23,-77.54,66.79,0.07892,2,8,-31.1,12.67,0.9908,23,-74.95,12.67,0.0092,1,8,-49.62,-25.46,1,1,8,-48,-62.72,1],"hull":17,"edges":[0,2,2,4,4,6,6,8,8,10,10,12,12,14,14,16,16,18,18,20,20,22,22,24,24,26,26,28,28,30,30,32,0,32],"width":158,"height":322}},"shoulder":{"shoulder":{"x":8.02,"y":6.95,"rotation":138.96,"width":297,"height":186}}}}],"animations":{"attack":{"slots":{"fog10":{"color":[{"time":1.1,"color":"ffffff00"},{"time":1.2,"color":"ffffffff"},{"time":1.6667,"color":"ffffff00"}],"attachment":[{"time":1.1,"name":"fog1"}]},"g_1":{"attachment":[{"time":1.0333,"name":"g_1"},{"time":1.0667,"name":"g_2"},{"time":1.1,"name":"g_3"},{"time":1.1333,"name":"g_4"},{"time":1.1667,"name":"g_5"},{"time":1.2,"name":"g_6"},{"time":1.2333,"name":"g_7"},{"time":1.2667,"name":"g_8"},{"time":1.3,"name":"g_9"},{"time":1.3333,"name":"g_10"},{"time":1.3667,"name":"g_11"},{"time":1.4,"name":null}]},"g_2":{"attachment":[{"time":1,"name":null},{"time":1.0333,"name":null}]},"g_3":{"attachment":[{"time":1,"name":null},{"time":1.0333,"name":null}]},"g_4":{"attachment":[{"time":1,"name":null},{"time":1.0333,"name":null}]},"g_5":{"attachment":[{"time":1,"name":null},{"time":1.0333,"name":null}]},"g_6":{"attachment":[{"time":1,"name":null},{"time":1.0333,"name":null}]},"g_7":{"attachment":[{"time":1,"name":null},{"time":1.0333,"name":null}]},"g_8":{"attachment":[{"time":1,"name":null},{"time":1.0333,"name":null}]},"g_9":{"attachment":[{"time":1,"name":null},{"time":1.0333,"name":null}]},"g_10":{"attachment":[{"time":1,"name":null},{"time":1.0333,"name":null}]},"g_11":{"attachment":[{"time":1,"name":null},{"time":1.0333,"name":null}]}},"bones":{"root":{"rotate":[{"curve":"stepped"},{"time":0.5,"curve":"stepped"},{"time":1,"curve":"stepped"},{"time":1.1,"curve":"stepped"},{"time":2}],"translate":[{"curve":"stepped"},{"time":0.5,"curve":"stepped"},{"time":1,"curve":"stepped"},{"time":1.1,"curve":"stepped"},{"time":2}],"scale":[{"curve":"stepped"},{"time":0.5,"curve":"stepped"},{"time":1,"curve":"stepped"},{"time":1.1,"curve":"stepped"},{"time":2}]},"body":{"rotate":[{"curve":0.25,"c3":0.75},{"time":0.5,"angle":24.1,"curve":0.569,"c3":0.75},{"time":1,"angle":24.41,"curve":0.81,"c3":0.956,"c4":0.81},{"time":1.1,"angle":-21.32,"curve":1,"c3":0.75},{"time":2}],"translate":[{"curve":0.25,"c3":0.75},{"time":0.5,"x":-233.95,"y":-125.53,"curve":0.569,"c3":0.75},{"time":1,"x":-262.48,"y":-138.85,"curve":0.81,"c3":0.956,"c4":0.81},{"time":1.1,"x":22.95,"y":-315.61,"curve":1,"c3":0.75},{"time":2}],"scale":[{"curve":"stepped"},{"time":0.5,"curve":"stepped"},{"time":1,"curve":"stepped"},{"time":1.1,"curve":"stepped"},{"time":2}]},"bone2":{"rotate":[{"curve":0.25,"c3":0.75},{"time":0.5,"angle":2.16,"curve":0.569,"c3":0.75},{"time":1,"curve":"stepped"},{"time":1.1,"curve":"stepped"},{"time":2}],"translate":[{"curve":"stepped"},{"time":0.5,"curve":"stepped"},{"time":1,"curve":"stepped"},{"time":1.1,"curve":"stepped"},{"time":2}],"scale":[{"curve":"stepped"},{"time":0.5,"curve":"stepped"},{"time":1,"curve":"stepped"},{"time":1.1,"curve":"stepped"},{"time":2}]},"bone3":{"rotate":[{"curve":0.25,"c3":0.75},{"time":0.5,"angle":-1.09,"curve":0.569,"c3":0.75},{"time":1,"curve":"stepped"},{"time":1.1,"curve":"stepped"},{"time":2}],"translate":[{"curve":0.25,"c3":0.75},{"time":0.5,"x":2.51,"y":-6.74,"curve":0.569,"c3":0.75},{"time":1,"curve":"stepped"},{"time":1.1,"curve":"stepped"},{"time":2}],"scale":[{"curve":"stepped"},{"time":0.5,"curve":"stepped"},{"time":1,"curve":"stepped"},{"time":1.1,"curve":"stepped"},{"time":2}]},"bone4":{"rotate":[{"curve":0.25,"c3":0.75},{"time":0.5,"angle":-2.38,"curve":0.569,"c3":0.75},{"time":1,"curve":"stepped"},{"time":1.1,"curve":"stepped"},{"time":2}],"translate":[{"curve":0.25,"c3":0.75},{"time":0.5,"x":2.81,"y":-9.02,"curve":0.569,"c3":0.75},{"time":1,"curve":"stepped"},{"time":1.1,"curve":"stepped"},{"time":2}],"scale":[{"curve":"stepped"},{"time":0.5,"curve":"stepped"},{"time":1,"curve":"stepped"},{"time":1.1,"curve":"stepped"},{"time":2}]},"head":{"rotate":[{"curve":0.25,"c3":0.75},{"time":0.5,"angle":-18.62,"curve":0.569,"c3":0.75},{"time":1,"angle":-27.04,"curve":0.81,"c3":0.956,"c4":0.81},{"time":1.1,"angle":13.77,"curve":1,"c3":0.75},{"time":2}],"translate":[{"curve":0.25,"c3":0.75},{"time":0.5,"x":-1.88,"y":0.3,"curve":"stepped"},{"time":1,"x":-1.88,"y":0.3,"curve":0.81,"c3":0.956,"c4":0.81},{"time":1.1,"x":5.81,"y":-1.47,"curve":1,"c3":0.75},{"time":2}],"scale":[{"curve":"stepped"},{"time":0.5,"curve":"stepped"},{"time":1,"curve":"stepped"},{"time":1.1,"curve":"stepped"},{"time":2}]},"horn":{"rotate":[{"curve":"stepped"},{"time":0.5,"curve":"stepped"},{"time":1,"curve":"stepped"},{"time":1.1,"curve":"stepped"},{"time":2}],"translate":[{"curve":"stepped"},{"time":0.5,"curve":"stepped"},{"time":1,"curve":"stepped"},{"time":1.1,"curve":"stepped"},{"time":2}],"scale":[{"curve":"stepped"},{"time":0.5,"curve":"stepped"},{"time":1,"curve":"stepped"},{"time":1.1,"curve":"stepped"},{"time":2}]},"arm1_left":{"rotate":[{"curve":0.25,"c3":0.75},{"time":0.5,"angle":-14.99,"curve":0.569,"c3":0.75},{"time":1,"angle":-6.85,"curve":0.81,"c3":0.956,"c4":0.81},{"time":1.1,"angle":-9.77,"curve":1,"c3":0.75},{"time":2}],"translate":[{"curve":0.25,"c3":0.75},{"time":0.5,"x":32.06,"y":2.08,"curve":0.569,"c3":0.75},{"time":1,"x":22.9,"y":3.09,"curve":0.81,"c3":0.956,"c4":0.81},{"time":1.1,"x":48.48,"y":7.17,"curve":1,"c3":0.75},{"time":2}],"scale":[{"curve":"stepped"},{"time":0.5,"curve":"stepped"},{"time":1,"curve":"stepped"},{"time":1.1,"curve":"stepped"},{"time":2}]},"arm2_left":{"rotate":[{"curve":0.25,"c3":0.75},{"time":0.5,"angle":44.31,"curve":0.569,"c3":0.75},{"time":1,"angle":54.19,"curve":0.81,"c3":0.956,"c4":0.81},{"time":1.1,"angle":59.88,"curve":1,"c3":0.75},{"time":2}],"translate":[{"curve":0.25,"c3":0.75},{"time":0.5,"x":-3.74,"y":11.49,"curve":0.569,"c3":0.75},{"time":1,"curve":"stepped"},{"time":1.1,"curve":"stepped"},{"time":2}],"scale":[{"curve":"stepped"},{"time":0.5,"curve":"stepped"},{"time":1,"curve":"stepped"},{"time":1.1,"curve":"stepped"},{"time":2}]},"hand_left":{"rotate":[{"curve":0.25,"c3":0.75},{"time":0.5,"angle":13.81,"curve":0.569,"c3":0.75},{"time":1,"angle":14.99,"curve":0.81,"c3":0.956,"c4":0.81},{"time":1.1,"angle":-3.81,"curve":1,"c3":0.75},{"time":2}],"translate":[{"curve":"stepped"},{"time":0.5,"curve":"stepped"},{"time":1,"curve":0.81,"c3":0.956,"c4":0.81},{"time":1.1,"x":4.08,"y":-1.86,"curve":1,"c3":0.75},{"time":2}],"scale":[{"curve":"stepped"},{"time":0.5,"curve":"stepped"},{"time":1,"curve":"stepped"},{"time":1.1,"curve":"stepped"},{"time":2}]},"shoulder":{"rotate":[{"curve":"stepped"},{"time":0.5,"curve":"stepped"},{"time":1,"curve":0.81,"c3":0.956,"c4":0.81},{"time":1.1,"angle":-7.16,"curve":1,"c3":0.75},{"time":2}],"translate":[{"curve":"stepped"},{"time":0.5,"curve":"stepped"},{"time":1,"curve":0.81,"c3":0.956,"c4":0.81},{"time":1.1,"x":-10.16,"y":20.01,"curve":1,"c3":0.75},{"time":2}],"scale":[{"curve":"stepped"},{"time":0.5,"curve":"stepped"},{"time":1,"curve":"stepped"},{"time":1.1,"curve":"stepped"},{"time":2}]},"arm1_right":{"rotate":[{"curve":0.25,"c3":0.75},{"time":0.5,"angle":150.55,"curve":0,"c2":0.09,"c3":0,"c4":0.67},{"time":1,"angle":148.13,"curve":0.81,"c3":0.956,"c4":0.81},{"time":1.1,"angle":37.49,"curve":1,"c3":0.75},{"time":2}],"translate":[{"curve":0.25,"c3":0.75},{"time":0.5,"x":111.59,"y":-9.3,"curve":0,"c2":0.09,"c3":0,"c4":0.67},{"time":1,"x":138.55,"y":6.14,"curve":0.81,"c3":0.956,"c4":0.81},{"time":1.1,"x":93.93,"y":-15.08,"curve":1,"c3":0.75},{"time":2}],"scale":[{"curve":"stepped"},{"time":0.5,"curve":"stepped"},{"time":1,"curve":0.81,"c3":0.956,"c4":0.81},{"time":1.1,"x":1.067,"y":1.067,"curve":1,"c3":0.75},{"time":2}]},"arm2_right":{"rotate":[{"curve":0.25,"c3":0.75},{"time":0.5,"angle":-4.85,"curve":0,"c2":0.09,"c3":0,"c4":0.67},{"time":1,"angle":18.07,"curve":0.81,"c3":0.956,"c4":0.81},{"time":1.1,"angle":-39.6,"curve":1,"c3":0.75},{"time":2}],"translate":[{"curve":0.25,"c3":0.75},{"time":0.5,"x":20.11,"y":2.06,"curve":0,"c2":0.09,"c3":0,"c4":0.67},{"time":1,"x":16.04,"y":15.76,"curve":0.81,"c3":0.956,"c4":0.81},{"time":1.1,"x":22.25,"y":-15.63,"curve":1,"c3":0.75},{"time":2}],"scale":[{"curve":"stepped"},{"time":0.5,"curve":"stepped"},{"time":1,"curve":0.81,"c3":0.956,"c4":0.81},{"time":1.1,"x":1.067,"y":1.067,"curve":1,"c3":0.75},{"time":2}]},"hand_right":{"rotate":[{"curve":"stepped"},{"time":0.5,"curve":0,"c2":0.09,"c3":0,"c4":0.67},{"time":1,"angle":52.35,"curve":0.81,"c3":0.956,"c4":0.81},{"time":1.1,"angle":-6.46,"curve":1,"c3":0.75},{"time":2}],"translate":[{"curve":"stepped"},{"time":0.5,"curve":"stepped"},{"time":1,"curve":"stepped"},{"time":1.1,"curve":"stepped"},{"time":2}],"scale":[{"curve":"stepped"},{"time":0.5,"curve":"stepped"},{"time":1,"curve":0.81,"c3":0.956,"c4":0.81},{"time":1.1,"x":1.067,"y":1.067,"curve":1,"c3":0.75},{"time":2}]},"foot1_left":{"rotate":[{"curve":"stepped"},{"time":0.5,"curve":"stepped"},{"time":1,"curve":"stepped"},{"time":1.1,"curve":"stepped"},{"time":2}],"translate":[{"curve":0.25,"c3":0.75},{"time":0.5,"x":-211.12,"curve":"stepped"},{"time":1,"x":-211.12,"curve":"stepped"},{"time":1.1,"x":-211.12,"curve":1,"c3":0.75},{"time":2}],"scale":[{"curve":"stepped"},{"time":0.5,"curve":"stepped"},{"time":1,"curve":"stepped"},{"time":1.1,"curve":"stepped"},{"time":2}]},"leg1_left":{"rotate":[{"curve":"stepped"},{"time":0.5,"curve":"stepped"},{"time":1,"curve":"stepped"},{"time":1.1,"curve":"stepped"},{"time":2}],"translate":[{"curve":"stepped"},{"time":0.5,"curve":"stepped"},{"time":1,"curve":"stepped"},{"time":1.1,"curve":"stepped"},{"time":2}],"scale":[{"curve":"stepped"},{"time":0.5,"curve":"stepped"},{"time":1,"curve":"stepped"},{"time":1.1,"curve":"stepped"},{"time":2}]},"leg2_left":{"rotate":[{"curve":"stepped"},{"time":0.5,"curve":"stepped"},{"time":1,"curve":"stepped"},{"time":1.1,"curve":"stepped"},{"time":2}],"translate":[{"curve":"stepped"},{"time":0.5,"curve":"stepped"},{"time":1,"curve":"stepped"},{"time":1.1,"curve":"stepped"},{"time":2}],"scale":[{"curve":"stepped"},{"time":0.5,"curve":"stepped"},{"time":1,"curve":"stepped"},{"time":1.1,"curve":"stepped"},{"time":2}]},"foot2_left":{"rotate":[{"curve":"stepped"},{"time":0.5,"curve":"stepped"},{"time":1,"curve":"stepped"},{"time":1.1,"curve":"stepped"},{"time":2}],"translate":[{"curve":0.25,"c3":0.75},{"time":0.5,"x":-211.12,"curve":"stepped"},{"time":1,"x":-211.12,"curve":"stepped"},{"time":1.1,"x":-211.12,"curve":1,"c3":0.75},{"time":2}],"scale":[{"curve":"stepped"},{"time":0.5,"curve":"stepped"},{"time":1,"curve":"stepped"},{"time":1.1,"curve":"stepped"},{"time":2}]},"foot_left":{"rotate":[{"curve":"stepped"},{"time":0.5,"curve":"stepped"},{"time":1,"curve":"stepped"},{"time":1.1,"curve":"stepped"},{"time":2}],"translate":[{"curve":"stepped"},{"time":0.5,"curve":"stepped"},{"time":1,"curve":"stepped"},{"time":1.1,"curve":"stepped"},{"time":2}],"scale":[{"curve":"stepped"},{"time":0.5,"curve":"stepped"},{"time":1,"curve":"stepped"},{"time":1.1,"curve":"stepped"},{"time":2}]},"foot1_right":{"rotate":[{"curve":"stepped"},{"time":0.5,"curve":"stepped"},{"time":1,"curve":"stepped"},{"time":1.1,"curve":"stepped"},{"time":2}],"translate":[{"curve":"stepped"},{"time":0.5,"curve":"stepped"},{"time":1,"curve":"stepped"},{"time":1.1,"curve":"stepped"},{"time":2}],"scale":[{"curve":"stepped"},{"time":0.5,"curve":"stepped"},{"time":1,"curve":"stepped"},{"time":1.1,"curve":"stepped"},{"time":2}]},"leg1_right":{"rotate":[{"curve":"stepped"},{"time":0.5,"curve":"stepped"},{"time":1,"curve":"stepped"},{"time":1.1,"curve":"stepped"},{"time":2}],"translate":[{"curve":"stepped"},{"time":0.5,"curve":"stepped"},{"time":1,"curve":"stepped"},{"time":1.1,"curve":"stepped"},{"time":2}],"scale":[{"curve":"stepped"},{"time":0.5,"curve":"stepped"},{"time":1,"curve":"stepped"},{"time":1.1,"curve":"stepped"},{"time":2}]},"leg2_right":{"rotate":[{"curve":"stepped"},{"time":0.5,"curve":"stepped"},{"time":1,"curve":"stepped"},{"time":1.1,"curve":"stepped"},{"time":2}],"translate":[{"curve":"stepped"},{"time":0.5,"curve":"stepped"},{"time":1,"curve":"stepped"},{"time":1.1,"curve":"stepped"},{"time":2}],"scale":[{"curve":"stepped"},{"time":0.5,"curve":"stepped"},{"time":1,"curve":"stepped"},{"time":1.1,"curve":"stepped"},{"time":2}]},"foot2_right":{"rotate":[{"curve":"stepped"},{"time":0.5,"curve":"stepped"},{"time":1,"curve":"stepped"},{"time":1.1,"curve":"stepped"},{"time":2}],"translate":[{"curve":"stepped"},{"time":0.5,"curve":"stepped"},{"time":1,"curve":"stepped"},{"time":1.1,"curve":"stepped"},{"time":2}],"scale":[{"curve":"stepped"},{"time":0.5,"curve":"stepped"},{"time":1,"curve":"stepped"},{"time":1.1,"curve":"stepped"},{"time":2}]},"foot_right":{"rotate":[{"curve":"stepped"},{"time":0.5,"curve":"stepped"},{"time":1,"curve":"stepped"},{"time":1.1,"curve":"stepped"},{"time":2}],"translate":[{"curve":"stepped"},{"time":0.5,"curve":"stepped"},{"time":1,"curve":"stepped"},{"time":1.1,"curve":"stepped"},{"time":2}],"scale":[{"curve":"stepped"},{"time":0.5,"curve":"stepped"},{"time":1,"curve":"stepped"},{"time":1.1,"curve":"stepped"},{"time":2}]},"bone":{"rotate":[{"curve":"stepped"},{"time":0.5,"curve":0.569,"c3":0.75},{"time":1,"angle":348.69,"curve":0.81,"c3":0.956,"c4":0.81},{"time":1.1,"angle":353.63,"curve":0.523,"c2":0.03,"c3":0.75},{"time":1.5667,"angle":19.94,"curve":0.25,"c3":0.75},{"time":2}],"translate":[{"curve":"stepped"},{"time":0.5,"curve":"stepped"},{"time":1,"curve":"stepped"},{"time":1.1,"curve":0.438,"c2":0.03,"c3":0.747,"c4":0.53},{"time":1.5667,"x":17.08,"y":-0.58,"curve":0.382,"c2":0.51,"c3":0.684},{"time":2}],"scale":[{"curve":"stepped"},{"time":0.5,"curve":"stepped"},{"time":1,"curve":"stepped"},{"time":1.1,"curve":"stepped"},{"time":2}]},"belt_bottom":{"rotate":[{"curve":"stepped"},{"time":0.5,"curve":"stepped"},{"time":1,"curve":"stepped"},{"time":1.1,"curve":"stepped"},{"time":2}],"translate":[{"curve":"stepped"},{"time":0.5,"curve":"stepped"},{"time":1,"curve":"stepped"},{"time":1.1,"curve":"stepped"},{"time":2}],"scale":[{"curve":"stepped"},{"time":0.5,"curve":"stepped"},{"time":1,"curve":"stepped"},{"time":1.1,"curve":"stepped"},{"time":2}]},"belt_top":{"rotate":[{"curve":"stepped"},{"time":0.5,"curve":"stepped"},{"time":1,"curve":"stepped"},{"time":1.1,"curve":"stepped"},{"time":2}],"translate":[{"curve":"stepped"},{"time":0.5,"curve":"stepped"},{"time":1,"curve":"stepped"},{"time":1.1,"curve":"stepped"},{"time":2}],"scale":[{"curve":"stepped"},{"time":0.5,"curve":"stepped"},{"time":1,"curve":"stepped"},{"time":1.1,"curve":"stepped"},{"time":2}]},"bone15":{"rotate":[{"curve":0.25,"c3":0.75},{"time":0.5,"angle":11.72,"curve":0.569,"c3":0.75},{"time":1,"angle":-1.94,"curve":0.362,"c3":0.695,"c4":0.35},{"time":1.1,"angle":-21.14,"curve":0.523,"c2":0.03,"c3":0.75},{"time":1.5667,"angle":10.66,"curve":0.25,"c3":0.75},{"time":2}],"translate":[{},{"time":1.1,"x":10.51,"y":-14.55},{"time":2}],"scale":[{"curve":"stepped"},{"time":2}]},"bone16":{"rotate":[{"curve":0.25,"c3":0.75},{"time":0.5,"angle":11.72,"curve":0.569,"c3":0.75},{"time":1,"angle":-1.94,"curve":0.362,"c3":0.695,"c4":0.35},{"time":1.1,"angle":-21.14,"curve":0.523,"c2":0.03,"c3":0.75},{"time":1.5667,"angle":10.66,"curve":0.25,"c3":0.75},{"time":2}],"translate":[{},{"time":1.1,"x":19.43,"y":-5.05},{"time":2}],"scale":[{"curve":"stepped"},{"time":2}]},"bone17":{"rotate":[{"curve":0.25,"c3":0.75},{"time":0.5,"angle":11.72,"curve":0.569,"c3":0.75},{"time":1,"angle":-1.94,"curve":0.362,"c3":0.695,"c4":0.35},{"time":1.1,"angle":-27.84,"curve":0.523,"c2":0.03,"c3":0.75},{"time":1.5667,"angle":6.18,"curve":0.25,"c3":0.75},{"time":2}],"translate":[{},{"time":1.1,"x":13.78,"y":-7.55},{"time":2}],"scale":[{"curve":"stepped"},{"time":2}]},"bone5":{"rotate":[{},{"time":1,"angle":-15.14},{"time":1.1,"angle":-5.37},{"time":2}],"translate":[{"curve":"stepped"},{"time":2}],"scale":[{"curve":"stepped"},{"time":2}]},"bone6":{"rotate":[{},{"time":1,"angle":-15.14},{"time":1.1,"angle":-5.37},{"time":2}],"translate":[{"curve":"stepped"},{"time":2}],"scale":[{"curve":"stepped"},{"time":2}]},"bone7":{"rotate":[{},{"time":1,"angle":-15.14},{"time":1.1,"angle":-5.37},{"time":2}],"translate":[{"curve":"stepped"},{"time":2}],"scale":[{"curve":"stepped"},{"time":2}]},"bone8":{"rotate":[{},{"time":1,"angle":-15.14},{"time":1.1,"angle":-5.37},{"time":2}],"translate":[{"curve":"stepped"},{"time":2}],"scale":[{"curve":"stepped"},{"time":2}]},"bone9":{"rotate":[{},{"time":1,"angle":-15.14},{"time":1.1,"angle":-5.37},{"time":2}],"translate":[{"curve":"stepped"},{"time":2}],"scale":[{"curve":"stepped"},{"time":2}]},"bone10":{"rotate":[{},{"time":1,"angle":-15.14},{"time":1.1,"angle":-5.39},{"time":2}],"translate":[{"curve":"stepped"},{"time":2}],"scale":[{"curve":"stepped"},{"time":2}]},"bone11":{"rotate":[{},{"time":1,"angle":-15.14},{"time":1.1,"angle":-5.37},{"time":2}],"translate":[{"curve":"stepped"},{"time":2}],"scale":[{"curve":"stepped"},{"time":2}]},"bone12":{"rotate":[{},{"time":1,"angle":-15.14},{"time":1.1,"angle":-5.37},{"time":2}],"translate":[{"curve":"stepped"},{"time":2}],"scale":[{"curve":"stepped"},{"time":2}]},"bone13":{"rotate":[{},{"time":1,"angle":-15.14},{"time":1.1,"angle":-5.39},{"time":2}],"translate":[{"curve":"stepped"},{"time":2}],"scale":[{"curve":"stepped"},{"time":2}]},"bone14":{"rotate":[{},{"time":1,"angle":-15.14},{"time":1.1,"angle":-5.37},{"time":2}],"translate":[{"curve":"stepped"},{"time":2}],"scale":[{"curve":"stepped"},{"time":2}]},"bone18":{"rotate":[{"time":1.0333,"angle":-12.27}],"translate":[{"time":1.0333,"x":160.03,"y":10.34,"curve":"stepped"},{"time":1.1333,"x":160.03,"y":10.34}],"scale":[{"time":1.0333,"x":1.555,"y":1.555}]},"fog10":{"rotate":[{"time":1.1,"angle":-167.77},{"time":1.2,"angle":118.78},{"time":1.6667,"angle":83.7}],"translate":[{"time":1.1,"x":36.52,"y":-412.68},{"time":1.2,"x":120.52,"y":-452.85},{"time":1.6667,"x":197.21,"y":-514.93}],"scale":[{"time":1.1,"x":0.094,"y":0.225},{"time":1.2,"x":0.22,"y":0.53},{"time":1.6667,"x":0.347,"y":0.834}]}},"deform":{"default":{"arm1_left":{"arm1_left":[{},{"time":1,"offset":6,"vertices":[1.92572,-6.9679,2.06931,-3.39026,3.49228,-7.84857,6.30713,-0.80371,0,0,0,0,0,0,0,0,-8.83566,28.03894,-17.69641,20.92871,-7.4299,13.85876]},{"time":1.1,"offset":4,"vertices":[-3.67274,-9.43701,1.68122,-12.31102,1.17573,-6.9634,6.2352,-9.18604,5.67642,-0.72334,0,0,0,0,0,0,0,0,-6.19194,16.89008,-12.36998,17.23853,-7.209,12.95447]},{"time":2}]},"arm1_right":{"arm1_right":[{},{"time":1,"vertices":[-3.96149,-6.44193,-0.86938,-5.89436,3.4624,-10.5485,2.47992,-10.40356,0,0,-13.60846,3.01123,-1.6424,9.2761,0.14545,0.98217,2.75452,18.66496,-0.94958,7.16626,-0.94983,7.16638]},{"time":1.1,"vertices":[-3.56534,-5.79773,-8.67566,-17.92584,-5.76105,-14.91501,-22.12292,2.57667,0,0,-13.23153,9.90951,-6.10767,25.50953,-2.82364,13.70515,2.47906,16.79847,-0.85463,6.44963,-0.85485,6.44974]},{"time":2}]},"arm2_left":{"arm2_left":[{},{"time":1,"offset":2,"vertices":[25.16071,8.67801,46.49023,6.95947,35.45953,12.91452,26.52795,-3.63394,0,0,-9.96985,6.27136,0,0,8.60217,6.04083]},{"time":2}]},"body":{"body":[{},{"time":1,"offset":56,"vertices":[2.39224,-19.66933,9.53796,-17.3678,19.46718,-3.69476,0,0,0,0,0,0,-2.4447,-6.24869,0.05542,-6.70981,5.21124,-4.22705,0,0,0,0,0,0,-5.16104,-9.50909,-1.25311,-10.74686,7.49277,-7.80524,0,0,0,0,0,0,0,0,13.65936,0.853,10.53879,8.73132,9.32697,8.12939,7.01074,10.19467,-0.33546,12.36792,0,0,0,0,0,0,-11.95386,-1.08749,-10.69135,-5.45676,-8.99695,-7.94547,-2.71671,-3.2601,-1.30933,-4.03711,2.28131,-3.57861,-10.97583,1.41199,-10.71344,-2.77286,-9.68628,-5.35144]},{"time":2}]},"head":{"head":[{},{"time":1,"vertices":[-1.93146,-4.36096,0,0,2.6189,3.04004,8.38074,-3.20135,0,0,-0.23969,-6.00098,0,0,0.92731,4.67963,0,0,5.92426,4.75751,0,0,1.95764,2.69653,5.65833,0.42145,0,0,0,0,0,0,0,0,2.3269,0.37006,2.21867,-0.79303,4.31042,1.40027,4.45324,-0.84174,0.04736,-4.53174,0,0,0,0,0,0,0,0,0,0,0,0,0,0,0,0,0,0,0,0,0,0,0,0,0,0,0,0,0,0,0,0,0,0,0,0,0,0,0,0,0,0,0,0,0,0,0,0,0,0,0,0,0,0,0,0,0,0,0,0,0,0,0,0,0,0,0,0,0,0,0,0,0,0,0,0,0,0,0,0,0,0,0,0,0,0,0,0,0,0,0,0,0,0,0,0,0,0,0,0,0,0,0,0,0,0,0,0,0,0,0,0,0,0,0,0,1.64001,1.69183,2.25086,0.69641,2.3548,0.07758,0.8501,-2.19746,1.12402,-2.07065,-0.40552,-2.32092,0.91663,-2.17044,3.64905,1.05688,3.70821,-0.82538,3.35873,-1.7749,-0.56744,-3.75636,-0.08264,-3.79794,-2.42413,-2.92506,0,0,0,0,0,0,0,0,0,0,0,0,0,0,0,0,0,0,0,0,0,0,0,0,0,0,0,0,2.58618,-16.28522,-9.41592,-13.53717,-12.65518,-10.57104,-14.15698,8.45878,-15.1225,6.57965,-7.76172,14.55005,3.24738,-15.94189,0,0,1.58868,5.02325,-0.39471,3.99292,0.18945,9.33392,-2.74713,5.28961,-0.36902,2.32703,1.42596,-5.9751,1.55573,-14.30219,-8.78547,-11.39307]},{"time":1.1,"vertices":[-1.73831,-3.92487,0,0,2.35701,2.73604,7.54266,-2.88122,0,0,-0.21572,-5.40088,0,0,-1.57643,-1.72675,-1.0461,-9.48376,1.60011,-5.13975,0,0,6.73391,2.9314,8.86825,2.77182,0,0,0,0,0,0,0,0,4.443,3.58531,5.61878,1.01131,3.87938,1.26024,4.00792,-0.75756,0.04263,-4.07856,0,0,0,0,0,0,0,0,0,0,0,0,0,0,0,0,0,0,0,0,0,0,0,0,0,0,0,0,0,0,0,0,0,0,0,0,0,0,0,0,0,0,0,0,0,0,0,0,0,0,0,0,0,0,0,0,0,0,0,0,0,0,0,0,0,0,0,0,0,0,0,0,0,0,0,0,0,0,0,0,0,0,0,0,0,0,0,0,0,0,0,0,0,0,0,0,0,0,0,0,0,0,0.12444,5.37048,2.68802,4.65125,3.82028,3.77695,4.82544,-2.3606,5.08807,-1.72417,2.91623,-4.51178,4.89539,-2.21268,1.99924,6.2638,4.7614,4.53448,5.78912,3.11733,4.85194,-4.43701,5.37991,-3.78013,1.86764,-6.30459,4.98506,-4.28734,4.77313,2.77603,5.51994,0.14333,5.36167,-1.31833,0.52342,-5.49688,1.22268,-5.38459,-2.38695,-4.97948,0,0,0,0,-0.79752,1.258,-0.0954,1.48666,0.30032,1.45935,1.47626,0.19778,1.43927,0.38499,1.36691,-0.59247,1.46979,0.24263,0,0,0,0,0,0,0,0,0,0,2.47028,0.42686,-1.10623,0.97915,-0.80882,1.23749,0.89788,1.17091,0.74156,1.27648,1.3759,0.5395,-2.686,11.20216,-14.03807,9.62347,-4.80071,3.21771,0.02548,-6.75018,4.2465,-11.95024,1.49757,-11.24728,-0.33212,2.09432,1.28337,-5.37759,3.87334,-4.24886,-1.59686,-3.87726]},{"time":2}]},"leg1_left":{"leg1_left":[{},{"time":0.5,"offset":6,"vertices":[-4.93002,-7.46547,-4.89197,-8.50488,0,0,0,0,-22.16772,8.55449,-7.42731,3.89081,3.62451,14.7023,7.66754,17.97264,-4.38553,6.08348]},{"time":1,"offset":6,"vertices":[-3.28668,-4.97698,-3.26131,-5.66992,0,0,0,0,-14.83943,4.66482,-4.95154,2.59387,2.41634,9.80153,12.56232,14.66941,-2.92369,4.05565]},{"time":1.1,"offset":6,"vertices":[-2.95801,-4.47928,-2.93518,-5.10293,0,0,0,0,-20.35558,-7.41508,-13.7447,-17.86506,18.38274,1.10045,25.82047,6.68888,-2.63132,3.65009]},{"time":2}]},"leg1_right":{"leg1_right":[{},{"time":1,"vertices":[-32.86635,-20.01169,-20.3136,-4.46976,-7.35281,-10.13702,-2.17209,-14.32138,0,0,0,0,0,0,8.12547,1.78918,2.15282,4.73376,2.2744,9.02014,0,0,0,0,-27.42348,-6.03479,-15.80383,-5.60779]},{"time":1.1,"vertices":[-62.75522,79.85109,-15.33752,20.93687,-6.61753,-9.12332,-1.95488,-12.88924,-13.62243,-18.49986,-24.41064,-42.3608,10.54598,-42.84457,40.40198,-22.05356,31.53325,0.94221,51.45006,7.40334,55.81873,-2.16492,31.27676,17.54388,-34.31496,42.93923,-45.85025,77.29183]},{"time":2}]},"leg2_left":{"leg2_left":[{"curve":"stepped"},{"time":2}]},"leg2_right":{"leg2_right":[{"curve":"stepped"},{"time":2}]}}}},"idle":{"slots":{"fog9":{"color":[{"time":0.6667,"color":"ffffff00"},{"time":1.1667,"color":"ffffff96"},{"time":1.6667,"color":"ffffff00"}],"attachment":[{"time":0.6667,"name":"fog3"}]},"fog10":{"color":[{"time":0.6667,"color":"ffffff00"},{"time":1.1667,"color":"ffffffaa"},{"time":1.6667,"color":"ffffff00"}],"attachment":[{"time":0.6667,"name":"fog1"}]},"g_2":{"attachment":[{"time":0.3333,"name":null},{"time":0.6667,"name":null},{"time":1.1667,"name":null}]},"g_3":{"attachment":[{"time":0.3333,"name":null},{"time":0.6667,"name":null},{"time":1.1667,"name":null}]},"g_4":{"attachment":[{"time":0.3333,"name":null},{"time":0.6667,"name":null},{"time":1.1667,"name":null}]},"g_5":{"attachment":[{"time":0.3333,"name":null},{"time":0.6667,"name":null},{"time":1.1667,"name":null}]},"g_6":{"attachment":[{"time":0.3333,"name":null},{"time":0.6667,"name":null},{"time":1.1667,"name":null}]},"g_7":{"attachment":[{"time":0.3333,"name":null},{"time":0.6667,"name":null},{"time":1.1667,"name":null}]},"g_8":{"attachment":[{"time":0.3333,"name":null},{"time":0.6667,"name":null},{"time":1.1667,"name":null}]},"g_9":{"attachment":[{"time":0.3333,"name":null},{"time":0.6667,"name":null},{"time":1.1667,"name":null}]},"g_10":{"attachment":[{"time":0.3333,"name":null},{"time":0.6667,"name":null},{"time":1.1667,"name":null}]},"g_11":{"attachment":[{"time":0.3333,"name":null},{"time":0.6667,"name":null},{"time":1.1667,"name":null}]}},"bones":{"root":{"rotate":[{"curve":"stepped"},{"time":1.6667}],"translate":[{"curve":"stepped"},{"time":1.6667}],"scale":[{"curve":"stepped"},{"time":1.6667}]},"body":{"rotate":[{"curve":0.462,"c3":0.75},{"time":0.6667,"angle":-12.77,"curve":0.25,"c3":0.434},{"time":1.6667}],"translate":[{"curve":0.462,"c3":0.75},{"time":0.6667,"x":60.86,"y":-72.28,"curve":0.25,"c3":0.434},{"time":1.6667}],"scale":[{"curve":"stepped"},{"time":1.6667}]},"bone2":{"rotate":[{"curve":0.462,"c3":0.75},{"time":0.6667,"angle":-5.77,"curve":0.25,"c3":0.434},{"time":1.6667}],"translate":[{"curve":0.462,"c3":0.75},{"time":0.6667,"x":-5.15,"y":-10.85,"curve":0.25,"c3":0.434},{"time":1.6667}],"scale":[{"curve":"stepped"},{"time":1.6667}]},"bone3":{"rotate":[{"curve":0.462,"c3":0.75},{"time":0.6667,"angle":-2.71,"curve":0.25,"c3":0.434},{"time":1.6667}],"translate":[{"curve":0.462,"c3":0.75},{"time":0.6667,"x":17.49,"y":-9.22,"curve":0.25,"c3":0.434},{"time":1.6667}],"scale":[{"curve":"stepped"},{"time":1.6667}]},"bone4":{"rotate":[{"curve":0.462,"c3":0.75},{"time":0.6667,"angle":4.81,"curve":0.25,"c3":0.434},{"time":1.6667}],"translate":[{"curve":0.462,"c3":0.75},{"time":0.6667,"x":1.26,"y":0.2,"curve":0.25,"c3":0.434},{"time":1.6667}],"scale":[{"curve":"stepped"},{"time":1.6667}]},"head":{"rotate":[{"curve":0.25,"c3":0.324},{"time":1.0667,"angle":10.59,"curve":0.56,"c2":0.01,"c3":0.75},{"time":1.6667}],"translate":[{"curve":0.25,"c3":0.324},{"time":1.0667,"x":-10.07,"y":-9.02,"curve":0.54,"c2":0.11,"c3":0.741},{"time":1.6667}],"scale":[{"curve":"stepped"},{"time":1.6667}]},"horn":{"rotate":[{"curve":0.25,"c3":0.75},{"time":0.6667,"angle":7.97,"curve":0.25,"c3":0.75},{"time":1.6667}],"translate":[{"curve":0.25,"c3":0.75},{"time":0.6667,"x":-11.42,"y":7.11,"curve":0.25,"c3":0.75},{"time":1.6667}],"scale":[{"curve":"stepped"},{"time":1.6667}]},"arm1_left":{"rotate":[{"curve":0.23,"c2":0.02,"c3":0.486,"c4":0.76},{"time":0.3333,"angle":-10.23,"curve":0.25,"c3":0.463,"c4":0.96},{"time":1.1667,"angle":10.83,"curve":0.465,"c2":0.03,"c3":0.75},{"time":1.6667}],"translate":[{"curve":"stepped"},{"time":1.6667}],"scale":[{"curve":"stepped"},{"time":1.6667}]},"arm2_left":{"rotate":[{"curve":0.23,"c2":0.02,"c3":0.486,"c4":0.76},{"time":0.3333,"angle":-10.42,"curve":0.25,"c3":0.463,"c4":0.96},{"time":1.1667,"angle":10.76,"curve":0.465,"c2":0.03,"c3":0.75},{"time":1.6667}],"translate":[{"curve":"stepped"},{"time":1.6667}],"scale":[{"curve":"stepped"},{"time":1.6667}]},"hand_left":{"rotate":[{"curve":0.23,"c2":0.02,"c3":0.486,"c4":0.76},{"time":0.3333,"angle":-6.05,"curve":0.25,"c3":0.463,"c4":0.96},{"time":1.1667,"angle":12.31,"curve":0.465,"c2":0.03,"c3":0.75},{"time":1.6667}],"translate":[{"curve":"stepped"},{"time":1.6667}],"scale":[{"curve":"stepped"},{"time":1.6667}]},"shoulder":{"rotate":[{"curve":0.25,"c3":0.75},{"time":0.3333,"angle":3.11,"curve":0.25,"c3":0.463,"c4":0.96},{"time":1.1667,"angle":3.54,"curve":0.465,"c2":0.03,"c3":0.75},{"time":1.6667}],"translate":[{"curve":0.25,"c3":0.75},{"time":0.3333,"x":-26.87,"y":3.37,"curve":0.25,"c3":0.463,"c4":0.96},{"time":1.6667}],"scale":[{"curve":"stepped"},{"time":1.6667}]},"arm1_right":{"rotate":[{"curve":0.23,"c2":0.02,"c3":0.486,"c4":0.76},{"time":0.5,"angle":-5.31,"curve":0.25,"c3":0.463,"c4":0.96},{"time":1.1667,"angle":12.57,"curve":0.465,"c2":0.03,"c3":0.75},{"time":1.6667}],"translate":[{"curve":"stepped"},{"time":1.6667}],"scale":[{"curve":"stepped"},{"time":1.6667}]},"arm2_right":{"rotate":[{"curve":0.23,"c2":0.02,"c3":0.486,"c4":0.76},{"time":0.5,"angle":-27.97,"curve":0.25,"c3":0.463,"c4":0.96},{"time":1.1667,"angle":-6.64,"curve":0.465,"c2":0.03,"c3":0.75},{"time":1.6667}],"translate":[{"curve":0.23,"c2":0.02,"c3":0.486,"c4":0.76},{"time":0.5,"x":-2.42,"y":-20.87,"curve":0.304,"c3":0.58,"c4":0.56},{"time":1.1667,"x":10.47,"y":-2.52,"curve":0.266,"c2":0.53,"c3":0.586,"c4":0.96},{"time":1.6667}],"scale":[{"curve":"stepped"},{"time":1.6667}]},"hand_right":{"rotate":[{"curve":0.23,"c2":0.02,"c3":0.486,"c4":0.76},{"time":0.5,"angle":-6.51,"curve":0.25,"c3":0.463,"c4":0.96},{"time":1.1667,"angle":-12.92,"curve":0.465,"c2":0.03,"c3":0.75},{"time":1.6667}],"translate":[{"curve":"stepped"},{"time":1.6667}],"scale":[{"curve":"stepped"},{"time":1.6667}]},"foot1_left":{"rotate":[{"curve":"stepped"},{"time":1.6667}],"translate":[{"curve":"stepped"},{"time":1.6667}],"scale":[{"curve":"stepped"},{"time":1.6667}]},"leg1_left":{"rotate":[{"curve":"stepped"},{"time":1.6667}],"translate":[{"curve":"stepped"},{"time":1.6667}],"scale":[{"curve":"stepped"},{"time":1.6667}]},"leg2_left":{"rotate":[{"curve":"stepped"},{"time":1.6667}],"translate":[{"curve":"stepped"},{"time":1.6667}],"scale":[{"curve":"stepped"},{"time":1.6667}]},"foot2_left":{"rotate":[{"curve":"stepped"},{"time":1.6667}],"translate":[{"curve":"stepped"},{"time":1.6667}],"scale":[{"curve":"stepped"},{"time":1.6667}]},"foot_left":{"rotate":[{"curve":"stepped"},{"time":1.6667}],"translate":[{"curve":"stepped"},{"time":1.6667}],"scale":[{"curve":"stepped"},{"time":1.6667}]},"foot1_right":{"rotate":[{"curve":"stepped"},{"time":1.6667}],"translate":[{"curve":"stepped"},{"time":1.6667}],"scale":[{"curve":"stepped"},{"time":1.6667}]},"leg1_right":{"rotate":[{"curve":"stepped"},{"time":1.6667}],"translate":[{"curve":"stepped"},{"time":1.6667}],"scale":[{"curve":"stepped"},{"time":1.6667}]},"leg2_right":{"rotate":[{"curve":"stepped"},{"time":1.6667}],"translate":[{"curve":"stepped"},{"time":1.6667}],"scale":[{"curve":"stepped"},{"time":1.6667}]},"foot2_right":{"rotate":[{"curve":"stepped"},{"time":1.6667}],"translate":[{"curve":"stepped"},{"time":1.6667}],"scale":[{"curve":"stepped"},{"time":1.6667}]},"foot_right":{"rotate":[{"curve":"stepped"},{"time":1.6667}],"translate":[{"curve":"stepped"},{"time":1.6667}],"scale":[{"curve":"stepped"},{"time":1.6667}]},"bone":{"rotate":[{"curve":0.114,"c2":-0.06,"c3":0.75},{"time":0.5,"angle":12.79,"curve":0.25,"c3":0.689,"c4":0.99},{"time":1.0667,"angle":10.72,"curve":0.25,"c3":0.851,"c4":1.08},{"time":1.6667}],"translate":[{"curve":"stepped"},{"time":1.6667}],"scale":[{"curve":"stepped"},{"time":1.6667}]},"belt_bottom":{"rotate":[{"curve":"stepped"},{"time":1.6667}],"translate":[{"curve":"stepped"},{"time":1.6667}],"scale":[{"curve":"stepped"},{"time":1.6667}]},"belt_top":{"rotate":[{"curve":"stepped"},{"time":1.6667}],"translate":[{"curve":0.25,"c3":0.75},{"time":0.6667,"x":-3.96,"y":-7.09,"curve":0.25,"c3":0.75},{"time":1.6667}],"scale":[{"curve":0.25,"c3":0.75},{"time":0.6667,"y":1.216,"curve":0.25,"c3":0.75},{"time":1.6667}]},"bone5":{"rotate":[{"curve":0.25,"c3":0.324},{"time":0.6667,"angle":28.62,"curve":0.56,"c2":0.01,"c3":0.75},{"time":1.6667}],"translate":[{"curve":"stepped"},{"time":1.6667}],"scale":[{"curve":"stepped"},{"time":1.6667}]},"bone6":{"rotate":[{"curve":0.25,"c3":0.324},{"time":0.6667,"angle":15.73,"curve":0.56,"c2":0.01,"c3":0.75},{"time":1.6667}],"translate":[{"curve":"stepped"},{"time":1.6667}],"scale":[{"curve":"stepped"},{"time":1.6667}]},"bone7":{"rotate":[{"curve":0.25,"c3":0.324},{"time":0.6667,"angle":28.78,"curve":0.56,"c2":0.01,"c3":0.75},{"time":1.6667}],"translate":[{"curve":"stepped"},{"time":1.6667}],"scale":[{"curve":"stepped"},{"time":1.6667}]},"bone8":{"rotate":[{"curve":0.25,"c3":0.324},{"time":0.6667,"angle":15.73,"curve":0.56,"c2":0.01,"c3":0.75},{"time":1.6667}],"translate":[{"curve":"stepped"},{"time":1.6667}],"scale":[{"curve":"stepped"},{"time":1.6667}]},"bone9":{"rotate":[{"curve":0.25,"c3":0.324},{"time":0.6667,"angle":31.77,"curve":0.56,"c2":0.01,"c3":0.75},{"time":1.6667}],"translate":[{"curve":"stepped"},{"time":1.6667}],"scale":[{"curve":"stepped"},{"time":1.6667}]},"bone10":{"rotate":[{"curve":0.25,"c3":0.324},{"time":0.6667,"angle":15.73,"curve":0.56,"c2":0.01,"c3":0.75},{"time":1.6667}],"translate":[{"curve":"stepped"},{"time":1.6667}],"scale":[{"curve":"stepped"},{"time":1.6667}]},"bone11":{"rotate":[{"curve":0.25,"c3":0.324},{"time":0.6667,"angle":31.19,"curve":0.56,"c2":0.01,"c3":0.75},{"time":1.6667}],"translate":[{},{"time":0.6667,"x":-3.95,"y":5.38},{"time":1.6667}],"scale":[{"curve":"stepped"},{"time":1.6667}]},"bone12":{"rotate":[{"curve":0.25,"c3":0.324},{"time":0.6667,"angle":31.52,"curve":0.56,"c2":0.01,"c3":0.75},{"time":1.6667}],"translate":[{},{"time":0.6667,"x":-6.9,"y":5.99},{"time":1.6667}],"scale":[{"curve":"stepped"},{"time":1.6667}]},"bone13":{"rotate":[{"curve":0.25,"c3":0.324},{"time":0.6667,"angle":15.73,"curve":0.56,"c2":0.01,"c3":0.75},{"time":1.6667}],"translate":[{},{"time":0.6667,"x":-6.9,"y":5.99},{"time":1.6667}],"scale":[{"curve":"stepped"},{"time":1.6667}]},"bone14":{"rotate":[{"curve":0.25,"c3":0.324},{"time":0.6667,"angle":26.07,"curve":0.56,"c2":0.01,"c3":0.75},{"time":1.6667}],"translate":[{"curve":"stepped"},{"time":1.6667}],"scale":[{"curve":"stepped"},{"time":1.6667}]},"bone17":{"rotate":[{"curve":0.114,"c2":-0.06,"c3":0.75},{"time":0.5,"angle":-5.05,"curve":0.25,"c3":0.689,"c4":0.99},{"time":1.0667,"angle":3.49,"curve":0.25,"c3":0.851,"c4":1.08},{"time":1.6667}],"translate":[{"curve":"stepped"},{"time":1.6667}],"scale":[{"curve":"stepped"},{"time":1.6667}]},"bone16":{"rotate":[{"curve":0.114,"c2":-0.06,"c3":0.75},{"time":0.5,"angle":-5.05,"curve":0.25,"c3":0.689,"c4":0.99},{"time":1.0667,"angle":3.49,"curve":0.25,"c3":0.851,"c4":1.08},{"time":1.6667}],"translate":[{"curve":"stepped"},{"time":1.6667}],"scale":[{"curve":"stepped"},{"time":1.6667}]},"bone15":{"rotate":[{"curve":0.114,"c2":-0.06,"c3":0.75},{"time":0.5,"angle":-5.05,"curve":0.25,"c3":0.689,"c4":0.99},{"time":1.0667,"angle":3.49,"curve":0.25,"c3":0.851,"c4":1.08},{"time":1.6667}],"translate":[{"curve":"stepped"},{"time":1.6667}],"scale":[{"curve":"stepped"},{"time":1.6667}]},"fog10":{"rotate":[{"time":0.6667,"angle":-171.4},{"time":1.1667,"angle":128.61},{"time":1.6667,"angle":68.21}],"translate":[{"time":0.6667,"x":39.36,"y":-157.44},{"time":1.1667,"x":85.28,"y":-209.92},{"time":1.6667,"x":150.88,"y":-282.08}],"scale":[{"time":0.6667,"x":0.086,"y":0.28},{"time":1.1667,"x":0.131,"y":0.426},{"time":1.6667,"x":0.169,"y":0.552}]},"fog9":{"rotate":[{"time":0.6667},{"time":1.1667,"angle":-66.81},{"time":1.6667,"angle":-95.89}],"translate":[{"time":0.6667,"x":-95.12,"y":-144.32},{"time":1.1667,"x":-55.76,"y":-164},{"time":1.6667,"x":-3.28,"y":-183.68}],"scale":[{"time":0.6667,"x":0.111,"y":0.111},{"time":1.1667,"x":0.169,"y":0.169},{"time":1.6667,"x":0.247,"y":0.247}]}},"deform":{"default":{"arm1_left":{"arm1_left":[{},{"time":0.3333,"offset":4,"vertices":[-4.73645,-10.62939,-4.73636,-10.62915,-0.39783,-4.06934,3.14526,-5.64819,0,0,0,0,0,0,0,0,2.7598,3.01691,9.19135,1.56683,-8.92212,5.39197,-7.21487,6.04626],"curve":0.25,"c3":0.463,"c4":0.96},{"time":1.6667}]},"arm1_right":{"arm1_right":[{},{"time":0.5,"vertices":[-10.62445,-3.02777,-4.59979,-8.70691,0,0,0,0,0,0,0,0,0,0,-0.45038,10.41473,1.49829,2.47266,-5.81494,8.2565,0,0,0,0,0,0,0,0,4.42139,-9.44043],"curve":0.25,"c3":0.463,"c4":0.96},{"time":1.6667}]},"arm2_left":{"arm2_left":[{},{"time":0.3333,"offset":4,"vertices":[-3.53461,10.40805,-6.10486,16.98743,1.7182,13.70718,-4.5271,1.04083,3.4906,1.69016],"curve":0.25,"c3":0.463,"c4":0.96},{"time":1.6667}]},"arm2_right":{"arm2_right":[{},{"time":0.5,"vertices":[7.77155,-9.03758,2.22552,-12.60243,-0.0061,-9.29001,-4.03058,-0.69174,0,0,0.16162,-5.78032,0,0,7.61084,-3.25717,0,0,0,0,-2.97192,2.80898,-2.4425,4.55917,0,0,0,0,0,0,0,0,3.05182,-5.6991],"curve":0.25,"c3":0.463,"c4":0.96},{"time":1.6667}]},"body":{"body":[{},{"time":0.6667,"offset":10,"vertices":[3.04486,18.77403,-6.00159,18.04782,-11.04687,15.48248,-1.85706,14.99816,-8.59583,12.43024,-11.87311,9.35025,7.15436,21.13122,-3.45233,22.04114,-9.7854,20.04926,0,0,0,0,0,0,0,0,0,0,0,0,0,0,0,0,0,0,0,0,0,0,0,0,-1.91843,-10.09629,9.58072,-3.71851,-19.27383,-7.8441,-13.44446,-15.8819,4.21725,-20.37714,-22.27728,-9.88855,-15.15869,-19.08539,5.68283,-23.70178,-6.63318,-1.87762,-5.00787,-4.73749,0.64307,-6.86377,-2.85748,-6.7796,0.60944,-7.33179,6.14879,-4.04004,0,0,0,0,0,0,0,0,0,0,0,0,0,0,3.43597,-3.26154,4.68314,-0.71509,8.07642,-1.84946,8.26318,0.60922,6.4353,5.21906,0,0,0,0,0,0,-17.04233,1.14642,-15.63379,-6.88062,-12.91608,-11.17657,-7.4455,-11.66108,-1.19476,-13.78311,10.11678,-9.43811,0,0,0,0,0,0,0,0,0,0,0,0,0,0,0,0,0,0,0,0,0,0,0,0,0,0,0,0,0,0,0,0,0,0,-20.04593,-0.89783,-13.87189,6.82052,-15.45325,-0.38385,-14.65594,-4.91428]},{"time":1.6667}]},"head":{"head":[{"curve":0.25,"c3":0.324},{"time":1.0667,"vertices":[-1.55232,-3.90656,-0.77626,-1.95331,3.0E-5,0,3.0E-5,0,-7.36697,-5.30664,-8.91924,-9.21332,-9.15727,-7.53558,-2.60405,-4.8457,-4.2068,-3.75647,3.0E-5,0,3.01807,-5.4967,3.0E-5,0,3.0E-5,0,0.7012,0.62604,0.93939,-0.03406,3.0E-5,0,0,0,4.09448,1.76544,4.17612,-1.56262,-0.62601,0.70117,0.03409,0.93939,0.92792,0.1506,3.0E-5,0,0,0,0,-6.0E-5,0,0,0,0,0,0,0,0,0,0,0,0,0,0,0,0,0,0,-6.0E-5,0,0,0,-6.0E-5,0,-6.0E-5,0,0,0,-6.0E-5,0,-6.0E-5,0,-1.2E-4,0,-1.2E-4,0,-3.0E-5,0,-6.0E-5,0,-3.0E-5,0,-3.0E-5,0,0,-6.0E-5,-3.0E-5,0,0,-6.0E-5,-3.0E-5,0,0,-6.0E-5,-3.0E-5,0,0,-6.0E-5,0,0,0,0,0,0,0,0,0,0,0,0,0,0,0,0,0,0,0,0,0,0,0,0,3.0E-5,0,3.0E-5,0,0,0,0,0,3.0E-5,0,0,0,0,0,-0.31296,0.35059,0.01706,0.46967,0.14044,0.44855,0.4697,0.01538,0.46393,0.07526,0.4104,-0.22913,0.46893,0.02969,-0.40068,4.68274,2.95441,3.65527,3.81451,2.74603,3.85019,-2.69525,4.16351,-2.18088,1.90842,-4.29517,3.93024,-2.5766,1.67799,0.23785,1.37506,-0.99066,1.0647,-1.31836,-0.89346,-1.44016,-0.70203,-1.54266,-1.50815,-0.77289,3.0E-5,0,-1.40211,-1.25226,-2.45392,-2.19128,-3.28778,0.1192,-3.13977,0.98315,-0.10806,3.28818,-0.52765,3.24716,1.60379,2.87238,-0.20844,3.28333,3.0E-5,0,0,0,0,0,-3.0E-5,0,0,-6.0E-5,-0.60121,7.02417,4.43152,5.48303,5.72174,4.11908,5.77542,-4.04279,6.2453,-3.27116,2.86279,-6.44281,-2.35391,5.45898,-7.4998,2.75427,-4.35693,-6.41107,-4.35693,-6.41107,2.24185,-7.45001,3.53156,-8.18896,0.82661,-3.04254,0.02551,6.3233,2.25378,4.53253,4.76501,1.70825],"curve":0.56,"c2":0.01,"c3":0.75},{"time":1.6667}]},"leg1_left":{"leg1_left":[{"curve":0.25,"c3":0.75},{"time":0.6667,"offset":4,"vertices":[0.34738,-5.27853,-7.21268,-12.90192,-0.88831,-12.21854,0,0,0,0,0,0,0,0,9.33408,0.30284,8.59497,6.80293],"curve":0.25,"c3":0.75},{"time":1.6667}]},"leg1_right":{"leg1_right":[{"curve":0.25,"c3":0.75},{"time":0.6667,"offset":4,"vertices":[0.41389,-2.83887,-1.69173,-4.30563,0,0,0,0,-0.18902,9.24976,7.68871,6.91922,-0.28372,13.87473,0.54421,8.19705],"curve":0.25,"c3":0.75},{"time":1.6667}]},"leg2_left":{"leg2_left":[{"curve":0.25,"c3":0.75},{"time":0.6667,"vertices":[32.5305,-39.76682,36.34478,-4.40883,19.36707,3.12779,16.39501,-1.80621,12.85166,5.70738,0,0,2.37759,3.94725,6.5268,4.13766,-4.94556,-3.74533,-28.84242,1.23494,-26.66688,2.61412,0,0,0,0,0,0,-4.74359,-1.17725,-4.35112,-2.75851,-1.99665,-12.24562],"curve":0.25,"c3":0.75},{"time":1.6667}]},"leg2_right":{"leg2_right":[{"curve":0.25,"c3":0.75},{"time":0.6667,"vertices":[31.61096,-12.0675,31.31226,9.31503,-0.85815,9.87265,0,0,0,0,0,0,0,0,-3.24817,0.25534,-20.83337,7.87869,-17.63599,1.68239,0,0,-0.87598,-0.74828,-18.86945,-0.96794,-32.84842,-20.03929,-7.07211,-15.66646,7.11237,-17.21748],"curve":0.25,"c3":0.75},{"time":1.6667}]}}}},"skill":{"slots":{"b_1":{"attachment":[{"time":0.3333,"name":"b_1"},{"time":0.3667,"name":"b_2"},{"time":0.4,"name":"b_3"},{"time":0.4333,"name":"b_4"},{"time":0.4667,"name":"b_5"},{"time":0.5,"name":"b_6"},{"time":0.5333,"name":"b_7"},{"time":0.5667,"name":"b_8"},{"time":0.6,"name":"b_9"},{"time":0.6333,"name":"b_10"},{"time":0.6667,"name":"b_11"},{"time":0.7,"name":"b_12"},{"time":0.7333,"name":null}]},"fog1":{"color":[{"time":0.6667,"color":"ffffff00","curve":"stepped"},{"time":1.4,"color":"ffffff00","curve":0.287,"c2":0.32,"c3":0.604,"c4":0.67},{"time":1.8333,"color":"ffffffff","curve":0.218,"c2":0.54,"c3":0.519},{"time":2.6667,"color":"ffffff00"}],"attachment":[{"time":0.6667,"name":"fog1"}]},"fog2":{"color":[{"time":1.0667,"color":"ffffff00"},{"time":2.1667,"color":"ffffffff"},{"time":3.3333,"color":"ffffff00"}],"attachment":[{"time":1.0667,"name":"fog2"}]},"fog3":{"color":[{"time":1.1667,"color":"ffffff00"},{"time":2.1667,"color":"ffffffff"},{"time":3.3333,"color":"ffffff00"}],"attachment":[{"time":1.1667,"name":"fog3"},{"time":2.7333,"name":"fog3"}]},"fog4":{"color":[{"time":1,"color":"ffffff00"},{"time":2,"color":"ffffffff"},{"time":2.6667,"color":"ffffff00"}],"attachment":[{"time":1,"name":"fog1"}]},"fog5":{"color":[{"time":1,"color":"ffffff00"},{"time":2.1667,"color":"ffffffff"},{"time":2.8333,"color":"ffffff00"}],"attachment":[{"time":1,"name":"fog3"}]},"fog6":{"color":[{"time":1,"color":"ffffff00"},{"time":2.1667,"color":"ffffffff"},{"time":3.3333,"color":"ffffff00"}],"attachment":[{"time":1,"name":"fog2"}]},"fog7":{"color":[{"time":0.8333,"color":"ffffff00"},{"time":2.1667,"color":"ffffffff"},{"time":3.3333,"color":"ffffff00"}],"attachment":[{"time":0.8333,"name":"fog1"}]},"fog8":{"color":[{"time":0.8333,"color":"ffffff00"},{"time":2.1667,"color":"ffffffff"},{"time":3,"color":"ffffff00"}],"attachment":[{"time":0.8333,"name":"fog1"}]},"fog9":{"color":[{"time":0.8333,"color":"ffffff00"},{"time":2.1667,"color":"ffffffff"},{"time":3.3333,"color":"ffffff00"}],"attachment":[{"time":0.8333,"name":"fog3"}]},"fog10":{"color":[{"time":0.8333,"color":"ffffff00"},{"time":2.1667,"color":"ffffffff"},{"time":3.3333,"color":"ffffff00"}],"attachment":[{"time":0.8333,"name":"fog1"}]},"g_2":{"attachment":[{"time":0.3333,"name":null}]},"g_3":{"attachment":[{"time":0.3333,"name":null}]},"g_4":{"attachment":[{"time":0.3333,"name":null}]},"g_5":{"attachment":[{"time":0.3333,"name":null}]},"g_6":{"attachment":[{"time":0.3333,"name":null}]},"g_7":{"attachment":[{"time":0.3333,"name":null}]},"g_8":{"attachment":[{"time":0.3333,"name":null}]},"g_9":{"attachment":[{"time":0.3333,"name":null}]},"g_10":{"attachment":[{"time":0.3333,"name":null}]},"g_11":{"attachment":[{"time":0.3333,"name":null}]}},"bones":{"root":{"rotate":[{"curve":"stepped"},{"time":0.3333,"curve":"stepped"},{"time":0.6667,"curve":"stepped"},{"time":0.8333,"curve":"stepped"},{"time":2.1667,"curve":"stepped"},{"time":3.3333}],"translate":[{"curve":"stepped"},{"time":0.3333,"curve":"stepped"},{"time":0.6667,"curve":"stepped"},{"time":0.8333,"curve":"stepped"},{"time":2.1667,"curve":"stepped"},{"time":3.3333}],"scale":[{"curve":"stepped"},{"time":0.3333,"curve":"stepped"},{"time":0.6667,"curve":"stepped"},{"time":0.8333,"curve":"stepped"},{"time":2.1667,"curve":"stepped"},{"time":3.3333}]},"body":{"rotate":[{},{"time":0.3333,"angle":-18.74},{"time":0.6667,"angle":-21.88,"curve":0.833,"c3":0.979,"c4":0.2},{"time":0.8333,"angle":-19.15,"curve":0.25,"c3":0.75},{"time":2.1667,"angle":-13.53,"curve":0.723,"c3":0.75},{"time":3.3333}],"translate":[{},{"time":0.3333,"x":-106.51,"y":-114.12},{"time":0.6667,"x":-116.02,"y":-129.34,"curve":0.833,"c3":0.979,"c4":0.2},{"time":0.8333,"x":153.35,"y":-185.45,"curve":0.25,"c3":0.75},{"time":2.1667,"x":91.97,"y":-213.58,"curve":0.723,"c3":0.75},{"time":3.3333}],"scale":[{"curve":"stepped"},{"time":0.3333,"curve":"stepped"},{"time":0.6667,"curve":"stepped"},{"time":0.8333,"curve":"stepped"},{"time":2.1667,"curve":"stepped"},{"time":3.3333}]},"bone2":{"rotate":[{},{"time":0.3333,"angle":-3.15},{"time":0.6667,"curve":"stepped"},{"time":0.8333,"curve":0.25,"c3":0.75},{"time":2.1667,"angle":-3.51,"curve":0.723,"c3":0.75},{"time":3.3333}],"translate":[{"curve":"stepped"},{"time":0.3333,"curve":"stepped"},{"time":0.6667,"curve":0.833,"c3":0.979,"c4":0.2},{"time":0.8333,"x":5.13,"y":-9.44,"curve":0.25,"c3":0.75},{"time":2.1667,"x":11.8,"y":-6.39,"curve":0.723,"c3":0.75},{"time":3.3333}],"scale":[{"curve":"stepped"},{"time":0.3333,"curve":"stepped"},{"time":0.6667,"curve":"stepped"},{"time":0.8333,"curve":"stepped"},{"time":2.1667,"curve":"stepped"},{"time":3.3333}]},"bone3":{"rotate":[{},{"time":0.3333,"angle":-5.1},{"time":0.6667,"angle":-7,"curve":0.833,"c3":0.979,"c4":0.2},{"time":0.8333,"curve":0.25,"c3":0.75},{"time":2.1667,"angle":-4.72,"curve":0.723,"c3":0.75},{"time":3.3333}],"translate":[{},{"time":0.3333,"x":1.02,"y":-5.84},{"time":0.6667,"x":4.79,"y":-19.15,"curve":0.833,"c3":0.979,"c4":0.2},{"time":0.8333,"x":11.71,"y":-1.88,"curve":0.25,"c3":0.75},{"time":2.1667,"x":10.05,"y":-0.54,"curve":0.723,"c3":0.75},{"time":3.3333}],"scale":[{"curve":"stepped"},{"time":0.3333,"curve":"stepped"},{"time":0.6667,"curve":"stepped"},{"time":0.8333,"curve":"stepped"},{"time":2.1667,"curve":"stepped"},{"time":3.3333}]},"bone4":{"rotate":[{"curve":"stepped"},{"time":0.3333,"curve":"stepped"},{"time":0.6667,"curve":"stepped"},{"time":0.8333,"curve":0.25,"c3":0.75},{"time":2.1667,"angle":-7.66,"curve":0.723,"c3":0.75},{"time":3.3333}],"translate":[{"curve":"stepped"},{"time":0.3333,"curve":"stepped"},{"time":0.6667,"curve":"stepped"},{"time":0.8333,"curve":0.25,"c3":0.75},{"time":2.1667,"x":12.92,"y":-8.5,"curve":0.723,"c3":0.75},{"time":3.3333}],"scale":[{"curve":"stepped"},{"time":0.3333,"curve":"stepped"},{"time":0.6667,"curve":"stepped"},{"time":0.8333,"curve":"stepped"},{"time":2.1667,"curve":"stepped"},{"time":3.3333}]},"head":{"rotate":[{},{"time":0.3333,"angle":-10.82},{"time":0.6667,"angle":-20.51,"curve":0.833,"c3":0.979,"c4":0.2},{"time":0.8333,"angle":10.7,"curve":0.25,"c3":0.75},{"time":2.1667,"angle":20.34,"curve":0.723,"c3":0.75},{"time":3.3333}],"translate":[{},{"time":0.3333,"x":-7.43,"y":3.12},{"time":0.6667,"x":-8.86,"y":-0.91,"curve":0.833,"c3":0.979,"c4":0.2},{"time":0.8333,"x":16.61,"y":-3.06,"curve":0.25,"c3":0.75},{"time":2.1667,"x":-1.55,"y":6.87,"curve":0.723,"c3":0.75},{"time":3.3333}],"scale":[{"curve":"stepped"},{"time":0.3333,"curve":"stepped"},{"time":0.6667,"curve":"stepped"},{"time":0.8333,"curve":"stepped"},{"time":2.1667,"curve":"stepped"},{"time":3.3333}]},"horn":{"rotate":[{"curve":"stepped"},{"time":0.3333,"curve":"stepped"},{"time":0.6667,"curve":"stepped"},{"time":0.8333,"curve":"stepped"},{"time":2.1667,"curve":"stepped"},{"time":3.3333}],"translate":[{"curve":"stepped"},{"time":0.3333,"curve":"stepped"},{"time":0.6667,"curve":"stepped"},{"time":0.8333,"curve":"stepped"},{"time":2.1667,"curve":"stepped"},{"time":3.3333}],"scale":[{"curve":"stepped"},{"time":0.3333,"curve":"stepped"},{"time":0.6667,"curve":"stepped"},{"time":0.8333,"curve":"stepped"},{"time":2.1667,"curve":"stepped"},{"time":3.3333}]},"arm1_left":{"rotate":[{},{"time":0.3333,"angle":40.04},{"time":0.6667,"angle":43.48,"curve":0.833,"c3":0.979,"c4":0.2},{"time":0.8333,"angle":-11.9,"curve":0.25,"c3":0.75},{"time":2.1667,"angle":-19.85,"curve":0.723,"c3":0.75},{"time":3.3333}],"translate":[{"curve":"stepped"},{"time":0.3333,"curve":"stepped"},{"time":0.6667,"curve":"stepped"},{"time":0.8333,"curve":0.25,"c3":0.75},{"time":2.1667,"x":8.88,"y":8.12,"curve":0.723,"c3":0.75},{"time":3.3333}],"scale":[{"curve":"stepped"},{"time":0.3333,"curve":"stepped"},{"time":0.6667,"curve":"stepped"},{"time":0.8333,"curve":"stepped"},{"time":2.1667,"curve":"stepped"},{"time":3.3333}]},"arm2_left":{"rotate":[{},{"time":0.3333,"angle":54.62},{"time":0.6667,"angle":58.06,"curve":0.833,"c3":0.979,"c4":0.2},{"time":0.8333,"angle":-25.31,"curve":0.25,"c3":0.75},{"time":2.1667,"angle":-9.54,"curve":0.723,"c3":0.75},{"time":3.3333}],"translate":[{"curve":"stepped"},{"time":0.3333,"curve":"stepped"},{"time":0.6667,"curve":"stepped"},{"time":0.8333,"curve":0.25,"c3":0.75},{"time":2.1667,"x":4.39,"y":-2.98,"curve":0.723,"c3":0.75},{"time":3.3333}],"scale":[{"curve":"stepped"},{"time":0.3333,"curve":"stepped"},{"time":0.6667,"curve":"stepped"},{"time":0.8333,"curve":"stepped"},{"time":2.1667,"curve":"stepped"},{"time":3.3333}]},"hand_left":{"rotate":[{"curve":"stepped"},{"time":0.3333,"curve":"stepped"},{"time":0.6667,"curve":"stepped"},{"time":0.8333,"curve":"stepped"},{"time":2.1667,"curve":"stepped"},{"time":3.3333}],"translate":[{"curve":"stepped"},{"time":0.3333,"curve":"stepped"},{"time":0.6667,"curve":"stepped"},{"time":0.8333,"curve":"stepped"},{"time":2.1667,"curve":"stepped"},{"time":3.3333}],"scale":[{"curve":"stepped"},{"time":0.3333,"curve":"stepped"},{"time":0.6667,"curve":"stepped"},{"time":0.8333,"curve":"stepped"},{"time":2.1667,"curve":"stepped"},{"time":3.3333}]},"shoulder":{"rotate":[{"curve":"stepped"},{"time":0.3333},{"time":0.6667,"angle":-12.94,"curve":0.833,"c3":0.979,"c4":0.2},{"time":0.8333,"angle":7.2,"curve":0.25,"c3":0.75},{"time":2.1667,"angle":12.72,"curve":0.723,"c3":0.75},{"time":3.3333}],"translate":[{"curve":"stepped"},{"time":0.3333},{"time":0.6667,"x":10.78,"y":5.58,"curve":0.833,"c3":0.979,"c4":0.2},{"time":0.8333,"x":-0.7,"y":-21.44,"curve":0.25,"c3":0.75},{"time":2.1667,"x":-0.23,"y":-24.46,"curve":0.723,"c3":0.75},{"time":3.3333}],"scale":[{"curve":"stepped"},{"time":0.3333,"curve":"stepped"},{"time":0.6667,"curve":"stepped"},{"time":0.8333,"curve":"stepped"},{"time":2.1667,"curve":"stepped"},{"time":3.3333}]},"arm1_right":{"rotate":[{},{"time":0.3333,"angle":-17.07},{"time":0.6667,"angle":337.48,"curve":0.833,"c3":0.979,"c4":0.2},{"time":0.8333,"angle":41.34,"curve":0.25,"c3":0.75},{"time":2.1667,"angle":49.39,"curve":0.723,"c3":0.75},{"time":3.3333}],"translate":[{"curve":"stepped"},{"time":0.3333,"curve":"stepped"},{"time":0.6667,"curve":0.833,"c3":0.979,"c4":0.2},{"time":0.8333,"x":41.6,"y":-8.85,"curve":"stepped"},{"time":2.1667,"x":41.6,"y":-8.85,"curve":0.723,"c3":0.75},{"time":3.3333}],"scale":[{"curve":"stepped"},{"time":0.3333,"curve":"stepped"},{"time":0.6667,"curve":"stepped"},{"time":0.8333,"curve":"stepped"},{"time":2.1667,"curve":"stepped"},{"time":3.3333}]},"arm2_right":{"rotate":[{},{"time":0.3333,"angle":-84.48},{"time":0.6667,"angle":-89.94,"curve":0.833,"c3":0.979,"c4":0.2},{"time":0.8333,"angle":-7,"curve":0.25,"c3":0.75},{"time":2.1667,"angle":-5.08,"curve":0.723,"c3":0.75},{"time":3.3333}],"translate":[{"curve":"stepped"},{"time":0.3333},{"time":0.6667,"x":-13.66,"y":-34.44,"curve":0.833,"c3":0.979,"c4":0.2},{"time":0.8333,"curve":"stepped"},{"time":2.1667,"curve":"stepped"},{"time":3.3333}],"scale":[{"curve":"stepped"},{"time":0.3333,"curve":"stepped"},{"time":0.6667,"curve":"stepped"},{"time":0.8333,"curve":"stepped"},{"time":2.1667,"curve":"stepped"},{"time":3.3333}]},"hand_right":{"rotate":[{"curve":"stepped"},{"time":0.3333,"curve":"stepped"},{"time":0.6667,"curve":"stepped"},{"time":0.8333,"curve":0.25,"c3":0.75},{"time":2.1667,"angle":11.36,"curve":0.723,"c3":0.75},{"time":3.3333}],"translate":[{"curve":"stepped"},{"time":0.3333,"curve":"stepped"},{"time":0.6667,"curve":"stepped"},{"time":0.8333,"curve":"stepped"},{"time":2.1667,"curve":"stepped"},{"time":3.3333}],"scale":[{"curve":"stepped"},{"time":0.3333,"curve":"stepped"},{"time":0.6667,"curve":"stepped"},{"time":0.8333,"curve":"stepped"},{"time":2.1667,"curve":"stepped"},{"time":3.3333}]},"foot1_left":{"rotate":[{"curve":"stepped"},{"time":0.3333,"curve":"stepped"},{"time":0.6667,"curve":"stepped"},{"time":0.8333,"curve":"stepped"},{"time":2.1667,"curve":"stepped"},{"time":3.3333}],"translate":[{"curve":"stepped"},{"time":0.3333,"curve":"stepped"},{"time":0.6667,"curve":"stepped"},{"time":0.8333,"curve":"stepped"},{"time":2.1667,"curve":"stepped"},{"time":3.3333}],"scale":[{"curve":"stepped"},{"time":0.3333,"curve":"stepped"},{"time":0.6667,"curve":"stepped"},{"time":0.8333,"curve":"stepped"},{"time":2.1667,"curve":"stepped"},{"time":3.3333}]},"leg1_left":{"rotate":[{"curve":"stepped"},{"time":0.3333,"curve":"stepped"},{"time":0.6667,"curve":"stepped"},{"time":0.8333,"curve":"stepped"},{"time":2.1667,"curve":"stepped"},{"time":3.3333}],"translate":[{"curve":"stepped"},{"time":0.3333,"curve":"stepped"},{"time":0.6667,"curve":"stepped"},{"time":0.8333,"curve":"stepped"},{"time":2.1667,"curve":"stepped"},{"time":3.3333}],"scale":[{"curve":"stepped"},{"time":0.3333,"curve":"stepped"},{"time":0.6667,"curve":"stepped"},{"time":0.8333,"curve":"stepped"},{"time":2.1667,"curve":"stepped"},{"time":3.3333}]},"leg2_left":{"rotate":[{"curve":"stepped"},{"time":0.3333,"curve":"stepped"},{"time":0.6667,"curve":"stepped"},{"time":0.8333,"curve":"stepped"},{"time":2.1667,"curve":"stepped"},{"time":3.3333}],"translate":[{"curve":"stepped"},{"time":0.3333,"curve":"stepped"},{"time":0.6667,"curve":"stepped"},{"time":0.8333,"curve":"stepped"},{"time":2.1667,"curve":"stepped"},{"time":3.3333}],"scale":[{"curve":"stepped"},{"time":0.3333,"curve":"stepped"},{"time":0.6667,"curve":"stepped"},{"time":0.8333,"curve":"stepped"},{"time":2.1667,"curve":"stepped"},{"time":3.3333}]},"foot2_left":{"rotate":[{"curve":"stepped"},{"time":0.3333,"curve":"stepped"},{"time":0.6667,"curve":"stepped"},{"time":0.8333,"curve":"stepped"},{"time":2.1667,"curve":"stepped"},{"time":3.3333}],"translate":[{"curve":"stepped"},{"time":0.3333,"curve":"stepped"},{"time":0.6667,"curve":"stepped"},{"time":0.8333,"curve":"stepped"},{"time":2.1667,"curve":"stepped"},{"time":3.3333}],"scale":[{"curve":"stepped"},{"time":0.3333,"curve":"stepped"},{"time":0.6667,"curve":"stepped"},{"time":0.8333,"curve":"stepped"},{"time":2.1667,"curve":"stepped"},{"time":3.3333}]},"foot_left":{"rotate":[{"curve":"stepped"},{"time":0.3333,"curve":"stepped"},{"time":0.6667,"curve":"stepped"},{"time":0.8333,"curve":"stepped"},{"time":2.1667,"curve":"stepped"},{"time":3.3333}],"translate":[{"curve":"stepped"},{"time":0.3333,"curve":"stepped"},{"time":0.6667,"curve":"stepped"},{"time":0.8333,"curve":"stepped"},{"time":2.1667,"curve":"stepped"},{"time":3.3333}],"scale":[{"curve":"stepped"},{"time":0.3333,"curve":"stepped"},{"time":0.6667,"curve":"stepped"},{"time":0.8333,"curve":"stepped"},{"time":2.1667,"curve":"stepped"},{"time":3.3333}]},"foot1_right":{"rotate":[{"curve":"stepped"},{"time":0.3333,"curve":"stepped"},{"time":0.6667,"curve":"stepped"},{"time":0.8333,"curve":"stepped"},{"time":2.1667,"curve":"stepped"},{"time":3.3333}],"translate":[{"curve":"stepped"},{"time":0.3333,"curve":"stepped"},{"time":0.6667,"curve":0.833,"c3":0.979,"c4":0.2},{"time":0.8333,"x":264.38,"y":-11.41,"curve":"stepped"},{"time":2.1667,"x":264.38,"y":-11.41,"curve":0.723,"c3":0.75},{"time":3.3333}],"scale":[{"curve":"stepped"},{"time":0.3333,"curve":"stepped"},{"time":0.6667,"curve":"stepped"},{"time":0.8333,"curve":"stepped"},{"time":2.1667,"curve":"stepped"},{"time":3.3333}]},"leg1_right":{"rotate":[{"curve":"stepped"},{"time":0.3333,"curve":"stepped"},{"time":0.6667,"curve":"stepped"},{"time":0.8333,"curve":"stepped"},{"time":2.1667,"curve":"stepped"},{"time":3.3333}],"translate":[{"curve":"stepped"},{"time":0.3333,"curve":"stepped"},{"time":0.6667,"curve":"stepped"},{"time":0.8333,"curve":"stepped"},{"time":2.1667,"curve":"stepped"},{"time":3.3333}],"scale":[{"curve":"stepped"},{"time":0.3333,"curve":"stepped"},{"time":0.6667,"curve":"stepped"},{"time":0.8333,"curve":"stepped"},{"time":2.1667,"curve":"stepped"},{"time":3.3333}]},"leg2_right":{"rotate":[{"curve":"stepped"},{"time":0.3333,"curve":"stepped"},{"time":0.6667,"curve":"stepped"},{"time":0.8333,"curve":"stepped"},{"time":2.1667,"curve":"stepped"},{"time":3.3333}],"translate":[{"curve":"stepped"},{"time":0.3333,"curve":"stepped"},{"time":0.6667,"curve":"stepped"},{"time":0.8333,"curve":"stepped"},{"time":2.1667,"curve":"stepped"},{"time":3.3333}],"scale":[{"curve":"stepped"},{"time":0.3333,"curve":"stepped"},{"time":0.6667,"curve":"stepped"},{"time":0.8333,"curve":"stepped"},{"time":2.1667,"curve":"stepped"},{"time":3.3333}]},"foot2_right":{"rotate":[{"curve":"stepped"},{"time":0.3333,"curve":"stepped"},{"time":0.6667,"curve":"stepped"},{"time":0.8333,"curve":"stepped"},{"time":2.1667,"curve":"stepped"},{"time":3.3333}],"translate":[{"curve":"stepped"},{"time":0.3333,"curve":"stepped"},{"time":0.6667,"curve":0.833,"c3":0.979,"c4":0.2},{"time":0.8333,"x":264.38,"y":-11.41,"curve":"stepped"},{"time":2.1667,"x":264.38,"y":-11.41,"curve":0.723,"c3":0.75},{"time":3.3333}],"scale":[{"curve":"stepped"},{"time":0.3333,"curve":"stepped"},{"time":0.6667,"curve":"stepped"},{"time":0.8333,"curve":"stepped"},{"time":2.1667,"curve":"stepped"},{"time":3.3333}]},"foot_right":{"rotate":[{"curve":"stepped"},{"time":0.3333,"curve":"stepped"},{"time":0.6667,"curve":"stepped"},{"time":0.8333,"curve":"stepped"},{"time":2.1667,"curve":"stepped"},{"time":3.3333}],"translate":[{"curve":"stepped"},{"time":0.3333,"curve":"stepped"},{"time":0.6667,"curve":"stepped"},{"time":0.8333,"curve":"stepped"},{"time":2.1667,"curve":"stepped"},{"time":3.3333}],"scale":[{"curve":"stepped"},{"time":0.3333,"curve":"stepped"},{"time":0.6667,"curve":"stepped"},{"time":0.8333,"curve":"stepped"},{"time":2.1667,"curve":"stepped"},{"time":3.3333}]},"bone":{"rotate":[{"curve":0.25,"c3":0.75},{"time":0.3333,"angle":25.71,"curve":0.25,"c3":0.75},{"time":0.6667,"angle":28.97,"curve":0.691,"c3":0.924,"c4":0.65},{"time":0.8333,"angle":358.49,"curve":0.621,"c3":0.918,"c4":0.74},{"time":1.6667,"angle":17.91,"curve":0.496,"c3":0.75},{"time":2.5,"angle":1.14,"curve":0.436,"c2":0.01,"c3":0.75},{"time":3.3333}],"translate":[{"curve":0.25,"c3":0.75},{"time":0.3333,"x":21.46,"y":-37.86,"curve":0.25,"c3":0.75},{"time":0.6667,"x":23.5,"y":-36.63,"curve":0.691,"c3":0.924,"c4":0.65},{"time":0.8333,"curve":0.621,"c3":0.918,"c4":0.74},{"time":1.6667,"x":5.33,"y":-16.81,"curve":0.496,"c3":0.75},{"time":3.3333}],"scale":[{"curve":"stepped"},{"time":0.3333,"curve":"stepped"},{"time":0.6667,"curve":"stepped"},{"time":0.8333,"curve":"stepped"},{"time":3.3333}]},"belt_bottom":{"rotate":[{"curve":"stepped"},{"time":0.3333,"curve":"stepped"},{"time":0.6667,"curve":0.833,"c3":0.979,"c4":0.2},{"time":0.8333,"angle":9.65,"curve":0.25,"c3":0.75},{"time":2.1667,"angle":9.45,"curve":0.723,"c3":0.75},{"time":3.3333}],"translate":[{"curve":"stepped"},{"time":0.3333,"curve":"stepped"},{"time":0.6667,"curve":0.833,"c3":0.979,"c4":0.2},{"time":0.8333,"x":2.9,"y":-7.12,"curve":0.25,"c3":0.75},{"time":2.1667,"x":2.92,"y":-9.83,"curve":0.723,"c3":0.75},{"time":3.3333}],"scale":[{"curve":"stepped"},{"time":0.3333,"curve":"stepped"},{"time":0.6667,"curve":"stepped"},{"time":0.8333,"curve":"stepped"},{"time":2.1667,"curve":"stepped"},{"time":3.3333}]},"belt_top":{"rotate":[{"curve":"stepped"},{"time":0.3333,"curve":"stepped"},{"time":0.6667,"curve":"stepped"},{"time":0.8333,"curve":"stepped"},{"time":2.1667,"curve":"stepped"},{"time":3.3333}],"translate":[{"curve":"stepped"},{"time":0.3333,"curve":"stepped"},{"time":0.6667,"curve":"stepped"},{"time":0.8333,"curve":"stepped"},{"time":2.1667,"curve":"stepped"},{"time":3.3333}],"scale":[{"curve":"stepped"},{"time":0.3333,"curve":"stepped"},{"time":0.6667,"curve":"stepped"},{"time":0.8333,"curve":"stepped"},{"time":2.1667,"curve":"stepped"},{"time":3.3333}]},"bone15":{"rotate":[{"curve":0.25,"c3":0.75},{"time":0.3333,"angle":10.38,"curve":0.25,"c3":0.75},{"time":0.6667,"angle":5,"curve":0.691,"c3":0.924,"c4":0.65},{"time":0.8333,"angle":0.47,"curve":0.621,"c3":0.918,"c4":0.74},{"time":1.6667,"angle":9.32,"curve":0.496,"c3":0.75},{"time":2.5,"angle":-4.28}],"translate":[{}],"scale":[{}]},"bone16":{"rotate":[{"curve":0.25,"c3":0.75},{"time":0.3333,"angle":10.38,"curve":0.25,"c3":0.75},{"time":0.6667,"angle":-1.97,"curve":0.691,"c3":0.924,"c4":0.65},{"time":0.8333,"angle":-15.37,"curve":0.621,"c3":0.918,"c4":0.74},{"time":1.6667,"angle":18.88,"curve":0.496,"c3":0.75},{"time":2.5,"angle":5.29}],"translate":[{"curve":0.25,"c3":0.75},{"time":0.8333,"x":14.18,"y":-9.11,"curve":0.621,"c3":0.918,"c4":0.74},{"time":1.6667,"x":12.23,"y":1.26}],"scale":[{}]},"bone17":{"rotate":[{"curve":0.25,"c3":0.75},{"time":0.3333,"angle":10.38,"curve":0.25,"c3":0.75},{"time":0.6667,"angle":-4.29,"curve":0.691,"c3":0.924,"c4":0.65},{"time":0.8333,"angle":-19.29,"curve":0.621,"c3":0.918,"c4":0.74},{"time":1.6667,"angle":8.79,"curve":0.496,"c3":0.75},{"time":2.5,"angle":-4.81}],"translate":[{"curve":0.25,"c3":0.75},{"time":0.8333,"x":9.8,"y":-17.08}],"scale":[{}]},"bone5":{"rotate":[{},{"time":0.6667,"angle":16.79}],"translate":[{},{"time":0.6667,"x":1.7,"y":0.35}],"scale":[{}]},"bone6":{"rotate":[{},{"time":0.6667,"angle":16.79}],"translate":[{}],"scale":[{}]},"bone7":{"rotate":[{},{"time":0.6667,"angle":16.79}],"translate":[{},{"time":0.6667,"x":1.7,"y":0.35}],"scale":[{}]},"bone8":{"rotate":[{},{"time":0.6667,"angle":16.79}],"translate":[{}],"scale":[{}]},"bone9":{"rotate":[{},{"time":0.6667,"angle":16.79}],"translate":[{},{"time":0.6667,"x":1.7,"y":0.35}],"scale":[{}]},"bone10":{"rotate":[{},{"time":0.6667,"angle":16.79}],"translate":[{}],"scale":[{}]},"bone11":{"rotate":[{},{"time":0.6667,"angle":16.79}],"translate":[{},{"time":0.6667,"x":1.7,"y":0.35}],"scale":[{}]},"bone12":{"rotate":[{},{"time":0.6667,"angle":16.79}],"translate":[{},{"time":0.6667,"x":1.7,"y":0.35}],"scale":[{}]},"bone13":{"rotate":[{},{"time":0.6667,"angle":16.79}],"translate":[{},{"time":0.6667,"x":1.7,"y":0.35}],"scale":[{}]},"bone14":{"rotate":[{},{"time":0.6667,"angle":16.79}],"translate":[{},{"time":0.6667,"x":1.7,"y":0.35}],"scale":[{}]},"bone18":{"rotate":[{}],"translate":[{}],"scale":[{}]},"skill_effect":{"translate":[{"time":0.4667,"y":-10},{"time":0.5,"x":1.67,"y":1.67},{"time":0.5667,"x":7,"y":1},{"time":0.6667,"x":40}]},"fog1":{"rotate":[{"time":0.6667},{"time":1.8333,"angle":-146.84},{"time":2.6667,"angle":151.52}],"translate":[{"time":0.6667,"x":231.29,"y":-259.92},{"time":1.8333,"x":1036.09,"y":-259.92},{"time":2.6667,"x":1591.4,"y":-259.92}],"scale":[{"time":0.6667,"x":0.158,"y":0.393},{"time":1.8333,"x":0.483,"y":1.203},{"time":2.6667,"x":0.782,"y":1.946}]},"fog2":{"rotate":[{"time":1.0667},{"time":2.1667,"angle":-146.84},{"time":3.3333,"angle":151.52}],"translate":[{"time":1.0667,"x":231.29,"y":-259.92},{"time":2.1667,"x":1036.09,"y":-259.92},{"time":3.3333,"x":1591.4,"y":-259.92}],"scale":[{"time":1.0667,"x":0.158,"y":0.393},{"time":2.1667,"x":0.483,"y":1.203},{"time":3.3333,"x":0.782,"y":1.946}]},"fog3":{"rotate":[{"time":1.1667},{"time":2.1667,"angle":-106.16},{"time":3.3333,"angle":171.78}],"translate":[{"time":1.1667,"x":249.49,"y":-249.49},{"time":2.1667,"x":792.73,"y":-249.49},{"time":3.3333,"x":1327.92,"y":-249.49}],"scale":[{"time":1.1667,"x":0.287,"y":0.287},{"time":2.1667,"x":0.604,"y":0.604},{"time":3.3333,"x":1.034,"y":1.034}]},"fog4":{"rotate":[{"time":1,"angle":-58.78},{"time":2,"angle":-129.97},{"time":2.6667,"angle":160.42}],"translate":[{"time":1,"x":261.56,"y":-261.56},{"time":2,"x":736.39,"y":-261.56},{"time":2.6667,"x":1062.34,"y":-261.56}],"scale":[{"time":1,"x":0.174,"y":0.439},{"time":2,"x":0.387,"y":0.98},{"time":2.6667,"x":0.541,"y":1.368}]},"fog5":{"rotate":[{"time":1},{"time":2.1667,"angle":-92.16},{"time":2.8333,"angle":-166.53}],"translate":[{"time":1,"x":120.72,"y":-249.49},{"time":2.1667,"x":523.12,"y":-253.51},{"time":2.8333,"x":889.3,"y":-253.51}],"scale":[{"time":1,"x":0.19,"y":0.19},{"time":2.1667,"x":0.542,"y":0.542},{"time":2.8333,"x":0.852,"y":0.852}]},"fog6":{"rotate":[{"time":1,"angle":-177.71},{"time":2.1667,"angle":59.1},{"time":3.3333,"angle":-25.18}],"translate":[{"time":1,"x":173.03,"y":-277.66},{"time":2.1667,"x":486.9,"y":-277.66},{"time":3.3333,"x":969.78,"y":-277.66}],"scale":[{"time":1,"x":0.163,"y":0.268},{"time":2.1667,"x":0.568,"y":0.935},{"time":3.3333,"x":0.876,"y":1.441}]},"fog7":{"rotate":[{"time":0.8333,"angle":-152.65},{"time":2.1667,"angle":87.83},{"time":3.3333,"angle":-11.38}],"translate":[{"time":0.8333,"x":269.61,"y":-277.66},{"time":2.1667,"x":989.9,"y":-350.09},{"time":3.3333,"x":1790.68,"y":-350.09}],"scale":[{"time":0.8333,"x":0.22,"y":0.573},{"time":2.1667,"x":0.422,"y":1.099},{"time":3.3333,"x":1.069,"y":2.786}]},"fog8":{"rotate":[{"time":0.8333,"angle":172.54},{"time":2.1667,"angle":66.82},{"time":3,"angle":5.87}],"translate":[{"time":0.8333,"x":225.34,"y":-289.73},{"time":2.1667,"x":1162.94,"y":-494.95},{"time":3,"x":1762.51,"y":-639.82}],"scale":[{"time":0.8333,"x":0.212,"y":0.535},{"time":2.1667,"x":0.64,"y":1.615},{"time":3,"x":1.031,"y":2.602}]},"fog9":{"rotate":[{"time":0.8333,"angle":-91.45},{"time":2.1667,"angle":172.51},{"time":3.3333,"angle":104.09}],"translate":[{"time":0.8333,"x":108.65,"y":-261.56},{"time":2.1667,"x":1195.13,"y":-446.66},{"time":3.3333,"x":2221.25,"y":-643.84}],"scale":[{"time":0.8333,"x":0.203,"y":0.203},{"time":2.1667,"x":0.895,"y":0.895},{"time":3.3333,"x":1.559,"y":1.559}]},"fog10":{"rotate":[{"time":0.8333,"angle":-145.86},{"time":2.1667,"angle":144.92},{"time":3.3333,"angle":104.88}],"translate":[{"time":0.8333,"x":222.93,"y":-242.75},{"time":2.1667,"x":391.36,"y":-287.33},{"time":3.3333,"x":594.48,"y":-356.69}],"scale":[{"time":0.8333,"x":0.131,"y":0.358},{"time":2.1667,"x":0.222,"y":0.607},{"time":3.3333,"x":0.387,"y":1.058}]}},"deform":{"default":{"arm1_left":{"arm1_left":[{},{"time":0.6667,"offset":6,"vertices":[4.94281,-12.13104,3.38086,-14.27493,6.39276,-2.0325,6.39307,-2.0325,0,0,0,0,0,0,0,0,-5.45325,10.53262,-8.1806,15.79898,-5.41565,7.88086]},{"time":2.1667,"offset":6,"vertices":[6.06009,-16.87805,12.17066,-12.55772,2.28313,-0.72589,-1.3334,-9.81262,0,0,0,0,0,0,-10.96178,7.45984,-1.94759,3.76165,-2.92164,5.64249,-1.93416,2.81459]},{"time":3.3333}]},"arm1_right":{"arm1_right":[{"curve":"stepped"},{"time":3.3333}]},"body":{"body":[{},{"time":0.6667,"offset":52,"vertices":[-2.26285,-13.40187,12.75052,-4.70648,1.45624,-14.76118,6.84366,-13.16022,14.77544,-1.30371,-1.17255,-19.07033,6.00668,-18.13824,18.52283,-4.68555,-2.96863,-5.23895,-0.80634,-5.96747,4.59821,-3.88776]},{"time":0.8333,"offset":16,"vertices":[5.98175,-5.24554,7.50391,-2.64359,7.92572,-0.69302,10.57681,-0.8098,10.11896,3.18376,9.00867,5.60254,2.39868,3.54004,0.90936,4.17842,-0.15881,4.27356,0,0,0,0,0,0,0,0,0,0,0,0,0,0,0,0,0,0,6.7916,5.33138,-3.0166,8.08997,6.8775,-7.44186,9.15234,-4.34898,9.17953,4.29242,4.68109,-8.33758,7.44696,-5.99748,9.36597,1.92761,-2.3988,-3.53992,-0.90967,-4.17824,2.64435,-3.36066,2.84662,2.44175,1.73383,3.32559,-1.46158,3.4538]},{"time":3.3333}]},"head":{"head":[{},{"time":0.6667,"vertices":[-2.5578,1.68912,-10.7041,-1.7468,-15.28912,-3.12674,-11.03268,-4.46838,-4.75851,-0.5307,-4.91306,-4.10178,0,0,0,0,0,0,0,0,0,0,0,0,0,0,0,0,0,0,0,0,0,0,0,0,0,0,0,0,0,0,0,0,0,0,0,0,0,0,0,0,0,0,0,0,0,0,0,0,0,0,0,0,0,0,0,0,0,0,0,0,0,0,0,0,0,0,0,0,0,0,0,0,0,0,0,0,0,0,0,0,0,0,0,0,0,0,0,0,0,0,0,0,0,0,0,0,0,0,0,0,0,0,0,0,0,0,0,0,0,0,0,0,0,0,0,0,0,0,0,0,0,0,0,0,0,0,0,0,0,0,0,0,0,0,0,0,0,0,0,0,0,0,0,0,0,0,0,0,0,0,0,0,0,0,0,0,0,0,0,0,0,0,0,0,0,0,0,0,0,0,0,0,0,0,0,0,0,0,0,0,0,0,0,0,0,0,0,0,0,0,0,0,0,0,0,0,0,0,0,0,0,0,0.69269,-3.39752,-1.85297,-2.93231,-2.56125,-2.33936,-3.05212,1.64525,-3.23651,1.243,-1.7644,2.98505,1.70798,-1.86285,-0.35751,3.909,-1.71835,4.073,-0.00986,2.21024,-1.89218,4.92233,-3.73633,-1.2063,0,0,0.35641,-3.90881,0.53964,-6.96835,-4.43706,-5.40082]},{"time":0.8333,"vertices":[-5.91728,-3.73439,-9.93952,-1.62202,-14.19704,-2.9034,-10.24464,-4.14921,-11.2266,1.37061,-5.80092,-4.51521,1.85303,-4.68878,-1.68399,-4.24347,-2.12933,-7.78027,-0.18915,-14.06122,5.0318,-10.26306,5.0318,-10.26306,5.3952,0.61426,0,0,0,0,-2.65146,1.77112,0.24286,3.17941,3.71613,2.11945,3.66931,-2.1987,-2.12421,-2.0321,-2.81299,0.85464,0.2865,2.92596,0,0,0,0,0,0,0,0,0,0,0,0,0,0,0,0,0,0,0,0,0,0,0,0,0,0,0,0,0,0,0,0,0,0,0,0,0,0,0,0,0,0,0,0,0,0,0,0,0,0,0,0,0,0,0,0,0,0,0,0,0,0,0,0,0,0,0,0,0,0,0,0,0,0,0,0,0,0,0,0,0,0,0,0,0,0,0,0,0,0,0,0,0,0,0,0,0,0,0,0,0,0,0,0,-1.2E-4,6.0E-5,-2.4E-4,-1.0E-5,0,0,0,0,0,0,0,0,1.59714,5.83545,5.86847,1.47058,6.04749,-0.13106,1.87195,-5.75336,2.59192,-5.46637,-1.36444,-5.89398,2.04593,-5.69379,0,0,0,0,0,0,0,0,0,0,0,0,0,0,0,0,0,0,0,0,0,0,0,0,0,0,0,0,0,0,-3.53702,0.44525,-1.34698,3.3009,-0.42841,3.53906,3.20004,1.57111,2.97263,1.96783,-1.11274,11.43891,10.13565,5.96562,11.34936,3.07763,6.65163,-9.70133,7.8379,-8.769,0.69494,-11.74056,-7.51522,7.03351,-9.52521,8.23751,-1.59561,3.78207,-3.11108,-5.46174,-0.96867,-4.00775,-0.02954,-11.47023,2.47241,-4.33557,0.33096,-3.62961,4.13028,-2.75925,0.89391,-6.35715]},{"time":3.3333}]},"leg1_left":{"leg1_left":[{},{"time":0.3333,"vertices":[-67.82367,44.96848,-34.28079,31.19941,0,0,0,0,5.65857,10.23249,10.88489,6.4153,-19.13406,-18.53711,-39.2363,-31.98182,6.07733,-40.12608,46.15433,-26.45236,23.48581,4.62127,0,0,0,0,0,0,-13.46313,17.82172,-44.29797,50.61368]},{"time":0.6667,"vertices":[-72.66003,64.50885,-34.28079,31.19941,-3.47711,-11.64417,0,0,5.65857,10.23249,10.88489,6.4153,-19.13406,-18.53711,-39.2363,-31.98182,6.07733,-40.12608,46.15433,-26.45236,23.48581,4.62127,0,0,0,0,0,0,-13.46313,17.82172,-44.19196,68.05949],"curve":1,"c3":0.991,"c4":0.34},{"time":0.8333,"offset":10,"vertices":[1.95349,-16.5882,0,0,-12.07349,-7.52018,-11.78888,-6.29559]},{"time":3.3333}]},"leg1_right":{"leg1_right":[{},{"time":0.6667,"offset":6,"vertices":[-2.51476,-14.729,0,0,0,0,7.41037,-1.85965,-2.68362,3.43042,-5.36726,6.86084]},{"time":0.8333,"vertices":[-55.14052,17.35605,-16.49139,-16.32477,-43.36339,-27.79379,3.9721,-32.65215,2.65181,-29.49532,0,0,6.74201,-2.9266,5.90799,2.20904,-4.48123,0.2318,0.22346,-8.53885,0,0,0,0,-67.08401,29.68977,-95.82645,43.97675]},{"time":2.1667,"vertices":[-21.20789,6.6754,-6.34284,-6.27876,-16.67822,-10.68992,1.52773,-12.55852,1.01993,-11.34435,0,0,2.59308,-1.12562,2.2723,0.84963,-1.72355,0.08916,0.08595,-3.28417,0,0,0,0,-25.80154,11.41914,-36.85632,16.91413],"curve":0.723,"c3":0.75},{"time":2.5,"vertices":[-64.21927,11.72768,-50.52162,-12.17758,-30.03892,-14.51892,-9.29059,-13.99582,0.61196,-6.80661,0,0,1.55585,-0.67537,1.36338,0.50978,-1.03413,0.05349,0.05157,-1.9705,0,0,0,0,-15.48093,6.85149,-64.91105,51.11084]},{"time":3.3333}]},"leg2_left":{"leg2_left":[{},{"time":0.3333,"vertices":[91.04158,-33.29148,92.77156,-0.12074,66.07386,6.94223,64.93761,-2.05233,66.63449,5.81696,16.29948,-4.51923,0,0,0,0,-7.59448,-3.08243,-35.42487,-2.20287,-29.79868,0.60109,-0.55716,3.93645,-6.73675,7.88038,-45.80853,11.5859,-11.82426,-12.91631,-5.06174,-1.11787,24.70399,-27.02005],"curve":"stepped"},{"time":0.6667,"vertices":[91.04158,-33.29148,92.77156,-0.12074,66.07386,6.94223,64.93761,-2.05233,66.63449,5.81696,16.29948,-4.51923,0,0,0,0,-7.59448,-3.08243,-35.42487,-2.20287,-29.79868,0.60109,-0.55716,3.93645,-6.73675,7.88038,-45.80853,11.5859,-11.82426,-12.91631,-5.06174,-1.11787,24.70399,-27.02005]},{"time":0.8333,"vertices":[72.2953,-32.77818,86.37816,-1.12601,66.07386,6.94223,64.93761,-2.05233,66.63449,5.81696,16.29948,-4.51923,0,0,0,0,-7.59448,-3.08243,-47.11247,-2.55726,-35.30984,-0.5127,-0.55716,3.93645,-6.73675,7.88038,-46.69807,11.49208,-14.17568,-14.64508,-8.69967,-1.56623,1.9943,-29.60203]},{"time":2.1667,"vertices":[91.04158,-33.29148,92.77156,-0.12074,66.07386,6.94223,64.93761,-2.05233,66.63449,5.81696,16.29948,-4.51923,0,0,0,0,-7.59448,-3.08243,-35.42487,-2.20287,-29.79868,0.60109,-0.55716,3.93645,-6.73675,7.88038,-53.81441,10.74153,-32.98704,-28.47528,-5.06174,-1.11787,24.70399,-27.02005]},{"time":3.3333}]},"leg2_right":{"leg2_right":[{},{"time":0.3333,"vertices":[24.18445,-14.33237,26.91684,-2.55327,7.9183,1.45096,0,0,0,0,0,0,0,0,0,0,8.55441,5.06084,9.56659,3.35001,0,0,0,0,0,0,-8.55481,-5.06079,2.59766,1.07483,13.30176,0.94035],"curve":"stepped"},{"time":0.6667,"vertices":[24.18445,-14.33237,26.91684,-2.55327,7.9183,1.45096,0,0,0,0,0,0,0,0,0,0,8.55441,5.06084,9.56659,3.35001,0,0,0,0,0,0,-8.55481,-5.06079,2.59766,1.07483,13.30176,0.94035]},{"time":2.1667,"vertices":[33.63559,-11.96254,35.33229,2.03728,11.30238,2.71897,0,0,0,0,-5.40233,-5.41296,-5.9836,-8.92108,-2.19006,-2.34052,10.65225,4.15348,3.41664,1.19643,2.18971,2.34082,0,0,0,0,-19.99955,-11.61629,0.92723,0.38393,16.58776,1.07855]},{"time":3.3333}]}}}}}}