{"skeleton":{"hash":"5qnXaATTTAfZkuaBOTWa54DCo7Y","spine":"3.8.76","x":-73.06,"y":-7.08,"width":152.85,"height":158.55,"images":"../fire/","audio":""},"bones":[{"name":"root","scaleX":0.15,"scaleY":0.15},{"name":"body","parent":"root","length":170.42,"rotation":70.41,"x":-59.87,"y":401.31,"color":"e5e884ff"},{"name":"arm1_left","parent":"body","length":334.67,"rotation":143.79,"x":427.77,"y":78.87,"color":"e5e884ff"},{"name":"arm1_right","parent":"body","length":215.35,"rotation":176.42,"x":400.78,"y":-174.34,"color":"e5e884ff"},{"name":"arm2_left","parent":"arm1_left","length":310.59,"rotation":70.49,"x":395.76,"y":-11.75,"color":"e5e884ff"},{"name":"arm2_right","parent":"arm1_right","length":273.68,"rotation":61.15,"x":224.02,"y":19.78,"color":"e5e884ff"},{"name":"attack_effect","parent":"root","rotation":65.42,"x":-535.75,"y":918.08,"scaleX":2.6905,"scaleY":2.6905},{"name":"bone","parent":"arm2_left","length":240.72,"rotation":-178.88,"x":-30.34,"y":42.07,"color":"e5e884ff"},{"name":"bone2","parent":"body","length":240.94,"rotation":-16.77,"x":183.93,"y":-5.65,"color":"e5e884ff"},{"name":"bone3","parent":"bone2","length":109.19,"rotation":-40.61,"x":272.2,"y":-7.57,"color":"e5e884ff"},{"name":"bone4","parent":"body","length":80.81,"rotation":-61.3,"x":573.17,"y":99.24,"color":"e5e884ff"},{"name":"bone5","parent":"bone4","length":67.7,"rotation":-17.48,"x":86.95,"y":1.01,"color":"e5e884ff"},{"name":"bone6","parent":"arm2_left","length":142.87,"rotation":-156.28,"x":15.41,"y":-49.74,"color":"e5e884ff"},{"name":"bone7","parent":"arm2_left","length":100.99,"rotation":-149.7,"x":181.56,"y":-93.32,"color":"e5e884ff"},{"name":"head","parent":"bone3","length":129.74,"rotation":-54.96,"x":142.24,"y":-36.97,"color":"e5e884ff"},{"name":"mouth","parent":"head","length":135.93,"rotation":-25.04,"x":19.55,"y":-64.52,"color":"e5e884ff"},{"name":"bone8","parent":"mouth","length":76.35,"rotation":-96.89,"x":82.15,"y":-30.53,"color":"e5e884ff"},{"name":"bone9","parent":"mouth","length":68.4,"rotation":-129.42,"x":4.35,"y":-31.01,"color":"e5e884ff"},{"name":"bone10","parent":"mouth","length":64.27,"rotation":-154.38,"x":-27.13,"y":-11.33,"color":"e5e884ff"},{"name":"bone11","parent":"mouth","length":64.27,"rotation":-161.69,"x":-40.4,"y":21.58,"color":"e5e884ff"},{"name":"fire","parent":"root","rotation":35.38,"x":-216.49,"y":940.7,"scaleX":0.8556,"scaleY":0.8556},{"name":"fire2","parent":"root","x":-176.11,"y":1013.39,"scaleX":1.4991,"scaleY":1.4991},{"name":"fire3","parent":"root","rotation":35.38,"x":-216.49,"y":940.7,"scaleX":0.8556,"scaleY":0.8556},{"name":"fog","parent":"root","x":702.23,"y":-0.87},{"name":"fog2","parent":"root","x":702.23,"y":-0.87},{"name":"fog3","parent":"root","x":702.23,"y":-0.87},{"name":"leg1_left2","parent":"root","x":-237.72,"y":72.8,"color":"ff3f00ff"},{"name":"leg1_left","parent":"body","length":241.61,"rotation":-157.61,"x":30.58,"y":46.27,"color":"e5e884ff"},{"name":"leg2_left","parent":"leg1_left","length":172.02,"rotation":-42.69,"x":238.94,"y":-34.39,"color":"e5e884ff"},{"name":"leg2_left2","parent":"root","x":-12.79,"y":-16.99,"color":"ff3f00ff"},{"name":"foot_left","parent":"leg2_left","length":215.55,"rotation":111.79,"x":187.13,"y":20.33,"color":"e5e884ff"},{"name":"leg1_right2","parent":"root","x":199.34,"y":88.27,"color":"ff3f00ff"},{"name":"leg1_right","parent":"body","length":236.11,"rotation":-105.56,"x":44.49,"y":-72.15,"color":"e5e884ff"},{"name":"leg2_right","parent":"leg1_right","length":172.11,"rotation":-60.11,"x":247.12,"y":-13.93,"color":"e5e884ff"},{"name":"leg2_right2","parent":"root","x":419.98,"y":-11.22,"color":"ff3f00ff"},{"name":"foot_right","parent":"leg2_right","length":211.86,"rotation":72.27,"x":187.36,"y":6.35,"color":"e5e884ff"},{"name":"ground_effect","parent":"root","x":1.6,"y":-67.38},{"name":"hand_left","parent":"arm2_left","length":197.41,"rotation":22.8,"x":340.56,"y":9.45,"color":"e5e884ff"},{"name":"hand_right","parent":"arm2_right","length":148.37,"rotation":7.82,"x":298.93,"y":11.53,"color":"e5e884ff"},{"name":"skill","parent":"root","length":257.59,"rotation":36.25,"x":862.23,"y":19.15},{"name":"skill2","parent":"root","length":350.94,"rotation":26.57,"x":1083.79,"y":14.53},{"name":"skill3","parent":"root","length":350.94,"rotation":26.57,"x":1083.79,"y":14.53},{"name":"skill4","parent":"root","length":350.94,"rotation":26.57,"x":1083.79,"y":14.53},{"name":"skill5","parent":"root","length":257.59,"rotation":36.25,"x":862.23,"y":19.15},{"name":"skill6","parent":"root","length":350.94,"rotation":26.57,"x":1083.79,"y":14.53},{"name":"skill7","parent":"root","length":257.59,"rotation":36.25,"x":862.23,"y":19.15},{"name":"speed","parent":"root","length":908.54,"rotation":47.88,"x":-674.9,"y":-27.01},{"name":"swing","parent":"root","length":674.05,"rotation":-28.18,"x":-761.95,"y":606.02,"color":"e5e884ff"}],"slots":[{"name":"f1","bone":"attack_effect"},{"name":"2","bone":"fire2"},{"name":"1","bone":"fire"},{"name":"3","bone":"fire3"},{"name":"hand_right","bone":"hand_right","attachment":"hand_right"},{"name":"arm2_right","bone":"arm2_right","attachment":"arm2_right"},{"name":"arm1_right","bone":"arm1_right","attachment":"arm1_right"},{"name":"foot_right","bone":"foot_right","attachment":"foot_right"},{"name":"leg2_right","bone":"leg2_right","attachment":"leg2_right"},{"name":"leg1_right","bone":"leg1_right","attachment":"leg1_right"},{"name":"body","bone":"body","attachment":"body"},{"name":"foot_left","bone":"foot_left","attachment":"foot_left"},{"name":"leg1_left","bone":"leg1_left","attachment":"leg1_left"},{"name":"leg2_left","bone":"leg2_left","attachment":"leg2_left"},{"name":"head","bone":"head","attachment":"head"},{"name":"mouth","bone":"mouth","attachment":"mouth"},{"name":"arm1_left","bone":"arm1_left","attachment":"arm1_left"},{"name":"hand_left","bone":"hand_left","attachment":"hand_left"},{"name":"arm2_left","bone":"arm2_left","attachment":"arm2_left"},{"name":"fog2","bone":"fog"},{"name":"skill7","bone":"skill7"},{"name":"skill6","bone":"skill6"},{"name":"skill5","bone":"skill5"},{"name":"skill4","bone":"skill4"},{"name":"skill3","bone":"skill3"},{"name":"skill2","bone":"skill2"},{"name":"skill1","bone":"skill"},{"name":"ground_impact","bone":"ground_effect"},{"name":"attack skill","bone":"swing"},{"name":"speed","bone":"speed"},{"name":"fog3","bone":"fog2"},{"name":"fog4","bone":"fog3"}],"ik":[{"name":"leg1_left","order":2,"bones":["leg1_left","leg2_left"],"target":"leg1_left2","bendPositive":false},{"name":"leg1_right","bones":["leg1_right","leg2_right"],"target":"leg1_right2","bendPositive":false},{"name":"leg2_left","order":3,"bones":["foot_left"],"target":"leg2_left2"},{"name":"leg2_right","order":1,"bones":["foot_right"],"target":"leg2_right2"}],"skins":[{"name":"default","attachments":{"1":{"1":{"width":407,"height":378},"2":{"width":407,"height":378},"3":{"width":407,"height":378},"4":{"scaleX":-1,"width":407,"height":378},"5":{"width":407,"height":378},"6":{"width":407,"height":378},"7":{"width":407,"height":378},"8":{"width":407,"height":378}},"2":{"1":{"width":407,"height":378},"2":{"width":407,"height":378},"3":{"width":407,"height":378},"4":{"width":407,"height":378},"5":{"width":407,"height":378},"6":{"width":407,"height":378},"7":{"width":407,"height":378},"8":{"width":407,"height":378}},"3":{"1":{"width":407,"height":378},"2":{"width":407,"height":378},"3":{"width":407,"height":378},"4":{"scaleX":-1,"width":407,"height":378},"5":{"width":407,"height":378},"6":{"width":407,"height":378},"7":{"width":407,"height":378},"8":{"width":407,"height":378}},"arm1_left":{"arm1_left":{"x":178.48,"y":3.23,"rotation":145.8,"width":476,"height":417}},"arm1_right":{"arm1_right":{"x":115.68,"y":-33.5,"rotation":113.16,"width":301,"height":390}},"arm2_left":{"arm2_left":{"type":"mesh","uvs":[0.55441,1,0.93465,0.94834,1,0.77028,1,0.54913,0.79638,0.35383,0.43919,0,0.17417,0.00919,0.20874,0.27916,0,0.25618,0,0.4285,0.11656,0.57211,0.0359,0.62667,0.07623,0.79325,0.34124,0.90526,0.4219,0.56636,0.50832,0.47446,0.73877,0.51467,0.33548,0.67837,0.41038,0.81623],"triangles":[13,18,0,12,17,13,13,17,18,18,17,14,12,10,17,12,11,10,17,10,14,10,7,14,10,9,7,9,8,7,16,4,3,4,15,5,15,7,5,7,6,5,0,18,16,16,18,14,0,16,1,16,14,15,1,16,2,16,3,2,14,7,15,16,15,4],"vertices":[2,4,346.15,-66.66,0.89676,13,-155.56,60.03,0.10324,1,4,344.89,65.36,1,2,4,234.7,116.89,0.9837,7,-266.46,-69.62,0.0163,2,4,90.96,154.6,0.70271,7,-123.48,-110.13,0.29729,2,4,-53.3,121.92,0.02193,7,21.39,-80.28,0.97807,1,7,282.77,-29.97,1,1,7,301.04,57.13,1,3,4,-151.78,-55.77,5.0E-5,7,123.33,95.44,0.42792,12,155.49,-61.74,0.57204,2,7,157.25,158.51,7.6E-4,12,211.04,-16.54,0.99924,2,12,120.31,55.41,0.99477,13,247.33,-80.2,0.00523,2,12,20.44,84.78,0.52899,13,151.48,-39.58,0.47101,2,12,8.5,128.74,0.09047,13,144.66,5.46,0.90953,1,13,55.95,75.06,1,2,4,266.46,-119.58,0.35033,13,-60.05,65.51,0.64967,3,4,53.02,-35.67,0.55282,12,-40.1,2.24,0.37698,13,81.88,-114.64,0.0702,2,4,0.63,8.01,0.91191,7,-30.3,34.66,0.08809,2,4,46.35,75.83,0.61987,7,-77.34,-32.25,0.38013,3,4,118.49,-82.76,0.20692,12,-81.08,71.7,0.07445,13,49.13,-40.94,0.71863,2,4,214.46,-82,0.24903,13,-34.12,6.82,0.75097],"hull":14,"edges":[0,2,2,4,4,6,6,8,8,10,10,12,12,14,14,16,16,18,18,20,20,22,22,24,24,26,0,26,20,28,28,30,30,14,30,32,32,8,20,34,34,36,36,26],"width":335,"height":672}},"arm2_right":{"arm2_right":{"x":8.69,"y":-25.19,"rotation":52.02,"width":472,"height":512}},"attack skill":{"attack skill":{"x":330.01,"y":13.09,"scaleX":1.9163,"scaleY":2.8555,"rotation":46.99,"width":400,"height":345}},"body":{"body":{"type":"mesh","uvs":[0.28529,1,0.10245,0.96569,0.03473,0.8346,0.01103,0.62543,0.0415,0.3772,0,0.31027,0,0.2266,0.16001,0.05926,0.39703,0,0.72547,0,0.90492,0.1234,1,0.32142,1,0.43856,1,0.59196,0.86429,0.68957,0.71492,0.73613,0.61373,0.76767,0.45459,0.90433,0.75933,0.54454,0.56971,0.5557,0.34285,0.42183,0.75933,0.61427,0.7898,0.40788,0.57649,0.21823,0.28191,0.32142],"triangles":[23,9,10,23,8,9,6,4,5,24,7,8,24,8,23,24,6,7,22,23,10,22,10,11,22,11,12,18,22,12,24,4,6,20,24,23,22,19,23,19,20,23,22,18,19,13,18,12,14,21,18,19,18,21,13,14,18,15,19,21,15,21,14,16,19,15,17,20,19,17,19,16,3,4,20,20,4,24,20,2,3,17,2,20,2,0,1,17,0,2],"vertices":[2,1,-80.07,-24.16,1,8,-247.43,-93.89,0,1,1,-92.64,81.99,1,3,1,-20.12,148.76,0.99615,8,-239.92,88.98,1.1E-4,10,-328.39,-496.59,0.00374,3,1,111.72,210.02,0.81457,8,-131.35,185.66,0.1194,10,-318.79,-351.53,0.06603,3,1,279.38,251.23,0.23655,8,17.28,273.5,0.40576,10,-274.42,-184.68,0.35769,3,1,315.09,289.05,0.14903,8,40.57,320.01,0.39015,10,-290.44,-135.2,0.46082,3,1,369.63,308.46,0.10749,8,87.2,354.33,0.36349,10,-281.27,-78.03,0.52902,3,1,509.31,261.35,0.03147,8,234.52,349.52,0.22043,10,-172.86,21.85,0.74811,3,1,593.23,147.82,0.00158,8,347.63,265.02,0.01806,10,-32.97,40.93,0.98036,1,11,58.84,29.29,1,2,9,142.61,107.55,0.581,11,172.47,-40.32,0.419,2,8,372.23,-143.63,0.03435,9,164.5,-38.17,0.96565,2,8,306.95,-191.68,0.24549,9,146.22,-117.14,0.75451,2,8,221.46,-254.6,0.52523,9,122.29,-220.56,0.47477,3,1,232.95,-263.08,0.00366,8,121.2,-232.35,0.72385,9,31.69,-268.92,0.27249,3,1,174.05,-193.66,0.08482,8,44.79,-182.87,0.81076,9,-58.53,-281.11,0.10443,3,1,134.16,-146.64,0.33982,8,-6.98,-149.36,0.63046,9,-119.64,-289.36,0.02972,3,1,14.65,-92.89,0.9594,8,-136.91,-132.36,0.0406,9,-229.34,-361.04,0,3,1,307.44,-173.07,2.2E-4,8,166.56,-124.67,0.7395,9,-3.96,-157.65,0.26028,3,1,263.94,-73.83,9.5E-4,8,96.28,-42.2,0.98189,9,-111,-140.8,0.01716,3,1,307.87,79.05,0.10165,8,94.24,116.85,0.71901,10,-109.72,-242.39,0.17934,3,1,261.99,-189.24,0.00749,8,127.71,-153.27,0.78653,9,-14.85,-204.66,0.20598,2,8,253.02,-82.6,0.35922,9,34.29,-69.44,0.64078,5,1,485.25,0.82,1.1E-4,8,286.64,93.12,0.3045,9,-54.58,85.84,0.23905,10,44.1,-124.39,0.39805,11,-3.2,-132.48,0.05829,3,1,361.68,135.07,0.08585,8,129.6,186.02,0.52609,10,-133.01,-168.29,0.38806],"hull":18,"edges":[0,2,2,4,4,6,6,8,8,10,10,12,12,14,14,16,16,18,18,20,20,22,26,28,32,34,0,34,36,38,38,40,36,42,28,30,30,32,42,30,44,46,46,48,22,24,24,26,44,24],"width":570,"height":692}},"f1":{"f1":{"rotation":-32.38,"width":119,"height":195},"f2":{"rotation":-32.38,"width":119,"height":195},"f3":{"rotation":-32.38,"width":119,"height":195},"f4":{"rotation":-32.38,"width":119,"height":195},"f5":{"rotation":-32.38,"width":119,"height":195},"f6":{"rotation":-32.38,"width":119,"height":195},"f7":{"rotation":-32.38,"width":119,"height":195},"f8":{"rotation":-32.38,"width":119,"height":195},"f9":{"rotation":-32.38,"width":119,"height":195},"f10":{"rotation":-32.38,"width":119,"height":195},"f11":{"rotation":-32.38,"width":119,"height":195},"f12":{"rotation":-32.38,"width":119,"height":195},"f13":{"rotation":-32.38,"width":119,"height":195},"f14":{"rotation":-32.38,"width":119,"height":195},"f15":{"rotation":-32.38,"width":119,"height":195},"f16":{"rotation":-32.38,"width":119,"height":195},"f17":{"rotation":-32.38,"width":119,"height":195},"f18":{"rotation":-32.38,"width":119,"height":195},"f19":{"rotation":-32.38,"width":119,"height":195}},"fog2":{"fog2":{"width":700,"height":303}},"fog3":{"fog2":{"width":700,"height":303}},"fog4":{"fog2":{"width":700,"height":303}},"foot_left":{"foot_left":{"x":54.11,"y":4.11,"rotation":18.1,"width":350,"height":159}},"foot_right":{"foot_right":{"x":64.24,"y":1.57,"rotation":21.25,"width":349,"height":159}},"ground_impact":{"ground_impact":{"x":-13.85,"y":143.1,"scaleX":1.9879,"scaleY":1.9879,"width":800,"height":241}},"hand_left":{"hand_left":{"x":71.24,"y":10.34,"rotation":52.5,"width":310,"height":289}},"hand_right":{"hand_right":{"x":-109,"y":44.08,"rotation":44.19,"width":435,"height":547}},"head":{"head":{"x":14.63,"y":12.84,"rotation":41.92,"width":247,"height":310}},"leg1_left":{"leg1_left":{"x":122.31,"y":-14.36,"rotation":87.2,"width":220,"height":337}},"leg1_right":{"leg1_right":{"x":100.43,"y":24.2,"rotation":36.79,"width":329,"height":226}},"leg2_left":{"leg2_left":{"x":75.73,"y":-24.29,"rotation":129.89,"width":243,"height":229}},"leg2_right":{"leg2_right":{"x":51.62,"y":1.83,"rotation":94.41,"width":214,"height":272}},"mouth":{"mouth":{"type":"mesh","uvs":[0.3531,0.03639,0.52342,0.24762,0.72838,0.47598,1,0.60157,0.97376,0.75571,0.78611,0.88987,0.56094,1,0.26938,0.98407,0.26938,0.91557,0.177,0.93555,0.00668,0.86418,0.17123,0.72432,0.2434,0.70433,0.23762,0.63583,0.17123,0.55876,0.0471,0.51879,0,0.3932,0.12215,0.3618,0.024,0.14771,0.177,0.17626,0.1337,0,0.24051,0,0.36464,0.43316,0.3733,0.54163,0.54074,0.68721,0.5696,0.79568,0.483,0.36465],"triangles":[19,20,21,1,19,0,19,21,0,1,26,19,17,18,19,17,19,22,15,16,17,14,17,22,15,17,14,13,14,23,12,13,23,25,8,12,11,12,8,9,10,11,8,9,11,6,7,8,22,19,26,26,1,2,23,22,26,14,22,23,24,26,2,23,26,24,12,23,24,4,2,3,5,25,24,24,2,5,4,5,2,25,12,24,25,6,8,6,25,5],"vertices":[1,19,54.62,-29.47,1,2,15,-31.76,51.78,0.22448,19,-17.7,-25.96,0.77552,2,15,45.82,77.82,0.93315,19,-99.52,-26.3,0.06685,2,15,104.96,130.89,0.99979,19,-172.34,-58.1,2.1E-4,1,15,140.25,108.33,1,1,15,153.88,48.5,1,2,15,157.7,-17.96,0.90715,16,-21.54,73.49,0.09285,2,15,123.53,-87.4,0.08876,16,51.49,47.91,0.91124,2,15,106.64,-80.21,0.03883,16,46.39,30.27,0.96117,2,15,101.99,-104.84,1.1E-4,16,71.39,28.61,0.99989,1,16,109.43,-2.31,1,2,16,57.12,-26.19,0.98252,17,12.47,68.43,0.01748,3,15,51.85,-64.4,0.01914,16,37.26,-26.02,0.82919,17,-4.37,57.9,0.15167,3,15,34.35,-58.62,0.05241,16,33.62,-44.08,0.37602,17,2.28,40.71,0.57157,2,16,44.78,-68.81,0.04341,17,24.99,25.86,0.9566,1,17,59.57,24.87,1,1,17,81.04,-3.9,1,2,17,52.36,-21.11,0.59026,18,36.5,34.31,0.40974,2,17,93.5,-68.81,0,18,93.93,8.42,1,2,18,58.44,-12.62,0.70832,19,57.31,30.32,0.29168,1,19,100.35,7.73,1,1,19,81.65,-13.52,1,4,15,-2.46,-6.39,0.75723,17,-14.69,-20.89,0.12055,18,-24.38,6.22,0.12072,19,-27.23,38.48,0.00149,3,15,25.19,-15.66,0.67935,16,-7.93,-58.33,0.0459,17,-25.09,6.35,0.27476,2,15,78.46,9.91,0.99922,19,-109.17,48.42,7.8E-4,1,15,108.2,5.57,1,3,15,-7.08,29.65,0.60292,18,-35.79,-28.29,0.01292,19,-34.17,2.8,0.38416],"hull":22,"edges":[0,2,2,4,4,6,6,8,8,10,10,12,12,14,14,16,16,18,18,20,20,22,22,24,24,26,26,28,28,30,30,32,32,34,34,36,36,38,38,40,40,42,0,42,34,44,44,46,46,28,24,48,16,50,38,52],"width":265,"height":268}},"skill1":{"skill1":{"scaleX":1.7087,"scaleY":1.7087,"rotation":-36.25,"width":500,"height":112}},"skill2":{"skill2":{"x":59.87,"y":-4.13,"scaleX":2.3226,"scaleY":2.3226,"rotation":-26.57,"width":319,"height":110}},"skill3":{"skill2":{"x":59.87,"y":-4.13,"scaleX":2.3226,"scaleY":2.3226,"rotation":-26.57,"width":319,"height":110}},"skill4":{"skill2":{"x":59.87,"y":-4.13,"scaleX":2.3226,"scaleY":2.3226,"rotation":-26.57,"width":319,"height":110}},"skill5":{"skill1":{"scaleX":1.7087,"scaleY":1.7087,"rotation":-36.25,"width":500,"height":112}},"skill6":{"skill2":{"x":59.87,"y":-4.13,"scaleX":2.3226,"scaleY":2.3226,"rotation":-26.57,"width":319,"height":110}},"skill7":{"skill1":{"scaleX":1.7087,"scaleY":1.7087,"rotation":-36.25,"width":500,"height":112}},"speed":{"speed":{"x":216.46,"y":15.24,"scaleX":2.8889,"scaleY":5.0196,"rotation":4.64,"width":600,"height":105}}}}],"animations":{"attack":{"slots":{"attack skill":{"color":[{"time":1.1667,"color":"ffffffff","curve":0,"c2":0.47,"c3":0.588},{"time":1.8333,"color":"ffffff00"}],"attachment":[{"time":1.1667,"name":"attack skill"}]},"f1":{"attachment":[{"time":0.5,"name":"f1"},{"time":0.5333,"name":"f2"},{"time":0.5667,"name":"f3"},{"time":0.6,"name":"f4"},{"time":0.6333,"name":"f5"},{"time":0.6667,"name":"f6"},{"time":0.7,"name":"f7"},{"time":0.7333,"name":"f8"},{"time":0.7667,"name":"f9"},{"time":0.8,"name":"f10"},{"time":0.8333,"name":"f11"},{"time":0.8667,"name":"f12"},{"time":0.9,"name":"f13"},{"time":0.9333,"name":"f14"},{"time":0.9667,"name":"f15"},{"time":1,"name":"f16"},{"time":1.0333,"name":"f17"},{"time":1.0667,"name":"f18"},{"time":1.1,"name":"f19"},{"time":1.1333,"name":null}]}},"bones":{"root":{"rotate":[{"curve":"stepped"},{"time":0.3333,"curve":"stepped"},{"time":0.6667,"curve":"stepped"},{"time":1.1667,"curve":"stepped"},{"time":1.6667,"curve":"stepped"},{"time":2.3333}],"translate":[{"curve":"stepped"},{"time":0.3333,"curve":"stepped"},{"time":0.6667,"curve":"stepped"},{"time":1.1667,"curve":"stepped"},{"time":1.6667,"curve":"stepped"},{"time":2.3333}],"scale":[{"curve":"stepped"},{"time":0.3333,"curve":"stepped"},{"time":0.6667,"curve":"stepped"},{"time":1.1667,"curve":"stepped"},{"time":1.6667,"curve":"stepped"},{"time":2.3333}]},"body":{"rotate":[{},{"time":0.3333,"angle":-7.33},{"time":0.6667,"angle":-9.74,"curve":0.975,"c4":0.07},{"time":1.1667,"angle":-14.66,"curve":0,"c2":0.2,"c3":0.75},{"time":1.6667,"angle":-14.65,"curve":0.868,"c3":0.75},{"time":2.3333}],"translate":[{},{"time":0.3333,"x":-89.7,"y":-87.4},{"time":0.6667,"x":-110.4,"y":-110.4,"curve":0.975,"c4":0.07},{"time":1.1667,"x":87.48,"y":-189.47,"curve":0,"c2":0.2,"c3":0.75},{"time":1.6667,"x":106.04,"y":-192.56,"curve":0.868,"c3":0.75},{"time":2.3333}],"scale":[{"curve":"stepped"},{"time":0.3333,"curve":"stepped"},{"time":0.6667,"curve":"stepped"},{"time":1.1667,"curve":"stepped"},{"time":1.6667,"curve":"stepped"},{"time":2.3333}]},"bone2":{"rotate":[{"curve":"stepped"},{"time":0.3333,"curve":"stepped"},{"time":0.6667,"curve":"stepped"},{"time":1.1667,"curve":"stepped"},{"time":1.6667,"curve":"stepped"},{"time":2.3333}],"translate":[{"curve":"stepped"},{"time":0.3333,"curve":"stepped"},{"time":0.6667,"curve":"stepped"},{"time":1.1667,"curve":"stepped"},{"time":1.6667,"curve":"stepped"},{"time":2.3333}],"scale":[{"curve":"stepped"},{"time":0.3333,"curve":"stepped"},{"time":0.6667,"curve":"stepped"},{"time":1.1667,"curve":"stepped"},{"time":1.6667,"curve":"stepped"},{"time":2.3333}]},"bone3":{"rotate":[{"curve":"stepped"},{"time":0.3333,"curve":"stepped"},{"time":0.6667,"curve":"stepped"},{"time":1.1667,"curve":"stepped"},{"time":1.6667,"curve":"stepped"},{"time":2.3333}],"translate":[{"curve":"stepped"},{"time":0.3333,"curve":"stepped"},{"time":0.6667,"curve":"stepped"},{"time":1.1667,"curve":"stepped"},{"time":1.6667,"curve":"stepped"},{"time":2.3333}],"scale":[{"curve":"stepped"},{"time":0.3333,"curve":"stepped"},{"time":0.6667,"curve":"stepped"},{"time":1.1667,"curve":"stepped"},{"time":1.6667,"curve":"stepped"},{"time":2.3333}]},"bone4":{"rotate":[{"curve":"stepped"},{"time":0.3333,"curve":"stepped"},{"time":0.6667,"curve":"stepped"},{"time":1.1667,"curve":"stepped"},{"time":1.6667,"curve":"stepped"},{"time":2.3333}],"translate":[{"curve":"stepped"},{"time":0.3333,"curve":"stepped"},{"time":0.6667,"curve":"stepped"},{"time":1.1667,"curve":"stepped"},{"time":1.6667,"curve":"stepped"},{"time":2.3333}],"scale":[{"curve":"stepped"},{"time":0.3333,"curve":"stepped"},{"time":0.6667,"curve":"stepped"},{"time":1.1667,"curve":"stepped"},{"time":1.6667,"curve":"stepped"},{"time":2.3333}]},"bone5":{"rotate":[{"curve":"stepped"},{"time":0.3333,"curve":"stepped"},{"time":0.6667,"curve":"stepped"},{"time":1.1667,"curve":"stepped"},{"time":1.6667,"curve":"stepped"},{"time":2.3333}],"translate":[{"curve":"stepped"},{"time":0.3333,"curve":"stepped"},{"time":0.6667,"curve":"stepped"},{"time":1.1667,"curve":"stepped"},{"time":1.6667,"curve":"stepped"},{"time":2.3333}],"scale":[{"curve":"stepped"},{"time":0.3333,"curve":"stepped"},{"time":0.6667,"curve":"stepped"},{"time":1.1667,"curve":"stepped"},{"time":1.6667,"curve":"stepped"},{"time":2.3333}]},"head":{"rotate":[{},{"time":0.3333,"angle":-7.85},{"time":0.6667,"angle":-3.96,"curve":0.975,"c4":0.07},{"time":1.1667,"angle":19.97,"curve":0,"c2":0.2,"c3":0.75},{"time":1.6667,"angle":24.64,"curve":0.868,"c3":0.75},{"time":2.3333}],"translate":[{},{"time":0.3333,"x":10.38,"y":-15.36,"curve":"stepped"},{"time":0.6667,"x":10.38,"y":-15.36,"curve":0.975,"c4":0.07},{"time":1.1667,"x":63.73,"y":3.34,"curve":0,"c2":0.2,"c3":0.75},{"time":1.6667,"x":72.33,"y":1.7,"curve":0.868,"c3":0.75},{"time":2.3333}],"scale":[{"curve":"stepped"},{"time":0.3333,"curve":"stepped"},{"time":0.6667,"curve":"stepped"},{"time":1.1667,"curve":"stepped"},{"time":1.6667,"curve":"stepped"},{"time":2.3333}]},"mouth":{"rotate":[{"curve":"stepped"},{"time":0.3333},{"time":0.6667,"angle":2.92,"curve":0.975,"c4":0.07},{"time":1.1667,"angle":-20.03,"curve":0,"c2":0.2,"c3":0.75},{"time":1.6667,"angle":-25.69,"curve":0.868,"c3":0.75},{"time":2.3333}],"translate":[{"curve":"stepped"},{"time":0.3333,"curve":"stepped"},{"time":0.6667,"curve":0.975,"c4":0.07},{"time":1.1667,"x":-16.4,"y":-16.29,"curve":0,"c2":0.2,"c3":0.75},{"time":1.6667,"x":-26.9,"y":-22.83,"curve":0.868,"c3":0.75},{"time":2.3333}],"scale":[{"curve":"stepped"},{"time":0.3333,"curve":"stepped"},{"time":0.6667,"curve":"stepped"},{"time":1.1667,"curve":"stepped"},{"time":1.6667,"curve":"stepped"},{"time":2.3333}]},"arm1_left":{"rotate":[{},{"time":0.3333,"angle":-39.77},{"time":0.6667,"angle":-39.46,"curve":0.975,"c4":0.07},{"time":1.1667,"angle":-248.05,"curve":0,"c2":0.2,"c3":0.75},{"time":1.6667,"angle":-247.23,"curve":1,"c3":0.75},{"time":2.3333}],"translate":[{},{"time":0.3333,"x":40.95,"y":31.11},{"time":0.6667,"x":60.57,"y":89.42,"curve":0.563,"c3":0.852,"c4":0.12},{"time":1.1667,"x":-36.86,"y":-78.88,"curve":0,"c2":0.2,"c3":0.75},{"time":1.6667,"x":-35.83,"y":-96.89,"curve":1,"c3":0.75},{"time":2.3333}],"scale":[{"curve":"stepped"},{"time":0.3333,"curve":"stepped"},{"time":0.6667,"curve":"stepped"},{"time":1.1667,"curve":"stepped"},{"time":1.6667,"curve":"stepped"},{"time":2.3333}]},"arm2_left":{"rotate":[{},{"time":0.3333,"angle":73.87,"curve":"stepped"},{"time":0.6667,"angle":73.87,"curve":0.975,"c4":0.07},{"time":1.1667,"angle":-33.14,"curve":0,"c2":0.2,"c3":0.75},{"time":1.6667,"angle":-36.97,"curve":1,"c3":0.75},{"time":2.3333}],"translate":[{"curve":"stepped"},{"time":0.3333},{"time":0.6667,"x":36.64,"y":-33.35,"curve":0.563,"c3":0.852,"c4":0.12},{"time":1.1667,"x":108.22,"y":88.5,"curve":"stepped"},{"time":1.6667,"x":108.22,"y":88.5,"curve":1,"c3":0.75},{"time":2.3333}],"scale":[{"curve":"stepped"},{"time":0.3333,"curve":"stepped"},{"time":0.6667,"curve":"stepped"},{"time":1.1667,"curve":"stepped"},{"time":1.6667,"curve":"stepped"},{"time":2.3333}]},"hand_left":{"rotate":[{"curve":"stepped"},{"time":0.3333,"curve":"stepped"},{"time":0.6667,"curve":0.975,"c4":0.07},{"time":1.1667,"angle":-16.22,"curve":0,"c2":0.2,"c3":0.75},{"time":1.6667,"angle":-5.43,"curve":0.868,"c3":0.75},{"time":2.3333}],"translate":[{"curve":"stepped"},{"time":0.3333,"curve":"stepped"},{"time":0.6667,"curve":0.975,"c4":0.07},{"time":1.1667,"x":-13.55,"y":-26.65,"curve":"stepped"},{"time":1.6667,"x":-13.55,"y":-26.65,"curve":0.868,"c3":0.75},{"time":2.3333}],"scale":[{"curve":"stepped"},{"time":0.3333,"curve":"stepped"},{"time":0.6667,"curve":"stepped"},{"time":1.1667,"curve":"stepped"},{"time":1.6667,"curve":"stepped"},{"time":2.3333}]},"arm1_right":{"rotate":[{},{"time":0.3333,"angle":62.46},{"time":0.6667,"angle":-285.82,"curve":0.975,"c4":0.07},{"time":1.1667,"angle":-31.88,"curve":"stepped"},{"time":1.6667,"angle":-31.88,"curve":0.868,"c3":0.75},{"time":2.3333}],"translate":[{"curve":"stepped"},{"time":0.3333},{"time":0.6667,"x":-8.52,"y":-48.46,"curve":0.975,"c4":0.07},{"time":1.1667,"x":92.43,"y":87.05,"curve":"stepped"},{"time":1.6667,"x":92.43,"y":87.05,"curve":0.868,"c3":0.75},{"time":2.3333}],"scale":[{"curve":"stepped"},{"time":0.3333,"curve":"stepped"},{"time":0.6667,"curve":"stepped"},{"time":1.1667,"curve":"stepped"},{"time":1.6667,"curve":"stepped"},{"time":2.3333}]},"arm2_right":{"rotate":[{},{"time":0.3333,"angle":-54.32},{"time":0.6667,"angle":-58.5,"curve":0.975,"c4":0.07},{"time":1.1667,"angle":29.86,"curve":"stepped"},{"time":1.6667,"angle":29.86,"curve":0.868,"c3":0.75},{"time":2.3333}],"translate":[{},{"time":0.3333,"x":10.4,"y":-21.27,"curve":"stepped"},{"time":0.6667,"x":10.4,"y":-21.27,"curve":0.975,"c4":0.07},{"time":1.1667,"x":25.08,"y":-48.89,"curve":"stepped"},{"time":1.6667,"x":25.08,"y":-48.89,"curve":0.868,"c3":0.75},{"time":2.3333}],"scale":[{"curve":"stepped"},{"time":0.3333,"curve":"stepped"},{"time":0.6667,"curve":"stepped"},{"time":1.1667,"curve":"stepped"},{"time":1.6667,"curve":"stepped"},{"time":2.3333}]},"hand_right":{"rotate":[{"curve":"stepped"},{"time":0.3333,"curve":"stepped"},{"time":0.6667,"curve":"stepped"},{"time":1.1667,"curve":"stepped"},{"time":1.6667,"curve":"stepped"},{"time":2.3333}],"translate":[{"curve":"stepped"},{"time":0.3333,"curve":"stepped"},{"time":0.6667,"curve":"stepped"},{"time":1.1667,"curve":"stepped"},{"time":1.6667,"curve":"stepped"},{"time":2.3333}],"scale":[{"curve":"stepped"},{"time":0.3333,"curve":"stepped"},{"time":0.6667,"curve":"stepped"},{"time":1.1667,"curve":"stepped"},{"time":1.6667,"curve":"stepped"},{"time":2.3333}]},"leg1_left2":{"rotate":[{"curve":"stepped"},{"time":0.3333,"curve":"stepped"},{"time":0.6667,"curve":"stepped"},{"time":1.1667,"curve":"stepped"},{"time":1.6667,"curve":"stepped"},{"time":2.3333}],"translate":[{"curve":"stepped"},{"time":0.3333,"curve":"stepped"},{"time":0.6667,"curve":"stepped"},{"time":1.1667,"curve":"stepped"},{"time":1.6667,"curve":"stepped"},{"time":2.3333}],"scale":[{"curve":"stepped"},{"time":0.3333,"curve":"stepped"},{"time":0.6667,"curve":"stepped"},{"time":1.1667,"curve":"stepped"},{"time":1.6667,"curve":"stepped"},{"time":2.3333}]},"leg1_left":{"rotate":[{"curve":"stepped"},{"time":0.3333,"curve":"stepped"},{"time":0.6667,"curve":"stepped"},{"time":1.1667,"curve":"stepped"},{"time":1.6667,"curve":"stepped"},{"time":2.3333}],"translate":[{"curve":"stepped"},{"time":0.3333,"curve":"stepped"},{"time":0.6667,"curve":"stepped"},{"time":1.1667,"curve":"stepped"},{"time":1.6667,"curve":"stepped"},{"time":2.3333}],"scale":[{"curve":"stepped"},{"time":0.3333,"curve":"stepped"},{"time":0.6667,"curve":"stepped"},{"time":1.1667,"curve":"stepped"},{"time":1.6667,"curve":"stepped"},{"time":2.3333}]},"leg2_left":{"rotate":[{"curve":"stepped"},{"time":0.3333,"curve":"stepped"},{"time":0.6667,"curve":"stepped"},{"time":1.1667,"curve":"stepped"},{"time":1.6667,"curve":"stepped"},{"time":2.3333}],"translate":[{"curve":"stepped"},{"time":0.3333,"curve":"stepped"},{"time":0.6667,"curve":"stepped"},{"time":1.1667,"curve":"stepped"},{"time":1.6667,"curve":"stepped"},{"time":2.3333}],"scale":[{"curve":"stepped"},{"time":0.3333,"curve":"stepped"},{"time":0.6667,"curve":"stepped"},{"time":1.1667,"curve":"stepped"},{"time":1.6667,"curve":"stepped"},{"time":2.3333}]},"leg2_left2":{"rotate":[{"curve":"stepped"},{"time":0.3333,"curve":"stepped"},{"time":0.6667,"curve":"stepped"},{"time":1.1667,"curve":"stepped"},{"time":1.6667,"curve":"stepped"},{"time":2.3333}],"translate":[{"curve":"stepped"},{"time":0.3333,"curve":"stepped"},{"time":0.6667,"curve":"stepped"},{"time":1.1667,"curve":"stepped"},{"time":1.6667,"curve":"stepped"},{"time":2.3333}],"scale":[{"curve":"stepped"},{"time":0.3333,"curve":"stepped"},{"time":0.6667,"curve":"stepped"},{"time":1.1667,"curve":"stepped"},{"time":1.6667,"curve":"stepped"},{"time":2.3333}]},"foot_left":{"rotate":[{"curve":"stepped"},{"time":0.3333,"curve":"stepped"},{"time":0.6667,"curve":"stepped"},{"time":1.1667,"curve":"stepped"},{"time":1.6667,"curve":"stepped"},{"time":2.3333}],"translate":[{"curve":"stepped"},{"time":0.3333,"curve":"stepped"},{"time":0.6667,"curve":"stepped"},{"time":1.1667,"curve":"stepped"},{"time":1.6667,"curve":"stepped"},{"time":2.3333}],"scale":[{"curve":"stepped"},{"time":0.3333,"curve":"stepped"},{"time":0.6667,"curve":"stepped"},{"time":1.1667,"curve":"stepped"},{"time":1.6667,"curve":"stepped"},{"time":2.3333}]},"leg1_right2":{"rotate":[{"curve":"stepped"},{"time":0.3333,"curve":"stepped"},{"time":0.6667,"curve":"stepped"},{"time":1.1667,"curve":"stepped"},{"time":1.6667,"curve":"stepped"},{"time":2.3333}],"translate":[{"curve":"stepped"},{"time":0.3333,"curve":"stepped"},{"time":0.6667,"curve":"stepped"},{"time":1.1667,"curve":"stepped"},{"time":1.6667,"curve":"stepped"},{"time":2.3333}],"scale":[{"curve":"stepped"},{"time":0.3333,"curve":"stepped"},{"time":0.6667,"curve":"stepped"},{"time":1.1667,"curve":"stepped"},{"time":1.6667,"curve":"stepped"},{"time":2.3333}]},"leg1_right":{"rotate":[{"curve":"stepped"},{"time":0.3333,"curve":"stepped"},{"time":0.6667,"curve":"stepped"},{"time":1.1667,"curve":"stepped"},{"time":1.6667,"curve":"stepped"},{"time":2.3333}],"translate":[{"curve":"stepped"},{"time":0.3333,"curve":"stepped"},{"time":0.6667,"curve":"stepped"},{"time":1.1667,"curve":"stepped"},{"time":1.6667,"curve":"stepped"},{"time":2.3333}],"scale":[{"curve":"stepped"},{"time":0.3333,"curve":"stepped"},{"time":0.6667,"curve":"stepped"},{"time":1.1667,"curve":"stepped"},{"time":1.6667,"curve":"stepped"},{"time":2.3333}]},"leg2_right":{"rotate":[{"curve":"stepped"},{"time":0.3333,"curve":"stepped"},{"time":0.6667,"curve":"stepped"},{"time":1.1667,"curve":"stepped"},{"time":1.6667,"curve":"stepped"},{"time":2.3333}],"translate":[{"curve":"stepped"},{"time":0.3333,"curve":"stepped"},{"time":0.6667,"curve":"stepped"},{"time":1.1667,"curve":"stepped"},{"time":1.6667,"curve":"stepped"},{"time":2.3333}],"scale":[{"curve":"stepped"},{"time":0.3333,"curve":"stepped"},{"time":0.6667,"curve":"stepped"},{"time":1.1667,"curve":"stepped"},{"time":1.6667,"curve":"stepped"},{"time":2.3333}]},"leg2_right2":{"rotate":[{"curve":"stepped"},{"time":0.3333,"curve":"stepped"},{"time":0.6667,"curve":"stepped"},{"time":1.1667,"curve":"stepped"},{"time":1.6667,"curve":"stepped"},{"time":2.3333}],"translate":[{"curve":"stepped"},{"time":0.3333,"curve":"stepped"},{"time":0.6667,"curve":"stepped"},{"time":1.1667,"curve":"stepped"},{"time":1.6667,"curve":"stepped"},{"time":2.3333}],"scale":[{"curve":"stepped"},{"time":0.3333,"curve":"stepped"},{"time":0.6667,"curve":"stepped"},{"time":1.1667,"curve":"stepped"},{"time":1.6667,"curve":"stepped"},{"time":2.3333}]},"foot_right":{"rotate":[{"curve":"stepped"},{"time":0.3333,"curve":"stepped"},{"time":0.6667,"curve":"stepped"},{"time":1.1667,"curve":"stepped"},{"time":1.6667,"curve":"stepped"},{"time":2.3333}],"translate":[{"curve":"stepped"},{"time":0.3333,"curve":"stepped"},{"time":0.6667,"curve":"stepped"},{"time":1.1667,"curve":"stepped"},{"time":1.6667,"curve":"stepped"},{"time":2.3333}],"scale":[{"curve":"stepped"},{"time":0.3333,"curve":"stepped"},{"time":0.6667,"curve":"stepped"},{"time":1.1667,"curve":"stepped"},{"time":1.6667,"curve":"stepped"},{"time":2.3333}]},"attack_effect":{"rotate":[{"time":0.5,"angle":10.32}],"translate":[{"time":0.5,"x":-192.12,"y":220.06}]},"swing":{"rotate":[{"time":1.1667,"angle":11.57}],"translate":[{"time":1.1667,"x":610.71,"y":-165.85,"curve":0,"c2":0.47,"c3":0.588},{"time":1.8333,"x":576.76,"y":-165.85}],"scale":[{"time":1.1667,"x":1.659,"y":0.76,"curve":0,"c2":0.47,"c3":0.588},{"time":1.8333,"x":1.87,"y":0.857}]}}},"idle":{"slots":{"1":{"attachment":[{"time":1.5,"name":"1"},{"time":1.5667,"name":"2"},{"time":1.6333,"name":"3"},{"time":1.7,"name":"4"},{"time":1.7667,"name":"5"},{"time":1.8333,"name":"6"},{"time":1.9,"name":"7"},{"time":1.9667,"name":"8"},{"time":2.0333,"name":null}]},"2":{"attachment":[{"time":1,"name":"1"},{"time":1.0667,"name":"2"},{"time":1.1333,"name":"3"},{"time":1.2,"name":"4"},{"time":1.2667,"name":"5"},{"time":1.3333,"name":"6"},{"time":1.4,"name":"7"},{"time":1.4667,"name":"8"},{"time":1.5333,"name":null}]},"3":{"attachment":[{"time":0.8,"name":"1"},{"time":0.8333,"name":"3"},{"time":0.9,"name":"4"},{"time":0.9333,"name":"5"},{"time":0.9667,"name":"6"},{"time":1,"name":"7"},{"time":1.0333,"name":"8"},{"time":1.0667,"name":null}]}},"bones":{"root":{"rotate":[{"curve":"stepped"},{"time":2.3333}],"translate":[{"curve":"stepped"},{"time":2.3333}],"scale":[{"curve":"stepped"},{"time":2.3333}]},"body":{"rotate":[{"curve":0.45,"c3":0.75},{"time":1.1667,"angle":-10.28,"curve":0.459,"c3":0.75},{"time":2.3333}],"translate":[{"curve":0.45,"c3":0.75},{"time":1.1667,"x":104.89,"y":-137.01,"curve":0.459,"c3":0.75},{"time":2.3333}],"scale":[{"curve":"stepped"},{"time":2.3333}]},"bone2":{"rotate":[{"curve":0.553,"c3":0.787,"c4":0.49},{"time":1.1667,"angle":-1.38,"curve":0.235,"c2":0.49,"c3":0.445},{"time":2.3333}],"translate":[{"curve":"stepped"},{"time":2.3333}],"scale":[{"curve":"stepped"},{"time":2.3333}]},"bone3":{"rotate":[{"curve":0.553,"c3":0.787,"c4":0.49},{"time":1.1667,"angle":-1.38,"curve":0.235,"c2":0.49,"c3":0.445},{"time":2.3333}],"translate":[{"curve":0.553,"c3":0.787,"c4":0.49},{"time":1.1667,"x":12.68,"y":-32.36,"curve":0.235,"c2":0.49,"c3":0.445},{"time":2.3333}],"scale":[{"curve":"stepped"},{"time":2.3333}]},"bone4":{"rotate":[{"curve":0.553,"c3":0.787,"c4":0.49},{"time":1.1667,"angle":-4.27,"curve":0.235,"c2":0.49,"c3":0.445},{"time":2.3333}],"translate":[{"curve":0.553,"c3":0.787,"c4":0.49},{"time":1.1667,"x":9.24,"y":-26.55,"curve":0.235,"c2":0.49,"c3":0.445},{"time":2.3333}],"scale":[{"curve":"stepped"},{"time":2.3333}]},"bone5":{"rotate":[{"curve":0.553,"c3":0.787,"c4":0.49},{"time":1.1667,"angle":-4.27,"curve":0.235,"c2":0.49,"c3":0.445},{"time":2.3333}],"translate":[{"curve":"stepped"},{"time":2.3333}],"scale":[{"curve":"stepped"},{"time":2.3333}]},"head":{"rotate":[{"curve":0.581,"c3":0.472},{"time":0.8333,"angle":10.28,"curve":0.682,"c3":0.547},{"time":2.3333}],"translate":[{"curve":0.581,"c3":0.472},{"time":0.8333,"x":-7.17,"y":-41.58,"curve":0.659,"c2":0.05,"c3":0.535},{"time":2.3333}],"scale":[{"curve":"stepped"},{"time":2.3333}]},"mouth":{"rotate":[{"curve":0.25,"c3":0.75},{"time":1.5,"angle":-16.99,"curve":0.523,"c3":0.75},{"time":2.3333}],"translate":[{"curve":0.25,"c3":0.75},{"time":1.5,"x":-16.1,"y":-14.59,"curve":0.523,"c3":0.75},{"time":2.3333}],"scale":[{"curve":"stepped"},{"time":2.3333}]},"arm1_left":{"rotate":[{"curve":0.581,"c3":0.472},{"time":1,"angle":-5.71,"curve":0.682,"c3":0.547},{"time":2.3333}],"translate":[{"curve":0.581,"c3":0.472},{"time":1,"x":0.05,"y":29.7,"curve":0.682,"c3":0.547},{"time":2.3333}],"scale":[{"curve":"stepped"},{"time":2.3333}]},"arm2_left":{"rotate":[{"curve":0.25,"c3":0.417},{"time":0.8333,"angle":24.42,"curve":0.647,"c3":0.75},{"time":2.3333}],"translate":[{"curve":"stepped"},{"time":2.3333}],"scale":[{"curve":"stepped"},{"time":2.3333}]},"hand_left":{"rotate":[{"curve":0.25,"c3":0.417},{"time":0.8333,"angle":9.23,"curve":0.647,"c3":0.75},{"time":2.3333}],"translate":[{"curve":"stepped"},{"time":2.3333}],"scale":[{"curve":"stepped"},{"time":2.3333}]},"arm1_right":{"rotate":[{"curve":0.581,"c3":0.472},{"time":0.5,"angle":-13.2,"curve":0.682,"c3":0.547},{"time":2.3333}],"translate":[{"curve":"stepped"},{"time":2.3333}],"scale":[{"curve":"stepped"},{"time":2.3333}]},"arm2_right":{"rotate":[{"curve":0.581,"c3":0.472},{"time":0.5,"angle":32.94,"curve":0.682,"c3":0.547},{"time":2.3333}],"translate":[{"curve":"stepped"},{"time":2.3333}],"scale":[{"curve":"stepped"},{"time":2.3333}]},"hand_right":{"rotate":[{"curve":0.581,"c3":0.472},{"time":0.5,"angle":17.67,"curve":0.682,"c3":0.547},{"time":2.3333}],"translate":[{"curve":"stepped"},{"time":2.3333}],"scale":[{"curve":"stepped"},{"time":2.3333}]},"leg1_left2":{"rotate":[{"curve":"stepped"},{"time":2.3333}],"translate":[{"curve":"stepped"},{"time":2.3333}],"scale":[{"curve":"stepped"},{"time":2.3333}]},"leg1_left":{"rotate":[{"curve":"stepped"},{"time":2.3333}],"translate":[{"curve":"stepped"},{"time":2.3333}],"scale":[{"curve":"stepped"},{"time":2.3333}]},"leg2_left":{"rotate":[{"curve":"stepped"},{"time":2.3333}],"translate":[{"curve":"stepped"},{"time":2.3333}],"scale":[{"curve":"stepped"},{"time":2.3333}]},"leg2_left2":{"rotate":[{"curve":"stepped"},{"time":2.3333}],"translate":[{"curve":"stepped"},{"time":2.3333}],"scale":[{"curve":"stepped"},{"time":2.3333}]},"foot_left":{"rotate":[{"curve":"stepped"},{"time":2.3333}],"translate":[{"curve":"stepped"},{"time":2.3333}],"scale":[{"curve":"stepped"},{"time":2.3333}]},"leg1_right2":{"rotate":[{"curve":"stepped"},{"time":2.3333}],"translate":[{"curve":"stepped"},{"time":2.3333}],"scale":[{"curve":"stepped"},{"time":2.3333}]},"leg1_right":{"rotate":[{"curve":"stepped"},{"time":2.3333}],"translate":[{"curve":"stepped"},{"time":2.3333}],"scale":[{"curve":"stepped"},{"time":2.3333}]},"leg2_right":{"rotate":[{"curve":"stepped"},{"time":2.3333}],"translate":[{"curve":"stepped"},{"time":2.3333}],"scale":[{"curve":"stepped"},{"time":2.3333}]},"leg2_right2":{"rotate":[{"curve":"stepped"},{"time":2.3333}],"translate":[{"curve":"stepped"},{"time":2.3333}],"scale":[{"curve":"stepped"},{"time":2.3333}]},"foot_right":{"rotate":[{"curve":"stepped"},{"time":2.3333}],"translate":[{"curve":"stepped"},{"time":2.3333}],"scale":[{"curve":"stepped"},{"time":2.3333}]},"bone6":{"rotate":[{"curve":0.25,"c3":0.417},{"time":0.8333,"angle":8.14,"curve":0.647,"c3":0.75},{"time":2.3333}],"translate":[{"curve":"stepped"},{"time":2.3333}],"scale":[{"curve":"stepped"},{"time":2.3333}]},"bone":{"rotate":[{"curve":0.25,"c3":0.417},{"time":0.8333,"angle":349.01,"curve":0.647,"c3":0.75},{"time":2.3333}],"translate":[{"curve":0.25,"c3":0.417},{"time":0.8333,"x":-8.18,"y":8.68,"curve":0.647,"c3":0.75},{"time":2.3333}],"scale":[{"curve":"stepped"},{"time":2.3333}]},"bone7":{"rotate":[{"curve":0.25,"c3":0.417},{"time":0.8333,"angle":9,"curve":0.647,"c3":0.75},{"time":2.3333}],"translate":[{"curve":0.25,"c3":0.417},{"time":0.8333,"x":-4.94,"y":-6.91,"curve":0.647,"c3":0.75},{"time":2.3333}],"scale":[{"curve":"stepped"},{"time":2.3333}]},"bone8":{"rotate":[{},{"time":1.5,"angle":13.16},{"time":2.3333}],"translate":[{"curve":"stepped"},{"time":2.3333}],"scale":[{"curve":"stepped"},{"time":2.3333}]},"bone9":{"rotate":[{},{"time":1.5,"angle":-9.95},{"time":2.3333}],"translate":[{"curve":"stepped"},{"time":2.3333}],"scale":[{"curve":"stepped"},{"time":2.3333}]},"bone10":{"rotate":[{},{"time":1.5,"angle":-8.95},{"time":2.3333}],"translate":[{"curve":"stepped"},{"time":2.3333}],"scale":[{"curve":"stepped"},{"time":2.3333}]},"bone11":{"rotate":[{},{"time":1.5,"angle":335.53},{"time":2.3333}],"translate":[{},{"time":1.5,"x":-1.5,"y":2.85},{"time":2.3333}],"scale":[{"curve":"stepped"},{"time":2.3333}]},"fire":{"translate":[{"time":1.5,"x":574.98,"y":-88.69}],"scale":[{"time":1.5,"x":1.909,"y":1.909}]},"fire2":{"translate":[{"time":1,"x":145.37,"y":-133.25}],"scale":[{"time":1,"x":1.642,"y":1.642}]},"fire3":{"rotate":[{"time":0.8,"angle":81.67}],"translate":[{"time":0.8,"x":96.91,"y":-92.87}]}},"deform":{"default":{"arm2_left":{"arm2_left":[{"curve":"stepped"},{"time":2.3333}]},"body":{"body":[{"curve":0.45,"c3":0.75},{"time":1.1667,"offset":90,"vertices":[-30.20377,0.60744,-28.89062,-8.83234,-15.5618,-25.89404,-32.39284,25.24494,-38.62,13.89687,-37.98047,-15.49414,-10.92659,1.70096,-10.9129,-1.78769,-6.0677,-9.24475,-22.91408,-5.16765,-20.1644,-12.04893,-6.92441,-22.44617],"curve":0.459,"c3":0.75},{"time":2.3333}]},"mouth":{"mouth":[{"curve":0.25,"c3":0.75},{"time":1.5,"offset":6,"vertices":[-7.80157,2.59946,8.03571,-1.74835,-18.69403,10.00134,19.65894,-7.94031,-6.24286,17.68295,4.12881,13.9216,-0.15393,7.18997,-7.16379,0.63235],"curve":0.523,"c3":0.75},{"time":2.3333}]}}}},"skill":{"slots":{"attack skill":{"attachment":[{"time":2.7333,"name":null}]},"fog2":{"color":[{"time":1.7333,"color":"ffffff00","curve":0,"c2":0.34,"c3":0.75},{"time":1.8,"color":"ffffffff"},{"time":2.5,"color":"ffffff00","curve":"stepped"},{"time":2.7,"color":"ffffff00"},{"time":2.8333,"color":"ffffffff"},{"time":4,"color":"ffffff00"}],"attachment":[{"time":1.7333,"name":"fog2"},{"time":1.8,"name":"fog2"},{"time":2.5,"name":"fog2"},{"time":2.7,"name":"fog2"}]},"fog3":{"color":[{"time":2.8667,"color":"ffffff00"},{"time":3,"color":"ffffffff"},{"time":4.1667,"color":"ffffff00"}],"attachment":[{"time":2.8667,"name":"fog2"}]},"fog4":{"color":[{"time":3.0667,"color":"ffffff00"},{"time":3.2,"color":"ffffffff"},{"time":4.3667,"color":"ffffff00"}],"attachment":[{"time":3.0667,"name":"fog2"}]},"ground_impact":{"color":[{"time":3.5667,"color":"ffffffff"},{"time":4.3667,"color":"ffffff00"}],"attachment":[{"time":2.7,"name":"ground_impact"}]},"skill1":{"color":[{"time":4,"color":"ffffffff"},{"time":4.3667,"color":"ffffff00"}],"attachment":[{"time":2.8333,"name":"skill1"},{"time":4,"name":"skill1"}]},"skill2":{"color":[{"time":4,"color":"ffffffff"},{"time":4.3667,"color":"ffffff00"}],"attachment":[{"time":2.9,"name":"skill2"},{"time":4,"name":"skill2"}]},"skill3":{"color":[{"time":4,"color":"ffffffff"},{"time":4.3667,"color":"ffffff00"}],"attachment":[{"time":2.9667,"name":"skill2"},{"time":4,"name":"skill2"}]},"skill4":{"color":[{"time":4,"color":"ffffffff"},{"time":4.3667,"color":"ffffff00"}],"attachment":[{"time":3.0333,"name":"skill2"},{"time":4,"name":"skill2"}]},"skill5":{"color":[{"time":4,"color":"ffffffff"},{"time":4.3667,"color":"ffffff00"}],"attachment":[{"time":3.1,"name":"skill1"},{"time":4,"name":"skill1"}]},"skill6":{"color":[{"time":4,"color":"ffffffff"},{"time":4.3667,"color":"ffffff00"}],"attachment":[{"time":3.1667,"name":"skill2"},{"time":4,"name":"skill2"}]},"skill7":{"color":[{"time":4,"color":"ffffffff"},{"time":4.3667,"color":"ffffff00"}],"attachment":[{"time":3.2333,"name":"skill1"},{"time":4,"name":"skill1"}]},"speed":{"color":[{"time":1.7333,"color":"ffffffff","curve":0,"c2":0.34,"c3":0.75},{"time":2,"color":"ffffff00"},{"time":2.7333,"color":"ffffffff","curve":0,"c2":0.55,"c3":0.75},{"time":3.1667,"color":"ffffff00"}],"attachment":[{"time":1.7333,"name":"speed"},{"time":2,"name":"speed"},{"time":2.0333,"name":null},{"time":2.7333,"name":"speed"},{"time":3.1667,"name":"speed"}]}},"bones":{"root":{"rotate":[{"curve":"stepped"},{"time":0.2333,"curve":"stepped"},{"time":0.4,"curve":"stepped"},{"time":0.5667,"curve":"stepped"},{"time":0.7333,"curve":"stepped"},{"time":1.2333,"curve":"stepped"},{"time":2.7333,"curve":"stepped"},{"time":3.2333,"curve":"stepped"},{"time":3.7,"curve":"stepped"},{"time":4.2}],"translate":[{"curve":"stepped"},{"time":0.2333,"curve":"stepped"},{"time":0.4,"curve":"stepped"},{"time":0.5667,"curve":"stepped"},{"time":0.7333,"curve":"stepped"},{"time":1.2333,"curve":"stepped"},{"time":2.7333,"curve":"stepped"},{"time":3.2333,"curve":"stepped"},{"time":3.7,"curve":"stepped"},{"time":4.2}],"scale":[{"curve":"stepped"},{"time":0.2333,"curve":"stepped"},{"time":0.4,"curve":"stepped"},{"time":0.5667,"curve":"stepped"},{"time":0.7333,"curve":"stepped"},{"time":1.2333,"curve":"stepped"},{"time":2.7333,"curve":"stepped"},{"time":3.2333,"curve":"stepped"},{"time":3.7,"curve":"stepped"},{"time":4.2}]},"body":{"rotate":[{"curve":0.361,"c3":0.693,"c4":0.35},{"time":0.2333,"angle":-0.44,"curve":0.363,"c2":0.23,"c3":0.695,"c4":0.57},{"time":0.4,"angle":-1.99,"curve":0.335,"c2":0.33,"c3":0.669,"c4":0.66},{"time":0.5667,"angle":-4.21,"curve":"stepped"},{"time":0.7333,"angle":-4.21,"curve":0.25,"c3":0.75},{"time":1.2333,"angle":-3.48,"curve":1,"c2":-0.1,"c4":0.7},{"time":1.7333,"angle":25.43,"curve":0,"c2":0.34,"c3":0.75},{"time":2.2333,"angle":46.7,"curve":0.972,"c3":0.985,"c4":0.58},{"time":2.7333,"angle":-2.17,"curve":0.25,"c3":0.75},{"time":3.2333,"angle":-4.72,"curve":1,"c4":0.26},{"time":3.3667,"angle":-2.17,"curve":0.474,"c3":0.789,"c4":0.3},{"time":3.5333,"angle":-3.34,"curve":0.474,"c2":0.24,"c3":0.789,"c4":0.57},{"time":3.7,"angle":-3.12,"curve":0.25,"c3":0.75},{"time":4.2}],"translate":[{"curve":1,"c3":0.75},{"time":0.2333,"x":-117.71,"y":-76.16},{"time":0.4,"x":-196.41,"y":-91.86},{"time":0.5667,"x":-324.32,"y":-133.77},{"time":0.7333,"x":-410.87,"y":-203.01,"curve":0.25,"c3":0.75},{"time":1.2333,"x":-510.63,"y":-252.89,"curve":1,"c2":-0.1,"c4":0.7},{"time":1.7333,"x":222.88,"y":1132.22,"curve":0,"c2":0.34,"c3":0.75},{"time":2.2333,"x":494.79,"y":1272.29,"curve":0.972,"c3":0.985,"c4":0.58},{"time":2.7333,"x":543.81,"y":-225.35,"curve":0.25,"c3":0.75},{"time":3.2333,"x":563.17,"y":-256.32,"curve":1,"c4":0.26},{"time":3.3667,"x":318.78,"y":-152.65,"curve":0.474,"c3":0.789,"c4":0.3},{"time":3.5333,"x":237.81,"y":-160.73,"curve":0.474,"c2":0.24,"c3":0.789,"c4":0.57},{"time":3.7,"x":104.55,"y":-84.44,"curve":0.25,"c3":0.75},{"time":4.2}],"scale":[{"curve":"stepped"},{"time":0.2333,"curve":"stepped"},{"time":0.4,"curve":"stepped"},{"time":0.5667,"curve":"stepped"},{"time":0.7333,"curve":"stepped"},{"time":1.2333,"curve":"stepped"},{"time":1.7333,"curve":"stepped"},{"time":2.2333,"curve":"stepped"},{"time":2.7333,"curve":"stepped"},{"time":3.2333,"curve":"stepped"},{"time":3.7,"curve":"stepped"},{"time":4.2}]},"bone2":{"rotate":[{"curve":"stepped"},{"time":0.2333,"curve":"stepped"},{"time":0.4,"curve":"stepped"},{"time":0.5667,"curve":"stepped"},{"time":0.7333,"curve":0.25,"c3":0.75},{"time":1.2333,"angle":-4.34,"curve":1,"c2":-0.1,"c4":0.7},{"time":1.7333,"angle":-4.27,"curve":"stepped"},{"time":2.2333,"angle":-4.27,"curve":0.972,"c3":0.985,"c4":0.58},{"time":2.7333,"curve":0.25,"c3":0.75},{"time":3.2333,"angle":-3.5,"curve":0.093,"c2":0.58,"c3":0.34},{"time":3.7,"curve":"stepped"},{"time":4.2}],"translate":[{"curve":"stepped"},{"time":0.2333,"curve":"stepped"},{"time":0.4,"curve":"stepped"},{"time":0.5667,"curve":"stepped"},{"time":0.7333,"curve":"stepped"},{"time":1.2333,"curve":"stepped"},{"time":1.7333,"curve":"stepped"},{"time":2.2333,"curve":"stepped"},{"time":2.7333,"curve":"stepped"},{"time":3.2333,"curve":"stepped"},{"time":3.7,"curve":"stepped"},{"time":4.2}],"scale":[{"curve":"stepped"},{"time":0.2333,"curve":"stepped"},{"time":0.4,"curve":"stepped"},{"time":0.5667,"curve":"stepped"},{"time":0.7333,"curve":"stepped"},{"time":1.2333,"curve":"stepped"},{"time":1.7333,"curve":"stepped"},{"time":2.2333,"curve":"stepped"},{"time":2.7333,"curve":"stepped"},{"time":3.2333,"curve":"stepped"},{"time":3.7,"curve":"stepped"},{"time":4.2}]},"bone3":{"rotate":[{"curve":"stepped"},{"time":0.2333,"curve":"stepped"},{"time":0.4,"curve":"stepped"},{"time":0.5667,"curve":"stepped"},{"time":0.7333,"curve":"stepped"},{"time":1.2333,"curve":"stepped"},{"time":1.7333,"curve":"stepped"},{"time":2.2333,"curve":"stepped"},{"time":2.7333,"curve":"stepped"},{"time":3.2333,"curve":"stepped"},{"time":3.7,"curve":"stepped"},{"time":4.2}],"translate":[{"curve":"stepped"},{"time":0.2333,"curve":"stepped"},{"time":0.4,"curve":"stepped"},{"time":0.5667,"curve":"stepped"},{"time":0.7333,"curve":"stepped"},{"time":1.2333,"curve":"stepped"},{"time":1.7333,"curve":"stepped"},{"time":2.2333,"curve":"stepped"},{"time":2.7333,"curve":"stepped"},{"time":3.2333,"curve":"stepped"},{"time":3.7,"curve":"stepped"},{"time":4.2}],"scale":[{"curve":"stepped"},{"time":0.2333,"curve":"stepped"},{"time":0.4,"curve":"stepped"},{"time":0.5667,"curve":"stepped"},{"time":0.7333,"curve":"stepped"},{"time":1.2333,"curve":"stepped"},{"time":1.7333,"curve":"stepped"},{"time":2.2333,"curve":"stepped"},{"time":2.7333,"curve":"stepped"},{"time":3.2333,"curve":"stepped"},{"time":3.7,"curve":"stepped"},{"time":4.2}]},"bone4":{"rotate":[{"curve":"stepped"},{"time":0.2333,"curve":"stepped"},{"time":0.4,"curve":"stepped"},{"time":0.5667,"curve":"stepped"},{"time":0.7333,"curve":"stepped"},{"time":1.2333,"curve":"stepped"},{"time":1.7333,"curve":"stepped"},{"time":2.2333,"curve":"stepped"},{"time":2.7333,"curve":"stepped"},{"time":3.2333,"curve":"stepped"},{"time":3.7,"curve":"stepped"},{"time":4.2}],"translate":[{"curve":"stepped"},{"time":0.2333,"curve":"stepped"},{"time":0.4,"curve":"stepped"},{"time":0.5667,"curve":"stepped"},{"time":0.7333,"curve":"stepped"},{"time":1.2333,"curve":"stepped"},{"time":1.7333,"curve":"stepped"},{"time":2.2333,"curve":"stepped"},{"time":2.7333,"curve":"stepped"},{"time":3.2333,"curve":"stepped"},{"time":3.7,"curve":"stepped"},{"time":4.2}],"scale":[{"curve":"stepped"},{"time":0.2333,"curve":"stepped"},{"time":0.4,"curve":"stepped"},{"time":0.5667,"curve":"stepped"},{"time":0.7333,"curve":"stepped"},{"time":1.2333,"curve":"stepped"},{"time":1.7333,"curve":"stepped"},{"time":2.2333,"curve":"stepped"},{"time":2.7333,"curve":"stepped"},{"time":3.2333,"curve":"stepped"},{"time":3.7,"curve":"stepped"},{"time":4.2}]},"bone5":{"rotate":[{"curve":"stepped"},{"time":0.2333,"curve":"stepped"},{"time":0.4,"curve":"stepped"},{"time":0.5667,"curve":"stepped"},{"time":0.7333,"curve":"stepped"},{"time":1.2333,"curve":"stepped"},{"time":1.7333,"curve":"stepped"},{"time":2.2333,"curve":"stepped"},{"time":2.7333,"curve":"stepped"},{"time":3.2333,"curve":"stepped"},{"time":3.7,"curve":"stepped"},{"time":4.2}],"translate":[{"curve":"stepped"},{"time":0.2333,"curve":"stepped"},{"time":0.4,"curve":"stepped"},{"time":0.5667,"curve":"stepped"},{"time":0.7333,"curve":"stepped"},{"time":1.2333,"curve":"stepped"},{"time":1.7333,"curve":"stepped"},{"time":2.2333,"curve":"stepped"},{"time":2.7333,"curve":"stepped"},{"time":3.2333,"curve":"stepped"},{"time":3.7,"curve":"stepped"},{"time":4.2}],"scale":[{"curve":"stepped"},{"time":0.2333,"curve":"stepped"},{"time":0.4,"curve":"stepped"},{"time":0.5667,"curve":"stepped"},{"time":0.7333,"curve":"stepped"},{"time":1.2333,"curve":"stepped"},{"time":1.7333,"curve":"stepped"},{"time":2.2333,"curve":"stepped"},{"time":2.7333,"curve":"stepped"},{"time":3.2333,"curve":"stepped"},{"time":3.7,"curve":"stepped"},{"time":4.2}]},"head":{"rotate":[{"curve":0.25,"c3":0.75},{"time":0.3,"angle":-9.87,"curve":0.25,"c3":0.75},{"time":0.4,"curve":0.25,"c3":0.75},{"time":0.6,"angle":10.08},{"time":0.7333,"angle":19.25,"curve":0.25,"c3":0.75},{"time":1.2333,"angle":32.7,"curve":1,"c2":-0.1,"c4":0.7},{"time":1.7333,"angle":-18.27,"curve":"stepped"},{"time":2.2333,"angle":-18.27,"curve":0.972,"c3":0.985,"c4":0.58},{"time":2.7333,"angle":-10.03,"curve":"stepped"},{"time":3.2333,"angle":-10.03,"curve":"stepped"},{"time":3.3667,"angle":-10.03,"curve":0.571,"c3":0.857,"c4":0.29},{"time":3.7,"angle":-9.67,"curve":0.25,"c3":0.75},{"time":4.2}],"translate":[{"curve":0.25,"c3":0.75},{"time":0.3,"x":-18.33,"y":-10.37,"curve":0.25,"c3":0.75},{"time":0.4,"curve":0.25,"c3":0.75},{"time":0.6,"x":12.9,"y":22.63},{"time":0.7333,"x":24.44,"y":52.17,"curve":0.25,"c3":0.75},{"time":1.2333,"x":16.25,"y":100.03,"curve":1,"c2":-0.1,"c4":0.7},{"time":1.7333,"x":16.85,"y":-39.96,"curve":"stepped"},{"time":2.2333,"x":16.85,"y":-39.96,"curve":0.972,"c3":0.985,"c4":0.58},{"time":2.7333,"x":12.2,"y":-19.88,"curve":0.25,"c3":0.75},{"time":3.2333,"x":3.32,"y":-29.13,"curve":1,"c4":0.26},{"time":3.3667,"x":-3.74,"y":-20.77,"curve":0.571,"c3":0.857,"c4":0.29},{"time":3.7,"x":-3.61,"y":-20.02,"curve":0.25,"c3":0.75},{"time":4.2}],"scale":[{"curve":"stepped"},{"time":0.3,"curve":"stepped"},{"time":0.4,"curve":"stepped"},{"time":0.6,"curve":"stepped"},{"time":0.7333,"curve":"stepped"},{"time":1.2333,"curve":"stepped"},{"time":1.7333,"curve":"stepped"},{"time":2.2333,"curve":"stepped"},{"time":2.7333,"curve":"stepped"},{"time":3.2333,"curve":"stepped"},{"time":3.7,"curve":"stepped"},{"time":4.2}]},"mouth":{"rotate":[{"curve":"stepped"},{"time":0.2333,"curve":"stepped"},{"time":0.4},{"time":0.5667,"angle":-11.73},{"time":0.7333,"curve":"stepped"},{"time":1.2333,"curve":1,"c2":-0.1,"c4":0.7},{"time":1.7333,"angle":-20.3,"curve":"stepped"},{"time":2.2333,"angle":-20.3,"curve":0.972,"c3":0.985,"c4":0.58},{"time":2.7333,"angle":3.77,"curve":0.25,"c3":0.75},{"time":3.2333,"angle":-19.81,"curve":0.704,"c2":0.26,"c3":0.892,"c4":0.62},{"time":3.7,"angle":-14.39,"curve":0.25,"c3":0.75},{"time":4.2}],"translate":[{"curve":"stepped"},{"time":0.2333,"curve":"stepped"},{"time":0.4},{"time":0.5667,"x":-2.6,"y":-24.83},{"time":0.7333,"curve":"stepped"},{"time":1.2333,"curve":1,"c2":-0.1,"c4":0.7},{"time":1.7333,"x":-20.73,"y":-38.89,"curve":"stepped"},{"time":2.2333,"x":-20.73,"y":-38.89,"curve":0.972,"c3":0.985,"c4":0.58},{"time":2.7333,"x":6.47,"y":-14.26,"curve":0.25,"c3":0.75},{"time":3.2333,"x":-20.23,"y":-37.95,"curve":0.704,"c2":0.26,"c3":0.892,"c4":0.62},{"time":3.7,"x":-14.69,"y":-27.56,"curve":0.25,"c3":0.75},{"time":4.2}],"scale":[{"curve":"stepped"},{"time":0.2333,"curve":"stepped"},{"time":0.4,"curve":"stepped"},{"time":0.5667,"curve":"stepped"},{"time":0.7333,"curve":"stepped"},{"time":1.2333,"curve":"stepped"},{"time":1.7333,"curve":"stepped"},{"time":2.2333,"curve":"stepped"},{"time":2.7333,"curve":"stepped"},{"time":3.2333,"curve":"stepped"},{"time":3.7,"curve":"stepped"},{"time":4.2}]},"arm1_left":{"rotate":[{"curve":0.25,"c3":0.385},{"time":0.1667,"angle":-19.06,"curve":0.25,"c3":0.75},{"time":0.4,"curve":0.25,"c3":0.376},{"time":0.5,"angle":-8.37,"curve":0.25,"c3":0.75},{"time":0.7333,"curve":0.25,"c3":0.75},{"time":1.2333,"angle":-10.48,"curve":1,"c2":-0.1,"c4":0.7},{"time":1.7333,"angle":-191.04,"curve":0,"c2":0.34,"c3":0.75},{"time":2.2333,"angle":-179.85,"curve":0.972,"c3":0.985,"c4":0.58},{"time":2.7333,"angle":87.97,"curve":"stepped"},{"time":3.4,"angle":87.97,"curve":1,"c4":0.26},{"time":3.5333,"angle":-277.59,"curve":0.432,"c3":0.757,"c4":0.31},{"time":3.7,"angle":18.31,"curve":0.474,"c2":0.21,"c3":0.789,"c4":0.54},{"time":3.8667,"angle":-321.4,"curve":0.25,"c3":0.75},{"time":4.3667}],"translate":[{"curve":0.25,"c3":0.385},{"time":0.1667,"x":-4.73,"y":56.67,"curve":0.342,"c2":0.36,"c3":0.757},{"time":0.4,"curve":0.25,"c3":0.376},{"time":0.5,"x":-9.65,"y":69.1,"curve":0.25,"c3":0.75},{"time":0.7333,"curve":0.25,"c3":0.75},{"time":1.2333,"x":-9.16,"y":55.01,"curve":1,"c2":-0.1,"c4":0.7},{"time":1.7333,"x":14.55,"y":55.79,"curve":"stepped"},{"time":2.2333,"x":14.55,"y":55.79,"curve":0.972,"c3":0.985,"c4":0.58},{"time":2.7333,"x":-45.18,"y":96.3,"curve":"stepped"},{"time":3.4,"x":-45.18,"y":96.3,"curve":1,"c4":0.26},{"time":3.5333,"x":-32.95,"y":112.36,"curve":0.432,"c3":0.757,"c4":0.31},{"time":3.7,"x":47.14,"y":100.61,"curve":0.474,"c2":0.21,"c3":0.789,"c4":0.54},{"time":3.8667,"x":7.15,"y":87.1,"curve":0.25,"c3":0.75},{"time":4.3667}],"scale":[{"curve":"stepped"},{"time":0.1667,"curve":"stepped"},{"time":0.4,"curve":"stepped"},{"time":0.5,"curve":"stepped"},{"time":0.7333,"curve":"stepped"},{"time":1.2333,"curve":"stepped"},{"time":1.7333,"curve":"stepped"},{"time":2.2333,"curve":"stepped"},{"time":2.7333,"curve":"stepped"},{"time":3.4,"curve":"stepped"},{"time":3.8667,"curve":"stepped"},{"time":4.3667}]},"arm2_left":{"rotate":[{"curve":0.25,"c3":0.385},{"time":0.1667,"angle":21.6,"curve":0.25,"c3":0.75},{"time":0.4,"curve":0.25,"c3":0.376},{"time":0.5,"angle":10.08,"curve":0.25,"c3":0.75},{"time":0.7333,"curve":0.25,"c3":0.75},{"time":1.2333,"angle":32.86,"curve":1,"c2":-0.1,"c4":0.7},{"time":1.7333,"angle":-27.59,"curve":0,"c2":0.34,"c3":0.75},{"time":2.2333,"angle":-17.21,"curve":0.972,"c3":0.985,"c4":0.58},{"time":2.7333,"angle":-50.71,"curve":0.25,"c3":0.75},{"time":3.4,"angle":-39.39,"curve":1,"c4":0.26},{"time":3.5333,"angle":-27.67,"curve":0.432,"c3":0.757,"c4":0.31},{"time":3.7,"angle":6.84,"curve":0.474,"c2":0.21,"c3":0.789,"c4":0.54},{"time":3.8667,"angle":-9.15,"curve":0.25,"c3":0.75},{"time":4.3667}],"translate":[{"curve":"stepped"},{"time":0.1667,"curve":"stepped"},{"time":0.4,"curve":"stepped"},{"time":0.5,"curve":"stepped"},{"time":0.7333,"curve":"stepped"},{"time":1.2333,"curve":1,"c2":-0.1,"c4":0.7},{"time":1.7333,"x":0.12,"curve":"stepped"},{"time":2.2333,"x":0.12,"curve":0.972,"c3":0.985,"c4":0.58},{"time":2.7333,"x":12.48,"y":0.17,"curve":"stepped"},{"time":3.4,"x":12.48,"y":0.17,"curve":1,"c4":0.26},{"time":3.5333,"x":32.54,"y":2.46,"curve":0.571,"c3":0.857,"c4":0.29},{"time":3.8667,"x":31.37,"y":2.38,"curve":0.25,"c3":0.75},{"time":4.3667}],"scale":[{"curve":"stepped"},{"time":0.1667,"curve":"stepped"},{"time":0.4,"curve":"stepped"},{"time":0.5,"curve":"stepped"},{"time":0.7333,"curve":"stepped"},{"time":1.2333,"curve":"stepped"},{"time":1.7333,"curve":"stepped"},{"time":2.2333,"curve":"stepped"},{"time":2.7333,"curve":"stepped"},{"time":3.4,"curve":"stepped"},{"time":3.8667,"curve":"stepped"},{"time":4.3667}]},"hand_left":{"rotate":[{"curve":0.25,"c3":0.385},{"time":0.1667,"angle":15.98,"curve":0.25,"c3":0.75},{"time":0.4,"curve":0.25,"c3":0.376},{"time":0.5,"angle":10.08,"curve":0.25,"c3":0.75},{"time":0.7333,"curve":"stepped"},{"time":1.2333,"curve":1,"c2":-0.1,"c4":0.7},{"time":1.7333,"angle":13.16,"curve":0,"c2":0.34,"c3":0.75},{"time":2.2333,"angle":20.65,"curve":0.972,"c3":0.985,"c4":0.58},{"time":2.7333,"angle":0.65,"curve":"stepped"},{"time":3.4,"angle":0.65,"curve":0.093,"c2":0.58,"c3":0.34},{"time":3.8667,"curve":"stepped"},{"time":4.3667}],"translate":[{"curve":"stepped"},{"time":0.1667,"curve":"stepped"},{"time":0.4,"curve":"stepped"},{"time":0.5,"curve":"stepped"},{"time":0.7333,"curve":"stepped"},{"time":1.2333,"curve":1,"c2":-0.1,"c4":0.7},{"time":1.7333,"x":-15.38,"y":1.84,"curve":"stepped"},{"time":2.2333,"x":-15.38,"y":1.84,"curve":0.972,"c3":0.985,"c4":0.58},{"time":2.7333,"x":-0.76,"y":0.09,"curve":"stepped"},{"time":3.4,"x":-0.76,"y":0.09,"curve":0.093,"c2":0.58,"c3":0.34},{"time":3.8667,"curve":"stepped"},{"time":4.3667}],"scale":[{"curve":"stepped"},{"time":0.1667,"curve":"stepped"},{"time":0.4,"curve":"stepped"},{"time":0.5,"curve":"stepped"},{"time":0.7333,"curve":"stepped"},{"time":1.2333,"curve":"stepped"},{"time":1.7333,"curve":"stepped"},{"time":2.2333,"curve":"stepped"},{"time":2.7333,"curve":"stepped"},{"time":3.4,"curve":"stepped"},{"time":3.8667,"curve":"stepped"},{"time":4.3667}]},"arm1_right":{"rotate":[{"curve":0.25,"c3":0.385},{"time":0.1667,"angle":-15.33,"curve":0.25,"c3":0.75},{"time":0.4,"curve":0.25,"c3":0.376},{"time":0.5,"angle":-16.44,"curve":0.25,"c3":0.75},{"time":0.7333,"curve":0.25,"c3":0.75},{"time":1.2333,"angle":-27.43,"curve":1,"c2":-0.1,"c4":0.7},{"time":1.7333,"angle":139.21,"curve":0,"c2":0.34,"c3":0.75},{"time":2.2333,"angle":-235.53,"curve":0.972,"c3":0.985,"c4":0.58},{"time":2.7333,"angle":43.69,"curve":"stepped"},{"time":3.4,"angle":43.69,"curve":1,"c4":0.26},{"time":3.5333,"angle":-300.39,"curve":0.432,"c3":0.757,"c4":0.31},{"time":3.7,"angle":-331.02,"curve":0.474,"c2":0.21,"c3":0.789,"c4":0.54},{"time":3.8667,"angle":-330.19,"curve":0.25,"c3":0.75},{"time":4.3667}],"translate":[{"curve":"stepped"},{"time":0.1667,"curve":"stepped"},{"time":0.4,"curve":"stepped"},{"time":0.5,"curve":0.25,"c3":0.75},{"time":0.7333,"x":16.75,"y":20.22,"curve":0.25,"c3":0.75},{"time":1.2333,"x":60.32,"y":46.47,"curve":1,"c2":-0.1,"c4":0.7},{"time":1.7333,"x":61.1,"y":-45.79,"curve":"stepped"},{"time":2.2333,"x":61.1,"y":-45.79,"curve":0.972,"c3":0.985,"c4":0.58},{"time":2.7333,"x":-40.89,"y":2.87,"curve":"stepped"},{"time":3.4,"x":-40.89,"y":2.87,"curve":"stepped"},{"time":3.5333,"x":-40.89,"y":2.87,"curve":0.571,"c3":0.857,"c4":0.29},{"time":3.8667,"x":-39.42,"y":2.77,"curve":0.25,"c3":0.75},{"time":4.3667}],"scale":[{"curve":"stepped"},{"time":0.1667,"curve":"stepped"},{"time":0.4,"curve":"stepped"},{"time":0.5,"curve":"stepped"},{"time":0.7333,"curve":"stepped"},{"time":1.2333,"curve":"stepped"},{"time":1.7333,"curve":"stepped"},{"time":2.2333,"curve":"stepped"},{"time":2.7333,"curve":"stepped"},{"time":3.4,"curve":"stepped"},{"time":3.8667,"curve":"stepped"},{"time":4.3667}]},"arm2_right":{"rotate":[{"curve":0.25,"c3":0.385},{"time":0.1667,"angle":19.47,"curve":0.25,"c3":0.75},{"time":0.4,"curve":0.25,"c3":0.376},{"time":0.5,"angle":26.17,"curve":0.25,"c3":0.75},{"time":0.7333,"angle":16.14,"curve":0.25,"c3":0.75},{"time":1.2333,"angle":38.55,"curve":1,"c2":-0.1,"c4":0.7},{"time":1.7333,"angle":-16,"curve":0,"c2":0.34,"c3":0.75},{"time":2.2333,"angle":0.83,"curve":0.972,"c3":0.985,"c4":0.58},{"time":2.7333,"angle":-37.97,"curve":0.25,"c3":0.75},{"time":3.4,"angle":-22.38,"curve":1,"c4":0.26},{"time":3.5333,"angle":-44.87,"curve":0.432,"c3":0.757,"c4":0.31},{"time":3.7,"angle":-11.85,"curve":0.474,"c2":0.21,"c3":0.789,"c4":0.54},{"time":3.8667,"angle":-21.68,"curve":0.25,"c3":0.75},{"time":4.3667}],"translate":[{"curve":"stepped"},{"time":0.1667,"curve":"stepped"},{"time":0.4,"curve":"stepped"},{"time":0.5,"curve":"stepped"},{"time":0.7333,"curve":"stepped"},{"time":1.2333,"curve":1,"c2":-0.1,"c4":0.7},{"time":1.7333,"x":0.01,"y":-0.33,"curve":"stepped"},{"time":2.2333,"x":0.01,"y":-0.33,"curve":0.972,"c3":0.985,"c4":0.58},{"time":2.7333,"x":1.41,"y":-35.12,"curve":"stepped"},{"time":3.4,"x":1.41,"y":-35.12,"curve":0.402,"c2":0.6,"c3":0.771},{"time":3.7,"x":1.67,"y":-41.65,"curve":0.474,"c2":0.31,"c3":0.789,"c4":0.64},{"time":3.8667,"curve":"stepped"},{"time":4.3667}],"scale":[{"curve":"stepped"},{"time":0.1667,"curve":"stepped"},{"time":0.4,"curve":"stepped"},{"time":0.5,"curve":"stepped"},{"time":0.7333,"curve":"stepped"},{"time":1.2333,"curve":"stepped"},{"time":1.7333,"curve":"stepped"},{"time":2.2333,"curve":"stepped"},{"time":2.7333,"curve":"stepped"},{"time":3.4,"curve":"stepped"},{"time":3.8667,"curve":"stepped"},{"time":4.3667}]},"hand_right":{"rotate":[{"curve":0.25,"c3":0.385},{"time":0.1667,"angle":12.3,"curve":0.25,"c3":0.75},{"time":0.4,"curve":0.25,"c3":0.376},{"time":0.5,"angle":13.03,"curve":0.25,"c3":0.75},{"time":0.7333,"angle":18.37,"curve":"stepped"},{"time":1.2333,"angle":18.37,"curve":1,"c2":-0.1,"c4":0.7},{"time":1.7333,"angle":26.78,"curve":0,"c2":0.34,"c3":0.75},{"time":2.2333,"angle":33.19,"curve":0.972,"c3":0.985,"c4":0.58},{"time":2.7333,"angle":24.6,"curve":"stepped"},{"time":3.4,"angle":24.6,"curve":0.562,"c2":0.29,"c3":0.838,"c4":0.63},{"time":3.5333,"angle":13.79,"curve":0.453,"c2":0.32,"c3":0.746,"c4":0.66},{"time":3.8667,"angle":8.03,"curve":0.25,"c3":0.75},{"time":4.3667}],"translate":[{"curve":"stepped"},{"time":0.1667,"curve":"stepped"},{"time":0.4,"curve":"stepped"},{"time":0.5,"curve":"stepped"},{"time":0.7333,"curve":"stepped"},{"time":1.2333,"curve":1,"c2":-0.1,"c4":0.7},{"time":1.7333,"x":-4.45,"y":51.27,"curve":"stepped"},{"time":2.2333,"x":-4.45,"y":51.27,"curve":0.972,"c3":0.985,"c4":0.58},{"time":2.7333,"x":-4.34,"y":50.04,"curve":"stepped"},{"time":3.4,"x":-4.34,"y":50.04,"curve":0.704,"c2":0.26,"c3":0.892,"c4":0.62},{"time":3.8667,"x":-3.15,"y":36.34,"curve":0.25,"c3":0.75},{"time":4.3667}],"scale":[{"curve":"stepped"},{"time":0.1667,"curve":"stepped"},{"time":0.4,"curve":"stepped"},{"time":0.5,"curve":"stepped"},{"time":0.7333,"curve":"stepped"},{"time":1.2333,"curve":"stepped"},{"time":1.7333,"curve":"stepped"},{"time":2.2333,"curve":"stepped"},{"time":2.7333,"curve":"stepped"},{"time":3.4,"curve":"stepped"},{"time":3.8667,"curve":"stepped"},{"time":4.3667}]},"leg1_left2":{"rotate":[{"curve":"stepped"},{"time":0.2333,"curve":"stepped"},{"time":0.4,"curve":"stepped"},{"time":0.5667,"curve":"stepped"},{"time":0.7333,"curve":"stepped"},{"time":1.2333,"curve":"stepped"},{"time":1.7333,"curve":"stepped"},{"time":2.2333,"curve":"stepped"},{"time":2.7333,"curve":"stepped"},{"time":3.2333,"curve":"stepped"},{"time":3.7,"curve":"stepped"},{"time":4.2}],"translate":[{"curve":1,"c3":0.75},{"time":0.2333,"x":-183.49},{"time":0.4,"x":-171.25},{"time":0.5667,"x":-422.13,"y":-3.46,"curve":"stepped"},{"time":0.7333,"x":-422.13,"y":-3.46,"curve":"stepped"},{"time":1.2333,"x":-422.13,"y":-3.46,"curve":0.474,"c2":-0.22,"c3":0.789,"c4":0.23},{"time":1.7333,"x":-414.68,"y":-3.61,"curve":0,"c2":0.63,"c3":0.199},{"time":2.2333,"x":567.12,"y":1285.5,"curve":0.594,"c3":0.871,"c4":0.29},{"time":2.5,"x":562.24,"y":1073.2,"curve":0.357,"c2":0.08,"c3":0.475,"c4":0.96},{"time":2.7333,"x":459.28,"y":-20.76,"curve":"stepped"},{"time":3.2333,"x":459.28,"y":-20.76,"curve":"stepped"},{"time":3.3667,"x":459.28,"y":-20.76,"curve":0.692,"c3":0.923,"c4":0.28},{"time":3.7,"x":62.26,"y":5.15,"curve":0.25,"c3":0.75},{"time":4.2}],"scale":[{"curve":"stepped"},{"time":0.2333,"curve":"stepped"},{"time":0.4,"curve":"stepped"},{"time":0.5667,"curve":"stepped"},{"time":0.7333,"curve":"stepped"},{"time":1.2333,"curve":"stepped"},{"time":1.7333,"curve":"stepped"},{"time":2.2333,"curve":"stepped"},{"time":2.7333,"curve":"stepped"},{"time":3.2333,"curve":"stepped"},{"time":3.7,"curve":"stepped"},{"time":4.2}]},"leg1_left":{"rotate":[{"curve":"stepped"},{"time":0.2333,"curve":"stepped"},{"time":0.4,"curve":"stepped"},{"time":0.5667,"curve":"stepped"},{"time":0.7333,"curve":"stepped"},{"time":1.2333,"curve":"stepped"},{"time":1.7333,"curve":"stepped"},{"time":2.2333,"curve":"stepped"},{"time":2.7333,"curve":"stepped"},{"time":3.2333,"curve":"stepped"},{"time":3.7,"curve":"stepped"},{"time":4.2}],"translate":[{"curve":"stepped"},{"time":0.2333,"curve":"stepped"},{"time":0.4,"curve":"stepped"},{"time":0.5667,"curve":"stepped"},{"time":0.7333,"curve":"stepped"},{"time":1.2333,"curve":"stepped"},{"time":1.7333,"curve":"stepped"},{"time":2.2333,"curve":"stepped"},{"time":2.7333,"curve":"stepped"},{"time":3.2333,"curve":"stepped"},{"time":3.7,"curve":"stepped"},{"time":4.2}],"scale":[{"curve":"stepped"},{"time":0.2333,"curve":"stepped"},{"time":0.4,"curve":"stepped"},{"time":0.5667,"curve":"stepped"},{"time":0.7333,"curve":"stepped"},{"time":1.2333,"curve":"stepped"},{"time":1.7333,"curve":"stepped"},{"time":2.2333,"curve":"stepped"},{"time":2.7333,"curve":"stepped"},{"time":3.2333,"curve":"stepped"},{"time":3.7,"curve":"stepped"},{"time":4.2}]},"leg2_left":{"rotate":[{"curve":"stepped"},{"time":0.2333,"curve":"stepped"},{"time":0.4,"curve":"stepped"},{"time":0.5667,"curve":"stepped"},{"time":0.7333,"curve":"stepped"},{"time":1.2333,"curve":"stepped"},{"time":1.7333,"curve":"stepped"},{"time":2.2333,"curve":"stepped"},{"time":2.7333,"curve":"stepped"},{"time":3.2333,"curve":"stepped"},{"time":3.7,"curve":"stepped"},{"time":4.2}],"translate":[{"curve":"stepped"},{"time":0.2333,"curve":"stepped"},{"time":0.4,"curve":"stepped"},{"time":0.5667,"curve":"stepped"},{"time":0.7333,"curve":"stepped"},{"time":1.2333,"curve":"stepped"},{"time":1.7333,"curve":"stepped"},{"time":2.2333,"curve":"stepped"},{"time":2.7333,"curve":"stepped"},{"time":3.2333,"curve":"stepped"},{"time":3.7,"curve":"stepped"},{"time":4.2}],"scale":[{"curve":"stepped"},{"time":0.2333,"curve":"stepped"},{"time":0.4,"curve":"stepped"},{"time":0.5667,"curve":"stepped"},{"time":0.7333,"curve":"stepped"},{"time":1.2333,"curve":"stepped"},{"time":1.7333,"curve":"stepped"},{"time":2.2333,"curve":"stepped"},{"time":2.7333,"curve":"stepped"},{"time":3.2333,"curve":"stepped"},{"time":3.7,"curve":"stepped"},{"time":4.2}]},"leg2_left2":{"rotate":[{"curve":"stepped"},{"time":0.2333,"curve":"stepped"},{"time":0.4,"curve":"stepped"},{"time":0.5667,"curve":"stepped"},{"time":0.7333,"curve":"stepped"},{"time":1.2333,"curve":"stepped"},{"time":1.7333,"curve":"stepped"},{"time":2.2333,"curve":"stepped"},{"time":2.7333,"curve":"stepped"},{"time":3.2333,"curve":"stepped"},{"time":3.7,"curve":"stepped"},{"time":4.2}],"translate":[{"curve":1,"c3":0.75},{"time":0.2333,"x":-183.49},{"time":0.4,"x":-171.25},{"time":0.5667,"x":-422.13,"y":-3.46,"curve":"stepped"},{"time":0.7333,"x":-422.13,"y":-3.46,"curve":"stepped"},{"time":1.2333,"x":-422.13,"y":-3.46,"curve":0.474,"c2":-0.22,"c3":0.789,"c4":0.23},{"time":1.7333,"x":-414.68,"y":-3.61,"curve":0,"c2":0.63,"c3":0.199},{"time":2.2333,"x":540.47,"y":1212.22,"curve":0.594,"c3":0.871,"c4":0.29},{"time":2.5,"x":536.8,"y":1003.24,"curve":0.357,"c2":0.08,"c3":0.475,"c4":0.96},{"time":2.7333,"x":459.28,"y":-20.76,"curve":"stepped"},{"time":3.2333,"x":459.28,"y":-20.76,"curve":"stepped"},{"time":3.3667,"x":459.28,"y":-20.76,"curve":0.692,"c3":0.923,"c4":0.28},{"time":3.7,"x":62.26,"y":5.15,"curve":0.25,"c3":0.75},{"time":4.2}],"scale":[{"curve":"stepped"},{"time":0.2333,"curve":"stepped"},{"time":0.4,"curve":"stepped"},{"time":0.5667,"curve":"stepped"},{"time":0.7333,"curve":"stepped"},{"time":1.2333,"curve":"stepped"},{"time":1.7333,"curve":"stepped"},{"time":2.2333,"curve":"stepped"},{"time":2.7333,"curve":"stepped"},{"time":3.2333,"curve":"stepped"},{"time":3.7,"curve":"stepped"},{"time":4.2}]},"foot_left":{"rotate":[{"curve":"stepped"},{"time":0.2333,"curve":"stepped"},{"time":0.4,"curve":"stepped"},{"time":0.5667,"curve":"stepped"},{"time":0.7333,"curve":"stepped"},{"time":1.2333,"curve":"stepped"},{"time":1.7333,"curve":"stepped"},{"time":2.2333,"curve":"stepped"},{"time":2.7333,"curve":"stepped"},{"time":3.2333,"curve":"stepped"},{"time":3.7,"curve":"stepped"},{"time":4.2}],"translate":[{"curve":"stepped"},{"time":0.2333,"curve":"stepped"},{"time":0.4,"curve":"stepped"},{"time":0.5667,"curve":"stepped"},{"time":0.7333,"curve":"stepped"},{"time":1.2333,"curve":"stepped"},{"time":1.7333,"curve":"stepped"},{"time":2.2333,"curve":"stepped"},{"time":2.7333,"curve":"stepped"},{"time":3.2333,"curve":"stepped"},{"time":3.7,"curve":"stepped"},{"time":4.2}],"scale":[{"curve":"stepped"},{"time":0.2333,"curve":"stepped"},{"time":0.4,"curve":"stepped"},{"time":0.5667,"curve":"stepped"},{"time":0.7333,"curve":"stepped"},{"time":1.2333,"curve":"stepped"},{"time":1.7333,"curve":"stepped"},{"time":2.2333,"curve":"stepped"},{"time":2.7333,"curve":"stepped"},{"time":3.2333,"curve":"stepped"},{"time":3.7,"curve":"stepped"},{"time":4.2}]},"leg1_right2":{"rotate":[{"curve":"stepped"},{"time":0.2333,"curve":"stepped"},{"time":0.4,"curve":"stepped"},{"time":0.5667,"curve":"stepped"},{"time":0.7333,"curve":"stepped"},{"time":1.2333,"curve":"stepped"},{"time":1.7333,"curve":"stepped"},{"time":2.2333,"curve":"stepped"},{"time":2.7333,"curve":"stepped"},{"time":3.2333,"curve":"stepped"},{"time":3.7,"curve":"stepped"},{"time":4.2}],"translate":[{"curve":0.361,"c3":0.693,"c4":0.35},{"time":0.2333,"x":-7.6,"y":-10.39,"curve":0.363,"c2":0.23,"c3":0.695,"c4":0.57},{"time":0.4,"x":-297.73,"curve":0.365,"c2":0.28,"c3":0.697,"c4":0.61},{"time":0.5667,"x":-291.02,"curve":0.863,"c2":0.27,"c3":0.636},{"time":0.7333,"x":-460.66,"y":-13.85,"curve":"stepped"},{"time":1.2333,"x":-460.66,"y":-13.85,"curve":0.474,"c2":-0.22,"c3":0.789,"c4":0.23},{"time":1.7333,"x":-452.91,"y":-13.79,"curve":0,"c2":0.63,"c3":0.199},{"time":2.2333,"x":495.59,"y":1393.23,"curve":0.594,"c3":0.871,"c4":0.29},{"time":2.5,"x":493.78,"y":1176.69,"curve":0.357,"c2":0.08,"c3":0.475,"c4":0.96},{"time":2.7333,"x":455.56,"y":-6.86,"curve":"stepped"},{"time":3.2333,"x":455.56,"y":-6.86,"curve":"stepped"},{"time":3.3667,"x":455.56,"y":-6.86,"curve":0.474,"c3":0.789,"c4":0.3},{"time":3.5333,"x":168.27,"y":-24.06,"curve":0.474,"c2":0.24,"c3":0.789,"c4":0.57},{"time":3.7,"x":157.26,"y":-22.49,"curve":0.25,"c3":0.75},{"time":4.2}],"scale":[{"curve":"stepped"},{"time":0.2333,"curve":"stepped"},{"time":0.4,"curve":"stepped"},{"time":0.5667,"curve":"stepped"},{"time":0.7333,"curve":"stepped"},{"time":1.2333,"curve":"stepped"},{"time":1.7333,"curve":"stepped"},{"time":2.2333,"curve":"stepped"},{"time":2.7333,"curve":"stepped"},{"time":3.2333,"curve":"stepped"},{"time":3.7,"curve":"stepped"},{"time":4.2}]},"leg1_right":{"rotate":[{"curve":"stepped"},{"time":0.2333,"curve":"stepped"},{"time":0.4,"curve":"stepped"},{"time":0.5667,"curve":"stepped"},{"time":0.7333,"curve":"stepped"},{"time":1.2333,"curve":"stepped"},{"time":1.7333,"curve":"stepped"},{"time":2.7333,"curve":"stepped"},{"time":3.2333,"curve":"stepped"},{"time":3.7,"curve":"stepped"},{"time":4.2}],"translate":[{"curve":"stepped"},{"time":0.2333,"curve":"stepped"},{"time":0.4,"curve":"stepped"},{"time":0.5667,"curve":"stepped"},{"time":0.7333,"curve":"stepped"},{"time":1.2333,"curve":"stepped"},{"time":1.7333,"curve":"stepped"},{"time":2.7333,"curve":"stepped"},{"time":3.2333,"curve":"stepped"},{"time":3.7,"curve":"stepped"},{"time":4.2}],"scale":[{"curve":"stepped"},{"time":0.2333,"curve":"stepped"},{"time":0.4,"curve":"stepped"},{"time":0.5667,"curve":"stepped"},{"time":0.7333,"curve":"stepped"},{"time":1.2333,"curve":"stepped"},{"time":1.7333,"curve":"stepped"},{"time":2.7333,"curve":"stepped"},{"time":3.2333,"curve":"stepped"},{"time":3.7,"curve":"stepped"},{"time":4.2}]},"leg2_right":{"rotate":[{"curve":"stepped"},{"time":0.2333,"curve":"stepped"},{"time":0.4,"curve":"stepped"},{"time":0.5667,"curve":"stepped"},{"time":0.7333,"curve":"stepped"},{"time":1.2333,"curve":"stepped"},{"time":1.7333,"curve":"stepped"},{"time":2.7333,"curve":"stepped"},{"time":3.2333,"curve":"stepped"},{"time":3.7,"curve":"stepped"},{"time":4.2}],"translate":[{"curve":"stepped"},{"time":0.2333,"curve":"stepped"},{"time":0.4,"curve":"stepped"},{"time":0.5667,"curve":"stepped"},{"time":0.7333,"curve":"stepped"},{"time":1.2333,"curve":"stepped"},{"time":1.7333,"curve":"stepped"},{"time":2.7333,"curve":"stepped"},{"time":3.2333,"curve":"stepped"},{"time":3.7,"curve":"stepped"},{"time":4.2}],"scale":[{"curve":"stepped"},{"time":0.2333,"curve":"stepped"},{"time":0.4,"curve":"stepped"},{"time":0.5667,"curve":"stepped"},{"time":0.7333,"curve":"stepped"},{"time":1.2333,"curve":"stepped"},{"time":1.7333,"curve":"stepped"},{"time":2.7333,"curve":"stepped"},{"time":3.2333,"curve":"stepped"},{"time":3.7,"curve":"stepped"},{"time":4.2}]},"leg2_right2":{"rotate":[{"curve":"stepped"},{"time":0.2333,"curve":"stepped"},{"time":0.4,"curve":"stepped"},{"time":0.5667,"curve":"stepped"},{"time":0.7333,"curve":"stepped"},{"time":1.2333,"curve":"stepped"},{"time":1.7333,"curve":"stepped"},{"time":2.2333,"curve":"stepped"},{"time":2.7333,"curve":"stepped"},{"time":3.2333,"curve":"stepped"},{"time":3.7,"curve":"stepped"},{"time":4.2}],"translate":[{"curve":0.361,"c3":0.693,"c4":0.35},{"time":0.2333,"x":-7.6,"y":-10.39,"curve":0.363,"c2":0.23,"c3":0.695,"c4":0.57},{"time":0.4,"x":-297.73,"curve":0.365,"c2":0.28,"c3":0.697,"c4":0.61},{"time":0.5667,"x":-291.02,"curve":0.863,"c2":0.27,"c3":0.636},{"time":0.7333,"x":-460.66,"y":-13.85,"curve":"stepped"},{"time":1.2333,"x":-460.66,"y":-13.85,"curve":0.474,"c2":-0.22,"c3":0.789,"c4":0.23},{"time":1.7333,"x":-452.91,"y":-13.79,"curve":0,"c2":0.63,"c3":0.199},{"time":2.2333,"x":702.11,"y":1240.01,"curve":0.594,"c3":0.871,"c4":0.29},{"time":2.5,"x":690.96,"y":1030.39,"curve":0.357,"c2":0.08,"c3":0.475,"c4":0.96},{"time":2.7333,"x":455.56,"y":-6.86,"curve":"stepped"},{"time":3.2333,"x":455.56,"y":-6.86,"curve":"stepped"},{"time":3.3667,"x":455.56,"y":-6.86,"curve":0.474,"c3":0.789,"c4":0.3},{"time":3.5333,"x":168.27,"y":-24.06,"curve":0.474,"c2":0.24,"c3":0.789,"c4":0.57},{"time":3.7,"x":157.26,"y":-22.49,"curve":0.25,"c3":0.75},{"time":4.2}],"scale":[{"curve":"stepped"},{"time":0.2333,"curve":"stepped"},{"time":0.4,"curve":"stepped"},{"time":0.5667,"curve":"stepped"},{"time":0.7333,"curve":"stepped"},{"time":1.2333,"curve":"stepped"},{"time":1.7333,"curve":"stepped"},{"time":2.2333,"curve":"stepped"},{"time":2.7333,"curve":"stepped"},{"time":3.2333,"curve":"stepped"},{"time":3.7,"curve":"stepped"},{"time":4.2}]},"foot_right":{"rotate":[{"curve":"stepped"},{"time":0.2333,"curve":"stepped"},{"time":0.4,"curve":"stepped"},{"time":0.5667,"curve":"stepped"},{"time":0.7333,"curve":"stepped"},{"time":1.2333,"curve":"stepped"},{"time":1.7333,"curve":"stepped"},{"time":2.7333,"curve":"stepped"},{"time":3.2333,"curve":"stepped"},{"time":3.7,"curve":"stepped"},{"time":4.2}],"translate":[{"curve":"stepped"},{"time":0.2333,"curve":"stepped"},{"time":0.4,"curve":"stepped"},{"time":0.5667,"curve":"stepped"},{"time":0.7333,"curve":"stepped"},{"time":1.2333,"curve":"stepped"},{"time":1.7333,"curve":"stepped"},{"time":2.7333,"curve":"stepped"},{"time":3.2333,"curve":"stepped"},{"time":3.7,"curve":"stepped"},{"time":4.2}],"scale":[{"curve":"stepped"},{"time":0.2333,"curve":"stepped"},{"time":0.4,"curve":"stepped"},{"time":0.5667,"curve":"stepped"},{"time":0.7333,"curve":"stepped"},{"time":1.2333,"curve":"stepped"},{"time":1.7333,"curve":"stepped"},{"time":2.7333,"curve":"stepped"},{"time":3.2333,"curve":"stepped"},{"time":3.7,"curve":"stepped"},{"time":4.2}]},"bone":{"rotate":[{"time":1.7333,"curve":"stepped"},{"time":2.2333,"curve":"stepped"},{"time":2.7333,"curve":"stepped"},{"time":3.4}],"translate":[{"time":1.7333,"curve":"stepped"},{"time":2.2333,"curve":"stepped"},{"time":2.7333,"curve":"stepped"},{"time":3.4}],"scale":[{"time":1.7333,"curve":"stepped"},{"time":2.2333,"curve":"stepped"},{"time":2.7333,"curve":"stepped"},{"time":3.4}]},"bone6":{"rotate":[{"time":1.7333,"curve":"stepped"},{"time":2.2333,"curve":"stepped"},{"time":2.7333,"curve":"stepped"},{"time":3.4}],"translate":[{"time":1.7333,"curve":"stepped"},{"time":2.2333,"curve":"stepped"},{"time":2.7333,"curve":"stepped"},{"time":3.4}],"scale":[{"time":1.7333,"curve":"stepped"},{"time":2.2333,"curve":"stepped"},{"time":2.7333,"curve":"stepped"},{"time":3.4}]},"bone7":{"rotate":[{"time":1.7333,"curve":"stepped"},{"time":2.2333,"curve":"stepped"},{"time":2.7333,"curve":"stepped"},{"time":3.4}],"translate":[{"time":1.7333,"curve":"stepped"},{"time":2.2333,"curve":"stepped"},{"time":2.7333,"curve":"stepped"},{"time":3.4}],"scale":[{"time":1.7333,"curve":"stepped"},{"time":2.2333,"curve":"stepped"},{"time":2.7333,"curve":"stepped"},{"time":3.4}]},"bone8":{"rotate":[{"time":1.7333,"curve":"stepped"},{"time":2.2333,"curve":"stepped"},{"time":2.7333,"curve":"stepped"},{"time":3.2333}],"translate":[{"time":1.7333,"curve":"stepped"},{"time":2.2333,"curve":"stepped"},{"time":2.7333,"curve":"stepped"},{"time":3.2333}],"scale":[{"time":1.7333,"curve":"stepped"},{"time":2.2333,"curve":"stepped"},{"time":2.7333,"curve":"stepped"},{"time":3.2333}]},"bone9":{"rotate":[{"time":1.7333,"curve":"stepped"},{"time":2.2333,"curve":"stepped"},{"time":2.7333,"curve":"stepped"},{"time":3.2333}],"translate":[{"time":1.7333,"curve":"stepped"},{"time":2.2333,"curve":"stepped"},{"time":2.7333,"curve":"stepped"},{"time":3.2333}],"scale":[{"time":1.7333,"curve":"stepped"},{"time":2.2333,"curve":"stepped"},{"time":2.7333,"curve":"stepped"},{"time":3.2333}]},"bone10":{"rotate":[{"time":1.7333,"curve":"stepped"},{"time":2.2333,"curve":"stepped"},{"time":2.7333,"curve":"stepped"},{"time":3.2333}],"translate":[{"time":1.7333,"curve":"stepped"},{"time":2.2333,"curve":"stepped"},{"time":2.7333,"curve":"stepped"},{"time":3.2333}],"scale":[{"time":1.7333,"curve":"stepped"},{"time":2.2333,"curve":"stepped"},{"time":2.7333,"curve":"stepped"},{"time":3.2333}]},"bone11":{"rotate":[{"time":1.7333,"curve":"stepped"},{"time":2.2333,"curve":"stepped"},{"time":2.7333,"curve":"stepped"},{"time":3.2333}],"translate":[{"time":1.7333,"curve":"stepped"},{"time":2.2333,"curve":"stepped"},{"time":2.7333,"curve":"stepped"},{"time":3.2333}],"scale":[{"time":1.7333,"curve":"stepped"},{"time":2.2333,"curve":"stepped"},{"time":2.7333,"curve":"stepped"},{"time":3.2333}]},"fire":{"rotate":[{"time":1.7333,"curve":"stepped"},{"time":2.2333,"curve":"stepped"},{"time":2.7333,"curve":"stepped"},{"time":3.2333}],"translate":[{"time":1.7333,"curve":"stepped"},{"time":2.2333,"curve":"stepped"},{"time":2.7333,"curve":"stepped"},{"time":3.2333}],"scale":[{"time":1.7333,"curve":"stepped"},{"time":2.2333,"curve":"stepped"},{"time":2.7333,"curve":"stepped"},{"time":3.2333}]},"fire2":{"rotate":[{"time":1.7333,"curve":"stepped"},{"time":2.2333,"curve":"stepped"},{"time":2.7333,"curve":"stepped"},{"time":3.2333}],"translate":[{"time":1.7333,"curve":"stepped"},{"time":2.2333,"curve":"stepped"},{"time":2.7333,"curve":"stepped"},{"time":3.2333}],"scale":[{"time":1.7333,"curve":"stepped"},{"time":2.2333,"curve":"stepped"},{"time":2.7333,"curve":"stepped"},{"time":3.2333}]},"fire3":{"rotate":[{"time":1.7333,"curve":"stepped"},{"time":2.2333,"curve":"stepped"},{"time":2.7333,"curve":"stepped"},{"time":3.2333}],"translate":[{"time":1.7333,"curve":"stepped"},{"time":2.2333,"curve":"stepped"},{"time":2.7333,"curve":"stepped"},{"time":3.2333}],"scale":[{"time":1.7333,"curve":"stepped"},{"time":2.2333,"curve":"stepped"},{"time":2.7333,"curve":"stepped"},{"time":3.2333}]},"attack_effect":{"rotate":[{"time":1.7333,"curve":"stepped"},{"time":2.2333}],"translate":[{"time":1.7333,"curve":"stepped"},{"time":2.2333}],"scale":[{"time":1.7333,"curve":"stepped"},{"time":2.2333}]},"ground_effect":{"translate":[{"time":2.7,"x":687.78,"y":-55.39,"curve":"stepped"},{"time":3.5667,"x":687.78,"y":-55.39}],"scale":[{"time":2.7,"x":1.559,"y":1.432,"curve":0,"c2":0.76,"c3":0.669},{"time":3.5667,"x":1.72,"y":1.58}]},"fog":{"translate":[{"time":1.7333,"x":-1154,"y":73.86,"curve":"stepped"},{"time":1.8,"x":-1154,"y":73.86,"curve":"stepped"},{"time":2.5,"x":-1154,"y":73.86},{"time":2.7,"x":55.17,"y":59.42},{"time":2.8333,"x":55.17,"y":199.47},{"time":4,"x":55.17,"y":195.22}],"scale":[{"time":1.7333,"x":1.249,"y":1.249,"curve":0,"c2":0.34,"c3":0.75},{"time":1.8,"x":2.051,"y":2.051},{"time":2.5,"x":2.351,"y":2.351},{"time":2.7,"x":1.552,"y":1.552},{"time":2.8333,"x":2.656,"y":2.656},{"time":4,"x":3.106,"y":3.106}]},"speed":{"rotate":[{"time":1.7333,"angle":-162.45,"curve":"stepped"},{"time":2,"angle":-162.45},{"time":2.7333,"angle":46.98,"curve":"stepped"},{"time":3.1667,"angle":46.98}],"translate":[{"time":1.7333,"x":456.98,"y":992.44,"curve":0,"c2":0.34,"c3":0.75},{"time":2,"x":530.84,"y":1140.15},{"time":2.7333,"x":1786.39,"y":867.81,"curve":"stepped"},{"time":3.1667,"x":1786.39,"y":867.81}],"scale":[{"time":1.7333,"curve":0,"c2":0.34,"c3":0.75},{"time":2,"x":1.308,"y":1.308},{"time":2.7333,"x":2.035,"y":1.308,"curve":"stepped"},{"time":3.1667,"x":2.035,"y":1.308}]},"skill":{"translate":[{"time":2.8333,"x":1301.71,"y":36.93,"curve":"stepped"},{"time":4,"x":1301.71,"y":36.93}],"scale":[{"time":2.8333,"x":1.261,"y":1.261,"curve":"stepped"},{"time":4,"x":1.261,"y":1.261}]},"skill2":{"rotate":[{"time":2.9,"angle":-6.1,"curve":"stepped"},{"time":4,"angle":-6.1}],"translate":[{"time":2.9,"x":1652.53,"y":-13.85,"curve":"stepped"},{"time":4,"x":1652.53,"y":-13.85}],"scale":[{"time":2.9,"x":1.289,"curve":"stepped"},{"time":4,"x":1.289}]},"skill3":{"rotate":[{"time":2.9667,"angle":18.36,"curve":"stepped"},{"time":4,"angle":18.36}],"translate":[{"time":2.9667,"x":2123.36,"y":78.47,"curve":"stepped"},{"time":4,"x":2123.36,"y":78.47}]},"skill4":{"rotate":[{"time":3.0333,"angle":10.31,"curve":"stepped"},{"time":4,"angle":10.31}],"translate":[{"time":3.0333,"x":2400.32,"y":60.01,"curve":"stepped"},{"time":4,"x":2400.32,"y":60.01}],"scale":[{"time":3.0333,"x":1.296,"y":1.296,"curve":"stepped"},{"time":4,"x":1.296,"y":1.296}]},"skill5":{"translate":[{"time":3.1,"x":3125.03,"y":32.31,"curve":"stepped"},{"time":4,"x":3125.03,"y":32.31}],"scale":[{"time":3.1,"x":1.491,"y":1.491,"curve":"stepped"},{"time":4,"x":1.491,"y":1.491}]},"skill6":{"rotate":[{"time":3.1667,"angle":-5.23,"curve":"stepped"},{"time":4,"angle":-5.23}],"translate":[{"time":3.1667,"x":3443.54,"y":-27.7,"curve":"stepped"},{"time":4,"x":3443.54,"y":-27.7}],"scale":[{"time":3.1667,"x":1.306,"curve":"stepped"},{"time":4,"x":1.306}]},"skill7":{"translate":[{"time":3.2333,"x":4292.88,"curve":"stepped"},{"time":4,"x":4292.88}]},"fog2":{"translate":[{"time":2.8667,"x":1585.56,"y":26.65}],"scale":[{"time":2.8667,"x":1.234,"y":0.925},{"time":3,"x":2.014,"y":1.51},{"time":4.1667,"x":3.537,"y":2.05}]},"fog3":{"translate":[{"time":3.0667,"x":3044.53}],"scale":[{"time":3.0667},{"time":3.2,"x":3.444,"y":2.176},{"time":4.3667,"x":5.516,"y":3.198}]}},"ik":{"leg1_left":[{"time":1.7333,"bendPositive":false}],"leg1_right":[{"time":1.7333,"bendPositive":false}],"leg2_left":[{"time":1.7333}],"leg2_right":[{"time":1.7333}]}}}}