{"skeleton":{"hash":"lWwVffFgCwIIuQBFYmoAtITDYv8","spine":"3.8.76","x":-149.32,"y":-3.51,"width":253.22,"height":182.16,"images":"./images/","audio":""},"bones":[{"name":"root","rotation":-0.01,"scaleX":0.15,"scaleY":0.15},{"name":"body","parent":"root","length":409.73,"rotation":68.6,"x":-20.41,"y":482.7},{"name":"arm2_l","parent":"body","length":259.91,"rotation":101.5,"x":320.35,"y":86.78},{"name":"arm1_l","parent":"arm2_l","length":258.52,"rotation":89.56,"x":264.91,"y":11.34},{"name":"arm2_r","parent":"body","length":209.96,"rotation":-57.75,"x":431.2,"y":-78.33},{"name":"arm1_r","parent":"arm2_r","length":299.02,"rotation":-100.19,"x":210.68,"y":-5.39},{"name":"tail","parent":"body","length":81.69,"rotation":133.65,"x":-106.76,"y":65.21,"color":"e81800ff"},{"name":"bone2","parent":"tail","length":97.96,"rotation":-21.24,"x":96.66,"y":-4.27,"color":"e81800ff"},{"name":"bone3","parent":"bone2","length":78.54,"rotation":-11.09,"x":113.37,"y":-3.71,"color":"e81800ff"},{"name":"bone4","parent":"bone3","length":80.78,"rotation":-28.01,"x":96.66,"y":-3.76,"color":"e81800ff"},{"name":"bone5","parent":"bone4","length":99.44,"rotation":-33.79,"x":99.5,"y":-7.16,"color":"e81800ff"},{"name":"bone6","parent":"bone5","length":89.65,"rotation":-30.29,"x":119.58,"y":-4.78,"color":"e81800ff"},{"name":"bone7","parent":"bone6","length":83.62,"rotation":2.71,"x":104.54,"y":-3.82,"color":"e81800ff"},{"name":"bone8","parent":"bone7","length":68.43,"rotation":48.35,"x":96.33,"y":7.34,"color":"e81800ff"},{"name":"bone9","parent":"bone8","length":58.35,"rotation":37.49,"x":79.74,"y":8.54,"color":"e81800ff"},{"name":"bone10","parent":"bone9","length":60.36,"rotation":18.53,"x":71.71,"y":3.24,"color":"e81800ff"},{"name":"waist","parent":"body","x":-36.39,"y":-1.34},{"name":"manteau","parent":"waist","length":65.3,"rotation":-158.6,"x":-8.35,"y":-6.96,"color":"681e9cff"},{"name":"bone11","parent":"manteau","length":55.23,"rotation":5.36,"x":77.33,"y":-3.44,"color":"681e9cff"},{"name":"bone12","parent":"bone11","length":56.81,"rotation":-1.89,"x":65.33,"y":-2.67,"color":"681e9cff"},{"name":"bone13","parent":"bone12","length":60.17,"rotation":-1.83,"x":68.71,"y":-2.44,"color":"681e9cff"},{"name":"bone14","parent":"bone13","length":55.01,"rotation":0.15,"x":70.42,"y":-2.01,"color":"681e9cff"},{"name":"bone15","parent":"bone14","length":53.52,"rotation":3.74,"x":53.24,"y":-1.66,"color":"681e9cff"},{"name":"bone16","parent":"bone15","length":56.94,"rotation":-0.33,"x":54.9,"y":-3.59,"color":"681e9cff"},{"name":"effect_attack_1","parent":"root","length":954.24,"rotation":90.62,"x":78.36,"y":30.74},{"name":"effect_attack_2","parent":"root","x":-65.28,"y":5.09},{"name":"effect_attack_3","parent":"root","length":985.63,"rotation":60.37,"x":796.51,"y":5.09},{"name":"effect_attack_4","parent":"root","length":985.63,"rotation":60.37,"x":1191.06,"y":5.09},{"name":"effect_attack_5","parent":"root","length":985.63,"rotation":60.37,"x":1600.22,"y":5.09},{"name":"effect_attack_6","parent":"root","length":985.63,"rotation":60.37,"x":2043.48,"y":5.09},{"name":"effect_attack_7","parent":"root","length":985.63,"rotation":60.37,"x":2467.26,"y":5.09},{"name":"effect_sleep1","parent":"root","x":-6.98,"y":17.81},{"name":"effect_sleep2","parent":"root","length":426.93,"rotation":91.21,"x":72.45,"y":-18.26},{"name":"effect_sleep5","parent":"root","x":36.5,"y":561.34},{"name":"head","parent":"body","length":196.11,"rotation":-97.41,"x":398.75,"y":-19.07},{"name":"eye light","parent":"head","x":182.02,"y":-17.65},{"name":"fog","parent":"root","x":486.52,"y":-47.02},{"name":"fog2","parent":"root","x":486.52,"y":-47.02},{"name":"fog3","parent":"root","x":486.52,"y":-47.02},{"name":"fog4","parent":"root","x":486.52,"y":-47.02},{"name":"fog5","parent":"root","x":486.52,"y":-47.02},{"name":"fog6","parent":"root","x":486.52,"y":-47.02},{"name":"foot_left","parent":"root","x":-333.15,"y":97.78,"color":"ff3f00ff"},{"name":"leg2_l","parent":"body","length":184.52,"rotation":177.23,"x":-63,"y":71.28},{"name":"leg1_l","parent":"leg2_l","length":215.42,"rotation":-13.43,"x":206.74,"y":-6.35},{"name":"foot_left2","parent":"root","x":-305.66,"y":-1.88,"color":"ff3f00ff"},{"name":"foot_l","parent":"leg1_l","length":97.96,"rotation":60.94,"x":231.65,"y":-5.65},{"name":"foot_r2","parent":"root","x":211.57,"y":63.42,"color":"ff3f00ff"},{"name":"leg2_r","parent":"body","length":228.93,"rotation":-120.61,"x":-21.75,"y":-52.82},{"name":"leg1_r","parent":"leg2_r","length":199.24,"rotation":-22.99,"x":234.65,"y":-6.64},{"name":"foot_r3","parent":"root","x":299.21,"y":8.43,"color":"ff3f00ff"},{"name":"foot_r","parent":"leg1_r","length":99.64,"rotation":42.69,"x":203.9,"y":4.09},{"name":"hand_l","parent":"arm1_l","length":418.13,"rotation":30.78,"x":261.44,"y":-6.45},{"name":"hand_r","parent":"arm1_r","length":387.39,"rotation":-21.99,"x":314.48,"y":-0.18},{"name":"horn_l","parent":"body","length":392.82,"rotation":58.22,"x":354.49,"y":131.54},{"name":"horn_r","parent":"body","length":337.41,"rotation":-4.25,"x":463.65,"y":-137.59},{"name":"mouth","parent":"head","length":166.69,"rotation":-8.65,"x":44.49,"y":-173.6},{"name":"swing_l","parent":"root","length":1417.82,"rotation":100.21,"x":-198.66,"y":164.12},{"name":"swing_r","parent":"root","length":1333.52,"rotation":71.15,"x":334.86,"y":138.47},{"name":"wing_l","parent":"body","length":883.61,"rotation":103.24,"x":326.97,"y":74.61},{"name":"wing_r","parent":"body","length":559.47,"rotation":-41.56,"x":334.99,"y":-101.27}],"slots":[{"name":"effect_sleep5","bone":"effect_sleep5"},{"name":"wing_l","bone":"wing_r","attachment":"wing_l"},{"name":"wing_r","bone":"wing_l","attachment":"wing_r"},{"name":"horn_r","bone":"horn_r","attachment":"horn_r"},{"name":"horn_l","bone":"horn_l","attachment":"horn_l"},{"name":"tail","bone":"tail","attachment":"tail"},{"name":"leg2_l","bone":"leg2_l","attachment":"leg2_l"},{"name":"leg2_r","bone":"leg2_r","attachment":"leg2_r"},{"name":"leg1_l","bone":"leg1_l","attachment":"leg1_l"},{"name":"foot_l","bone":"foot_l","attachment":"foot_l"},{"name":"leg1_r","bone":"leg1_r","attachment":"leg1_r"},{"name":"foot_r","bone":"foot_r","attachment":"foot_r"},{"name":"manteau","bone":"manteau","attachment":"manteau"},{"name":"arm2_r","bone":"arm2_r","attachment":"arm2_r"},{"name":"body","bone":"body","attachment":"body"},{"name":"waist","bone":"waist","attachment":"waist"},{"name":"arm2_l","bone":"arm2_l","attachment":"arm2_l"},{"name":"arm1_l","bone":"arm1_l","attachment":"arm1_l"},{"name":"hand_l","bone":"hand_l","attachment":"hand_l"},{"name":"arm1_r","bone":"arm1_r","attachment":"arm1_r"},{"name":"hand_r","bone":"hand_r","attachment":"hand_r"},{"name":"face","bone":"head","attachment":"face"},{"name":"mouth","bone":"mouth","attachment":"mouth"},{"name":"Layer 136","bone":"eye light","attachment":"Layer 136"},{"name":"effect_swing_left","bone":"swing_l"},{"name":"effect_swing_right","bone":"swing_r"},{"name":"effect_attack1","bone":"effect_attack_1"},{"name":"effect_attack2","bone":"effect_attack_2"},{"name":"effect_attack3","bone":"effect_attack_3"},{"name":"effect_attack4","bone":"effect_attack_4"},{"name":"effect_attack5","bone":"effect_attack_5"},{"name":"effect_attack6","bone":"effect_attack_6"},{"name":"effect_attack7","bone":"effect_attack_7"},{"name":"effect_sleep3","bone":"effect_sleep2"},{"name":"effect_sleep6","bone":"effect_sleep1"},{"name":"fog1","bone":"fog"},{"name":"fog2","bone":"fog2"},{"name":"fog3","bone":"fog3"},{"name":"fog4","bone":"fog4"},{"name":"fog5","bone":"fog5"},{"name":"fog6","bone":"fog6"}],"ik":[{"name":"foot_left","bones":["leg2_l","leg1_l"],"target":"foot_left","bendPositive":false},{"name":"foot_left2","order":1,"bones":["foot_l"],"target":"foot_left2"},{"name":"foot_r","order":2,"bones":["leg2_r","leg1_r"],"target":"foot_r2","bendPositive":false},{"name":"foot_r2","order":3,"bones":["foot_r"],"target":"foot_r3"}],"skins":[{"name":"default","attachments":{"Layer 136":{"Layer 136":{"x":-45.62,"y":51.02,"scaleY":1.7182,"rotation":28.81,"width":180,"height":122}},"arm1_l":{"arm1_l":{"x":80.93,"y":6.03,"rotation":100.34,"width":173,"height":572}},"arm1_r":{"arm1_r":{"x":106.93,"y":-18.41,"rotation":89.34,"width":173,"height":572}},"arm2_l":{"arm2_l":{"type":"mesh","uvs":[0.83525,0.02231,1,0.33182,1,0.55496,1,1,0.82516,1,0.57297,0.94365,0.20982,0.92925,0,0.72771,0,0.21666,0.21991,0,0.52758,0],"triangles":[1,10,0,10,6,7,7,8,10,10,8,9,10,1,6,1,5,6,2,5,1,4,5,2,4,2,3],"vertices":[96.62,-88.45,41.7,-36.31,34.34,5.89,19.65,90.07,66.84,98.31,136.77,99.53,235.27,113.91,298.56,85.67,315.42,-10.99,263.22,-62.33,180.17,-76.82],"hull":11,"edges":[0,2,2,4,4,6,6,8,8,10,10,12,12,14,14,16,16,18,18,20,0,20],"width":274,"height":192}},"arm2_r":{"arm2_r":{"x":90.31,"y":-40.05,"rotation":-10.85,"width":258,"height":210}},"body":{"body":{"type":"mesh","uvs":[0,0.22755,0.02866,0.41015,0.00176,0.57546,0.07238,0.70039,0.34474,0.7446,0.55322,0.6831,0.75833,0.53894,0.91301,0.414,1,0.16412,1,0.10069,0.68099,0,0.20688,0.01804,0.0253,0.09108,0.15644,0.09493,0.26404,0.2141,0.36492,0.4486,0.55322,0.53125,0.34474,0.55431,0.19006,0.36787],"triangles":[13,12,11,10,9,8,14,11,10,13,11,14,14,0,13,18,0,14,13,0,12,1,0,18,7,10,8,15,14,10,16,15,10,18,14,15,10,6,16,7,6,10,17,18,15,17,15,16,5,16,6,17,16,5,18,2,1,17,2,18,17,3,2,4,17,5,3,17,4],"vertices":[244.97,222.59,127.03,163.72,12.33,130.65,-60.71,70.85,-49.46,-44.97,22.97,-108.61,150.24,-149.28,257.07,-175.7,437.39,-143.43,479.85,-126.79,499.42,21.7,416.24,198.39,340.12,248.71,357.21,197.52,293.57,125.08,151.72,24.96,124.63,-68.78,77.92,4.95,179.54,113.05],"hull":13,"edges":[0,2,2,4,4,6,6,8,8,10,10,12,12,14,14,16,16,18,18,20,20,22,22,24,0,24,24,26,26,28,28,30,30,32,32,12],"width":411,"height":719}},"effect_attack1":{"effect_attack1":{"x":404.58,"y":-65.91,"scaleX":1.5152,"scaleY":1.5152,"rotation":-90.62,"width":1053,"height":815}},"effect_attack2":{"effect_attack2":{"x":66.69,"y":56.43,"width":1118,"height":827}},"effect_attack3":{"effect_attack3":{"x":339.34,"y":98.61,"rotation":-60.37,"width":865,"height":929}},"effect_attack4":{"effect_attack3":{"x":339.34,"y":98.61,"rotation":-60.37,"width":865,"height":929}},"effect_attack5":{"effect_attack3":{"x":339.34,"y":98.61,"rotation":-60.37,"width":865,"height":929}},"effect_attack6":{"effect_attack3":{"x":339.34,"y":98.61,"rotation":-60.37,"width":865,"height":929}},"effect_attack7":{"effect_attack3":{"x":339.34,"y":98.61,"rotation":-60.37,"width":865,"height":929}},"effect_sleep3":{"effect_sleep3":{"x":109.7,"y":87.57,"scaleX":1.1271,"scaleY":1.1271,"rotation":-91.21,"width":931,"height":475}},"effect_sleep6":{"glow":{"y":123.2,"scaleX":1.2899,"width":800,"height":800}},"effect_swing_left":{"effect_swing_left":{"x":776.5,"y":-87.76,"scaleX":1.312,"scaleY":1.6486,"rotation":-100.21,"width":183,"height":1104}},"effect_swing_right":{"effect_swing_right":{"x":641.3,"y":153.93,"scaleX":1.3441,"scaleY":1.4131,"rotation":-71.15,"width":183,"height":1104}},"face":{"face":{"type":"mesh","uvs":[0.002,0,0.02224,0.10055,0.12217,0.38694,0,0.33559,0.08219,0.48175,0.11417,0.67334,0.19412,0.71087,0.18013,0.74642,0.01824,0.83728,0.12416,0.91431,0.25607,1,0.46392,1,0.52788,0.91628,0.51589,0.84715,0.59983,0.76222,0.62381,0.67136,0.82167,0.57458,1,0.41657,1,0.36719,0.87963,0.42052,0.73573,0.4778,0.61981,0.45805,0.58784,0.39089,0.51988,0.33954,0.354,0.37114,0.23808,0.223,0.11417,0.06894,0.35,0.58248,0.34601,0.75234,0.40197,0.8116,0.46192,0.72667,0.5019,0.73852,0.28405,0.5647],"triangles":[1,0,26,1,26,25,2,25,24,25,2,1,17,19,18,4,3,2,32,2,24,4,2,32,16,20,19,16,19,17,27,32,24,15,21,20,15,20,16,5,4,32,6,5,32,21,27,22,23,27,24,23,22,27,15,27,21,15,30,27,31,30,15,28,32,27,28,27,30,6,32,28,14,31,15,29,28,30,13,31,14,29,30,31,13,29,31,9,8,7,28,7,6,10,28,29,10,7,28,9,7,10,12,11,29,12,29,13,10,29,11],"vertices":[-278.43,239.51,-238.01,193.24,-103.95,71.84,-181.88,63.96,-97.34,10.88,-25.68,-80.25,26.44,-77.15,29.44,-99.73,-28.11,-193.28,48.81,-203.46,141.66,-210.78,249.11,-151.68,258.08,-89.7,232,-56.95,250.96,11.34,237.21,65.69,311.66,172.57,358.39,305.93,344.18,331.76,297.29,269.64,239.38,198.77,173.78,176.14,137.92,202.17,88.02,209.72,11.36,146.02,-91.19,190.55,-199.57,235.91,70.09,34.33,116.9,-55.66,162.88,-70.75,169.44,-9.27,193.51,-4.1,30.88,24.88],"hull":27,"edges":[0,2,2,4,4,6,6,8,8,10,10,12,12,14,14,16,16,18,18,20,20,22,22,24,24,26,26,28,28,30,30,32,32,34,34,36,36,38,38,40,40,42,42,44,44,46,46,48,48,50,50,52,0,52,54,56,56,58,58,26,54,60,60,62,62,30,12,64,64,4],"width":590,"height":597},"face_sleep":{"x":122.43,"y":118.01,"rotation":28.81,"width":590,"height":597}},"fog1":{"fog1":{"x":-0.01,"y":-0.08,"scaleX":2.8013,"scaleY":2.8013,"width":400,"height":222}},"fog2":{"fog1":{"x":-0.01,"y":-0.08,"scaleX":2.8473,"scaleY":2.8473,"width":400,"height":222}},"fog3":{"fog1":{"x":-0.01,"y":-0.08,"scaleX":3.1649,"scaleY":3.1649,"width":400,"height":222}},"fog4":{"fog1":{"x":-0.01,"y":-0.08,"scaleX":3.0814,"scaleY":3.0814,"width":400,"height":222}},"fog5":{"fog1":{"x":-0.01,"y":-0.08,"scaleX":3.7231,"scaleY":3.7231,"width":400,"height":222}},"fog6":{"fog1":{"x":-0.01,"y":-0.08,"scaleX":3.5681,"scaleY":3.5681,"width":400,"height":222}},"foot_l":{"foot_l":{"x":42.44,"y":-0.18,"rotation":68.39,"width":147,"height":140}},"foot_r":{"foot_r":{"x":48.69,"y":22.67,"rotation":32.32,"width":213,"height":116}},"hand_l":{"hand_l":{"x":179.84,"y":-19.36,"rotation":69.55,"width":297,"height":587}},"hand_r":{"hand_r":{"x":176.39,"y":30.14,"rotation":111.33,"width":297,"height":587}},"horn_l":{"horn_l":{"x":150.54,"y":-13.96,"rotation":-126.82,"width":344,"height":387}},"horn_r":{"horn_r":{"x":113.64,"y":41.23,"rotation":-64.35,"width":296,"height":387}},"leg1_l":{"leg1_l":{"type":"mesh","uvs":[0.41649,0,0.2623,0.26551,0.1024,0.47665,0,0.87973,0.051,1,0.35938,0.9757,0.71916,0.69738,1,0.35188,0.97614,0],"triangles":[0,7,1,7,0,8,6,1,7,2,1,6,5,3,2,6,5,2,4,3,5],"vertices":[-16.23,-89.14,68.81,-78.55,140.87,-76.69,251.01,-32.43,272.85,-2.85,225.38,55.15,110.26,82.62,-10.23,83.45,-91.08,22.07],"hull":9,"edges":[0,2,2,4,4,6,6,8,8,10,10,12,12,14,14,16,0,16],"width":242,"height":288}},"leg1_r":{"leg1_r":{"type":"mesh","uvs":[0,0.21058,0.30768,0.24524,0.58559,0.18459,0.75834,0,0.88602,0,0.871,0.38821,1,0.77378,0.99117,0.98606,0.81091,1,0.5255,0.94274,0.21755,0.6828,0.02978,0.45319],"triangles":[5,3,4,2,3,5,11,0,1,10,11,1,2,10,1,5,10,2,9,5,6,5,9,10,6,8,9,7,8,6],"vertices":[-40.28,-79.12,-14.95,-27.29,-20.41,27.11,-69.06,73.05,-62.98,95.74,55.92,61.03,180.87,52.13,245.87,33.04,241.58,-0.15,210.35,-46.15,115.59,-79.43,35.9,-93.85],"hull":12,"edges":[0,2,2,4,4,6,6,8,8,10,10,12,12,14,14,16,16,18,18,20,20,22,0,22],"width":184,"height":319}},"leg2_l":{"leg2_l":{"type":"mesh","uvs":[0.83001,0,0.32318,0.12084,0.09045,0.41098,0,0.74204,0,0.92803,0.18354,1,0.29215,0.9987,0.60763,0.82759,0.8869,0.57837,1,0.34031,1,0.03529],"triangles":[0,10,9,9,1,0,8,1,9,7,2,1,8,7,1,3,2,7,3,5,4,7,6,3,6,5,3],"vertices":[-67.87,-34.84,25.93,-112.44,132.05,-108.58,231.93,-70.35,281.9,-39.06,279.02,8.52,265.53,29.29,181.38,61.45,80.62,73.48,2.98,55.27,-78.97,3.94],"hull":11,"edges":[0,2,2,4,4,6,6,8,8,10,10,12,12,14,14,16,16,18,18,20,0,20],"width":228,"height":317}},"leg2_r":{"leg2_r":{"type":"mesh","uvs":[1,0.90948,0.8343,1,0.65162,0.99165,0.39419,0.75336,0.14923,0.437,0.04127,0,0.37758,0,0.73465,0.19048,0.9298,0.55615],"triangles":[4,5,6,4,6,7,3,4,7,3,7,8,2,3,8,8,1,2,0,1,8],"vertices":[279.47,27.33,270.98,-25.74,237.16,-65.16,138.26,-80.68,23.88,-79.63,-93.84,-26.6,-35.05,48.68,70.45,94.95,187.27,74.04],"hull":9,"edges":[0,2,2,4,4,6,6,8,8,10,10,12,12,14,14,16,0,16],"width":284,"height":287}},"manteau":{"manteau":{"type":"mesh","uvs":[0.03456,0.03556,0.45925,0.03556,0.83804,0.03556,0.82656,0.17983,0.84952,0.36245,0.86099,0.55631,0.88969,0.72207,0.94134,0.8794,0.90691,0.96444,0.46499,0.96444,0,0.77264,0,0.58159,0,0.39897,0,0.21635,0.48221,0.78669,0.4363,0.56474,0.4363,0.3484,0.45351,0.17983],"triangles":[9,14,8,8,6,7,14,6,8,9,10,14,10,15,14,14,5,6,5,15,4,5,14,15,10,11,15,11,12,15,12,16,15,4,16,3,16,4,15,12,13,16,3,16,17,16,13,17,13,0,17,17,0,1,17,1,3,3,1,2],"vertices":[5,17,-2.14,-93.41,0.26693,18,-87.52,-82.17,0.72815,19,-150.16,-84.49,4.2E-4,20,-216.13,-89,0.0045,23,-399.37,-60.94,0,1,17,-2.14,5.96,1,2,17,-2.14,94.6,0.92929,18,-69.97,105.03,0.07071,3,17,66.82,91.91,0.57142,18,-1.57,95.92,0.38306,19,-70.11,96.33,0.04552,5,17,154.11,97.29,0.07295,18,85.84,93.12,0.39601,19,17.34,96.41,0.41216,20,-54.5,97.16,0.11855,21,-124.66,99.51,3.2E-4,7,17,246.77,99.97,3.4E-4,18,178.35,87.14,0.05257,19,110,93.49,0.12731,20,38.2,97.2,0.60425,21,-31.96,99.3,0.17233,22,-78.44,106.3,0.04,23,-133.97,109.11,0.0032,6,18,257.87,86.43,4.3E-4,19,189.5,95.4,0.0015,20,117.6,101.65,0.1738,21,47.45,103.54,0.27695,22,1.08,105.35,0.33416,23,-54.45,108.63,0.21316,5,18,333.88,91.44,0,20,193.12,111.58,0.00877,21,123,113.27,0.03222,22,77.1,110.14,0.22386,23,21.54,113.85,0.73515,4,18,373.59,79.63,0,21,163.37,103.94,0.00328,22,116.78,98.21,0.14192,23,61.29,102.15,0.8548,3,18,363.94,-23.33,0,22,106.82,-4.72,8.7E-4,23,51.92,-0.83,0.99913,5,18,262.51,-123.1,2.0E-5,20,135.81,-107.14,0.05227,21,65.11,-105.3,0.46869,22,5.08,-104.19,0.45056,23,-49.23,-100.9,0.02846,5,19,109.88,-108.35,0.00774,20,44.53,-104.53,0.48811,21,-26.17,-102.45,0.40721,22,-85.81,-95.4,0.0969,23,-140.18,-92.63,4.0E-5,6,18,84.67,-106.43,0.14495,19,22.75,-103.07,0.23918,20,-42.73,-102.04,0.56493,21,-113.42,-99.73,0.0501,22,-172.7,-86.99,8.2E-4,23,-227.11,-84.72,2.0E-5,5,17,84.28,-101.5,0.00703,18,-2.24,-98.28,0.74871,19,-64.39,-97.79,0.12884,20,-129.98,-99.55,0.11542,23,-314.04,-76.82,1.0E-5,1,22,22.64,7.47,1,1,20,39.39,-2.25,1,2,17,147.4,0.59,0.00523,19,4.79,0.3,0.99477,1,18,-9.72,9,1],"hull":14,"edges":[0,2,2,4,4,6,6,8,8,10,10,12,12,14,14,16,16,18,18,20,20,22,22,24,24,26,0,26],"width":234,"height":478}},"mouth":{"mouth":{"type":"mesh","uvs":[0,0.13185,0.20342,0.55218,0.37479,0.90928,0.6604,1,0.75016,0.74933,0.69712,0.48522,1,0.26204,1,0.10209,0.73384,0.18392,0.75424,0.05373,0.51759,0.13557,0.39519,0.12069,0.25238,0,0.19118,0.07605,0.52167,0.43315],"triangles":[13,12,11,8,10,9,8,7,6,14,10,8,5,14,8,5,8,6,1,13,11,0,13,1,1,14,2,11,14,1,10,14,11,4,2,14,4,14,5,3,2,4],"vertices":[-36.78,-37.02,90.93,-107.03,199.09,-166.76,282.1,-139.39,254.36,-60.53,191.28,-3.4,217.73,106,186.89,146.25,141.61,78.87,121.19,115.21,82.68,53.03,51.73,35.25,-4.3,40.52,-3.68,10.63,140.99,-21.14],"hull":14,"edges":[0,2,2,4,4,6,6,8,8,10,10,12,12,14,14,16,16,18,18,20,20,22,22,24,24,26,0,26],"width":289,"height":317}},"tail":{"tail":{"type":"mesh","uvs":[0.92487,0.97969,0.85967,0.84029,0.70481,0.83295,0.56354,0.77181,0.45487,0.65198,0.4277,0.50035,0.49019,0.34628,0.4603,0.15063,0.34891,0.00879,0.16689,0,0.03377,0.01368,0,0.04547,0.07724,0.13351,0.22394,0.16042,0.32175,0.15063,0.34891,0.25579,0.281,0.38052,0.25111,0.52725,0.27556,0.68377,0.35978,0.82317,0.49019,0.92099,0.63689,0.96991,0.7836,0.98702],"triangles":[12,10,9,11,10,12,13,12,9,8,13,9,14,8,7,8,14,13,15,14,7,15,7,6,16,15,6,5,16,6,17,16,5,18,17,5,18,5,4,19,18,4,19,4,3,20,19,3,20,3,21,21,3,2,21,2,22,22,2,1,22,1,0],"vertices":[2,7,25.4,40.48,1,15,-337.33,544.27,0,3,7,56.38,-36.88,0.96684,8,-49.54,-43.51,0.03316,15,-311.66,464.98,0,3,7,133.11,-42.27,0.01717,8,26.79,-34.05,0.98283,15,-235.48,454.39,0,4,8,101.68,-54.95,0.15109,9,28.47,-42.84,0.82483,10,-39.19,-69.15,0.02408,15,-168.54,414.84,0,3,9,111.62,-61.56,0.02117,10,40.33,-38.46,0.97883,15,-120.48,344.45,0,5,9,173.77,-119,0,10,123.92,-51.64,0.1149,11,27.39,-38.27,0.88052,12,-78.69,-30.76,0.00457,15,-114.19,260.06,0,5,9,201.74,-204.94,0,10,194.97,-107.5,1.9E-4,11,116.91,-50.67,0.1023,12,10.14,-47.38,0.89752,15,-152.32,178.12,0,4,9,279.91,-280.64,0,12,114.04,-15.04,0.25201,13,-4.95,-28.11,0.74425,14,-89.51,22.46,0.00374,4,12,182.05,52.31,0.00272,13,90.57,-34.16,0.72037,14,-17.4,-40.48,0.27689,15,-98.38,-13.14,2.0E-5,3,9,445.65,-256.19,0,14,71.48,-23.91,0.3587,15,-8.84,-25.67,0.6413,2,9,492.97,-209.53,0,15,57.59,-23.8,1,3,9,495.35,-185.41,0,14,146.03,19.94,0.0012,15,75.77,-7.78,0.9988,4,9,435.27,-170.86,0,12,92.11,173.93,3.8E-4,14,97.37,58.06,0.05607,15,41.75,43.83,0.94356,5,9,368.86,-204.08,0,12,89.45,99.72,0.00427,13,64.45,66.53,0.02324,14,23.16,55.32,0.90471,15,-29.49,64.81,0.06778,3,9,334,-238.25,0,13,38.19,25.39,0.85417,14,-22.72,38.65,0.14583,4,9,287.65,-200.95,0,12,47.81,29.93,0.98548,13,-15.37,51.27,0.01452,15,-86.76,122.46,0,4,9,271.77,-126.08,0,11,76.6,46.78,0.97666,12,-25.52,51.87,0.02334,15,-47.32,188.06,0,4,9,233.56,-53.31,0,10,137.08,36.21,0.24703,11,-5.56,44.22,0.75297,15,-25.65,267.35,0,2,10,51.34,51.51,1,15,-30.37,354.31,0,3,9,90.56,41.77,0.81608,10,-34.65,35.7,0.18392,15,-65.43,434.41,0,3,8,123.11,32.34,0.06032,9,6.4,44.3,0.93968,15,-125.27,493.63,0,2,8,46.75,46.14,1,15,-195.47,526.7,0,3,7,95.53,43.29,0.79771,8,-26.54,42.69,0.20229,15,-267.17,542.31,0],"hull":23,"edges":[0,2,2,4,4,6,6,8,8,10,10,12,12,14,14,16,16,18,18,20,20,22,22,24,24,26,26,28,28,30,30,32,32,34,34,36,36,38,38,40,40,42,42,44,0,44],"width":496,"height":551}},"waist":{"waist":{"type":"mesh","uvs":[0.35876,0,0.27238,0.32362,0.08947,0.62874,0,0.98321,0.18347,0.8845,0.45529,0.85309,0.62042,1,0.75506,0.85758,1,0.96078,0.92781,0.69604,0.84906,0.5749,0.89987,0.31016,0.75719,0.38856,0.67123,0.4358,0.56199,0.41336,0.45021,0.14863,0.69663,0.75886],"triangles":[1,0,15,5,1,15,10,12,11,16,13,12,10,16,12,16,10,9,1,5,2,15,14,5,16,5,14,16,14,13,7,16,9,4,2,5,7,9,8,3,2,4,6,5,16,6,16,7],"vertices":[139.84,184.02,29.89,191.4,-93.91,249.76,-213.32,255.24,-148.6,173.41,-85.64,39.26,-94.99,-60.89,-27.42,-113.08,-8.4,-248.74,53.19,-182.42,72.3,-128.92,158.3,-124.91,107.5,-61.45,76.89,-23.22,61.64,34.63,115.37,121,-10.71,-72.39],"hull":16,"edges":[0,2,2,4,4,6,6,8,8,10,10,12,12,14,14,16,16,18,18,20,20,22,26,28,28,30,0,30,22,24,24,26,32,24,30,10],"width":544,"height":308}},"wing_l":{"wing_l":{"x":302.36,"y":40.55,"rotation":-27.04,"width":491,"height":331}},"wing_r":{"wing_r":{"x":487.03,"y":-42.99,"rotation":-171.84,"width":1098,"height":322}}}}],"animations":{"attack":{"slots":{"Layer 136":{"color":[{"color":"ffffffff"},{"time":0.8333,"color":"ffffff5a"},{"time":1,"color":"ffffffff"},{"time":1.6,"color":"ffffff00","curve":"stepped"},{"time":1.8333,"color":"ffffff00"},{"time":2.3333,"color":"ffffffff"}]},"effect_attack1":{"color":[{"time":0.9,"color":"ffffff00"},{"time":1,"color":"ffffffff"},{"time":1.8333,"color":"ffffff00"}],"attachment":[{"time":0.9,"name":"effect_attack1"}]},"effect_attack2":{"color":[{"time":0.9667,"color":"ffffff00"},{"time":1.0667,"color":"ffffffff"},{"time":1.5,"color":"ffffff00"}],"attachment":[{"time":0.9667,"name":"effect_attack2"}]},"effect_attack3":{"color":[{"time":1.1667,"color":"ffffff00"},{"time":1.2667,"color":"ffffffff"},{"time":1.8333,"color":"ffffff00"}],"attachment":[{"time":1.1667,"name":"effect_attack3"},{"time":1.8333,"name":"effect_attack3"}]},"effect_attack4":{"color":[{"time":1.3333,"color":"ffffff00"},{"time":1.4333,"color":"ffffffff"},{"time":2,"color":"ffffff00"}],"attachment":[{"time":1.3333,"name":"effect_attack3"},{"time":2,"name":"effect_attack3"}]},"effect_attack5":{"color":[{"time":1.5,"color":"ffffff00"},{"time":1.6,"color":"ffffffff"},{"time":2.1667,"color":"ffffff00"}],"attachment":[{"time":1.5,"name":"effect_attack3"},{"time":2.1667,"name":"effect_attack3"}]},"effect_attack6":{"color":[{"time":1.6667,"color":"ffffff00"},{"time":1.7667,"color":"ffffffff"},{"time":2.3333,"color":"ffffff00"}],"attachment":[{"time":1.6667,"name":"effect_attack3"},{"time":2.3333,"name":"effect_attack3"}]},"effect_attack7":{"color":[{"time":1.8333,"color":"ffffff00"},{"time":1.9333,"color":"ffffffff"},{"time":2.3333,"color":"ffffff00"}],"attachment":[{"time":1.8333,"name":"effect_attack3"}]},"effect_swing_left":{"color":[{"time":0.8,"color":"ffffff00"},{"time":0.9,"color":"ffffffff"},{"time":1.5,"color":"ffffff00"}],"attachment":[{"time":0.8333,"name":"effect_swing_left"}]},"effect_swing_right":{"color":[{"time":0.8333,"color":"ffffff00"},{"time":0.9,"color":"ffffffff"},{"time":1.5333,"color":"ffffff00"}],"attachment":[{"time":0.8333,"name":null},{"time":0.8667,"name":"effect_swing_right"}]},"fog1":{"color":[{"time":0.8667,"color":"ffffff00","curve":0.392,"c2":0.01,"c3":0.995,"c4":0.51},{"time":0.9333,"color":"ffffffff"},{"time":1.3333,"color":"ffffff00"}],"attachment":[{"time":0.8667,"name":"fog1"}]},"fog2":{"color":[{"time":1.2,"color":"ffffff00","curve":0.392,"c2":0.01,"c3":0.995,"c4":0.51},{"time":1.3333,"color":"ffffffff"},{"time":1.6667,"color":"ffffff00"}],"attachment":[{"time":1.2,"name":"fog1"}]},"fog3":{"color":[{"time":1.3333,"color":"ffffff00"},{"time":1.4667,"color":"ffffffff"},{"time":1.8,"color":"ffffff00"}],"attachment":[{"time":1.3333,"name":"fog1"},{"time":1.4667,"name":"fog1"},{"time":1.8,"name":"fog1"}]},"fog4":{"color":[{"time":1.5333,"color":"ffffff00"},{"time":1.6667,"color":"ffffffff"},{"time":2,"color":"ffffff00"}],"attachment":[{"time":1.5333,"name":"fog1"}]},"fog5":{"color":[{"time":1.7,"color":"ffffff00"},{"time":1.8333,"color":"ffffffff"},{"time":2.1667,"color":"ffffff00"}],"attachment":[{"time":1.7,"name":"fog1"}]},"fog6":{"color":[{"time":1.8667,"color":"ffffff00"},{"time":2,"color":"ffffffff"},{"time":2.3333,"color":"ffffff00"}],"attachment":[{"time":1.8667,"name":"fog1"}]}},"bones":{"root":{"rotate":[{"curve":"stepped"},{"time":2.3333}],"translate":[{"curve":"stepped"},{"time":2.3333}],"scale":[{"curve":"stepped"},{"time":2.3333}]},"body":{"rotate":[{"curve":0.25,"c3":0.352},{"time":0.5,"angle":28.13,"curve":0.767,"c2":0.02,"c3":0.692},{"time":0.8333,"angle":31.28},{"time":0.9,"angle":7.15},{"time":1.6333,"angle":4.66},{"time":2.3333}],"translate":[{"curve":0.25,"c3":0.352},{"time":0.5,"x":-90.99,"y":47.18,"curve":0.767,"c2":0.02,"c3":0.692},{"time":0.8333,"x":-104.41,"y":52.55},{"time":0.9,"x":77.51,"y":-202.2,"curve":"stepped"},{"time":1.6333,"x":77.51,"y":-202.2},{"time":2.3333}],"scale":[{"curve":"stepped"},{"time":2.3333}]},"head":{"rotate":[{},{"time":0.5,"angle":-19.53,"curve":"stepped"},{"time":0.8333,"angle":-19.53},{"time":0.9,"angle":-8.59,"curve":"stepped"},{"time":1.6333,"angle":-8.59},{"time":2.3333}],"translate":[{},{"time":0.5,"x":54.26,"y":31.84,"curve":"stepped"},{"time":0.8333,"x":54.26,"y":31.84},{"time":0.9,"x":-9.65,"y":6.25,"curve":"stepped"},{"time":1.6333,"x":-9.65,"y":6.25},{"time":2.3333}],"scale":[{"curve":"stepped"},{"time":2.3333}]},"mouth":{"rotate":[{"curve":"stepped"},{"time":0.8333},{"time":0.9,"angle":-39.09},{"time":2.3333}],"translate":[{"curve":"stepped"},{"time":0.8333},{"time":0.9,"x":-19.85,"y":-4.78},{"time":2.3333}],"scale":[{"curve":"stepped"},{"time":2.3333}]},"arm2_l":{"rotate":[{},{"time":0.5,"angle":-63.75,"curve":"stepped"},{"time":0.9333,"angle":-63.75},{"time":1,"angle":65.79,"curve":"stepped"},{"time":1.6333,"angle":65.79},{"time":2.3333}],"translate":[{},{"time":1,"x":5.75,"y":62.38,"curve":"stepped"},{"time":1.6333,"x":5.75,"y":62.38},{"time":2.3333}],"scale":[{"curve":"stepped"},{"time":2.3333}]},"arm1_l":{"rotate":[{},{"time":0.5,"angle":52.72,"curve":"stepped"},{"time":0.9333,"angle":52.72},{"time":1,"angle":-49.85},{"time":1.6333,"angle":-48.15},{"time":2.3333}],"translate":[{},{"time":0.5,"x":55.75,"y":-43.59},{"time":0.9333,"x":66.6,"y":-55.48},{"time":1,"x":-45.54,"y":-29.08,"curve":"stepped"},{"time":1.6333,"x":-45.54,"y":-29.08},{"time":2.3333}],"scale":[{"curve":"stepped"},{"time":2.3333}]},"hand_l":{"rotate":[{},{"time":1,"angle":-12.58,"curve":"stepped"},{"time":1.6333,"angle":-12.58},{"time":2.3333}],"translate":[{"curve":"stepped"},{"time":2.3333}],"scale":[{"curve":"stepped"},{"time":2.3333}]},"arm2_r":{"rotate":[{},{"time":0.5,"angle":30.58,"curve":"stepped"},{"time":0.9333,"angle":30.58},{"time":1,"angle":-54.07,"curve":"stepped"},{"time":1.6333,"angle":-54.07},{"time":2.3333}],"translate":[{"curve":"stepped"},{"time":2.3333}],"scale":[{"curve":"stepped"},{"time":2.3333}]},"arm1_r":{"rotate":[{},{"time":0.5,"angle":-30.35,"curve":"stepped"},{"time":0.9333,"angle":-30.35},{"time":1,"angle":55.25},{"time":1.6333,"angle":57.86},{"time":2.3333}],"translate":[{},{"time":0.5,"x":49.48,"y":44},{"time":0.9333,"x":63.42,"y":62.39},{"time":1,"x":15.01,"y":24.82,"curve":"stepped"},{"time":1.6333,"x":15.01,"y":24.82},{"time":2.3333}],"scale":[{"curve":"stepped"},{"time":2.3333}]},"hand_r":{"rotate":[{},{"time":1,"angle":7.15,"curve":"stepped"},{"time":1.6333,"angle":7.15},{"time":2.3333}],"translate":[{"curve":"stepped"},{"time":2.3333}],"scale":[{"curve":"stepped"},{"time":2.3333}]},"horn_l":{"rotate":[{},{"time":0.9,"angle":-11.46,"curve":"stepped"},{"time":1.6333,"angle":-11.46},{"time":2.3333}],"translate":[{},{"time":0.9,"x":-32.57,"y":-43.08,"curve":"stepped"},{"time":1.6333,"x":-32.57,"y":-43.08},{"time":2.3333}],"scale":[{"curve":"stepped"},{"time":2.3333}]},"horn_r":{"rotate":[{},{"time":0.9,"angle":19.37,"curve":"stepped"},{"time":1.6333,"angle":19.37},{"time":2.3333}],"translate":[{},{"time":0.9,"x":-29.97,"y":-7.61,"curve":"stepped"},{"time":1.6333,"x":-29.97,"y":-7.61},{"time":2.3333}],"scale":[{"curve":"stepped"},{"time":2.3333}]},"wing_l":{"rotate":[{"curve":0.434,"c2":0.09,"c3":0.735,"c4":0.49},{"time":0.8333,"angle":-18.96,"curve":0.337,"c2":0.33,"c3":0.67,"c4":0.66},{"time":0.9667,"angle":-62.57,"curve":0.831,"c2":0.02,"c4":0.73},{"time":1.6333,"angle":-66.76,"curve":0.876,"c2":0.01,"c3":0.509,"c4":0.82},{"time":2.3333}],"translate":[{"curve":0.457,"c2":0.07,"c3":0.52,"c4":0.8},{"time":0.5,"x":-18.69,"y":2.2,"curve":"stepped"},{"time":0.8333,"x":-18.69,"y":2.2,"curve":0.418,"c2":0.34,"c3":0.208,"c4":0.9},{"time":2.3333}],"scale":[{"curve":0.396,"c2":0.12,"c3":0.718,"c4":0.48},{"time":0.5,"y":1.587,"curve":"stepped"},{"time":0.8333,"y":1.587,"curve":0.367,"c2":0.28,"c3":0.691,"c4":0.62},{"time":0.9667,"x":1.126,"y":0.963,"curve":0.831,"c2":0.02,"c4":0.73},{"time":1.6333,"x":1.207,"y":0.963,"curve":0.876,"c2":0.01,"c3":0.509,"c4":0.82},{"time":2.3333}]},"wing_r":{"rotate":[{"curve":0.457,"c2":0.07,"c3":0.52,"c4":0.8},{"time":0.5,"angle":-25.94,"curve":0.418,"c2":0.34,"c3":0.208,"c4":0.9},{"time":0.8333,"angle":-18.29,"curve":0.418,"c2":0.34,"c3":0.208,"c4":0.9},{"time":0.9667,"angle":45.26,"curve":0.831,"c2":0.02,"c4":0.73},{"time":1.6333,"angle":41.07,"curve":0.876,"c2":0.01,"c3":0.202,"c4":0.9},{"time":2.3333}],"translate":[{"curve":0.457,"c2":0.07,"c3":0.52,"c4":0.8},{"time":0.5,"x":-165.49,"y":43.21,"curve":"stepped"},{"time":0.8333,"x":-165.49,"y":43.21,"curve":0.356,"c2":0.32,"c3":0.689,"c4":0.66},{"time":0.9667,"x":-158.14,"y":41.29,"curve":"stepped"},{"time":1.6333,"x":-158.14,"y":41.29,"curve":0.368,"c2":0.36,"c3":0.202,"c4":0.9},{"time":2.3333}],"scale":[{"curve":0.396,"c2":0.12,"c3":0.718,"c4":0.48},{"time":0.5,"y":2.237,"curve":"stepped"},{"time":0.8333,"y":2.237,"curve":0.367,"c2":0.28,"c3":0.691,"c4":0.62},{"time":0.9667,"x":1.653,"y":0.892,"curve":0.831,"c2":0.02,"c4":0.73},{"time":1.6333,"x":1.771,"y":0.892,"curve":0.876,"c2":0.01,"c3":0.509,"c4":0.82},{"time":2.3333}]},"waist":{"rotate":[{"curve":"stepped"},{"time":2.3333}],"translate":[{"curve":"stepped"},{"time":2.3333}],"scale":[{"curve":"stepped"},{"time":2.3333}]},"foot_left":{"rotate":[{"curve":"stepped"},{"time":2.3333}],"translate":[{"curve":"stepped"},{"time":2.3333}],"scale":[{"curve":"stepped"},{"time":2.3333}]},"leg2_l":{"rotate":[{"curve":"stepped"},{"time":2.3333}],"translate":[{"curve":"stepped"},{"time":2.3333}],"scale":[{"curve":"stepped"},{"time":2.3333}]},"leg1_l":{"rotate":[{"curve":"stepped"},{"time":2.3333}],"translate":[{"curve":"stepped"},{"time":2.3333}],"scale":[{"curve":"stepped"},{"time":2.3333}]},"foot_left2":{"rotate":[{"curve":"stepped"},{"time":2.3333}],"translate":[{"curve":"stepped"},{"time":2.3333}],"scale":[{"curve":"stepped"},{"time":2.3333}]},"foot_l":{"rotate":[{"curve":"stepped"},{"time":2.3333}],"translate":[{"curve":"stepped"},{"time":2.3333}],"scale":[{"curve":"stepped"},{"time":2.3333}]},"foot_r2":{"rotate":[{"curve":"stepped"},{"time":2.3333}],"translate":[{"curve":"stepped"},{"time":2.3333}],"scale":[{"curve":"stepped"},{"time":2.3333}]},"leg2_r":{"rotate":[{},{"time":0.5,"angle":-10.55},{"time":0.8333,"angle":-12.57},{"time":0.9,"angle":47.95,"curve":"stepped"},{"time":1.6333,"angle":47.95},{"time":2.3333}],"translate":[{"curve":"stepped"},{"time":2.3333}],"scale":[{"curve":"stepped"},{"time":2.3333}]},"leg1_r":{"rotate":[{},{"time":0.5,"angle":-19.45},{"time":0.8333,"angle":-25.7},{"time":0.9,"angle":-90.3,"curve":"stepped"},{"time":1.6333,"angle":-90.3},{"time":2.3333}],"translate":[{"curve":"stepped"},{"time":2.3333}],"scale":[{"curve":"stepped"},{"time":2.3333}]},"foot_r3":{"rotate":[{"curve":"stepped"},{"time":2.3333}],"translate":[{"curve":"stepped"},{"time":2.3333}],"scale":[{"curve":"stepped"},{"time":2.3333}]},"foot_r":{"rotate":[{},{"time":0.5,"angle":-14.53},{"time":0.8333,"angle":-26.68},{"time":0.9,"angle":35.63,"curve":"stepped"},{"time":1.6333,"angle":35.63},{"time":2.3333}],"translate":[{"curve":"stepped"},{"time":2.3333}],"scale":[{"curve":"stepped"},{"time":2.3333}]},"tail":{"rotate":[{},{"time":0.8333,"angle":-50.18},{"time":2.3333}],"translate":[{"curve":"stepped"},{"time":2.3333}],"scale":[{"curve":"stepped"},{"time":2.3333}]},"bone2":{"rotate":[{},{"time":0.8333,"angle":-5.44},{"time":2.3333}],"translate":[{"curve":"stepped"},{"time":2.3333}],"scale":[{"curve":"stepped"},{"time":2.3333}]},"bone3":{"rotate":[{},{"time":0.8333,"angle":11.72},{"time":2.3333}],"translate":[{"curve":"stepped"},{"time":2.3333}],"scale":[{"curve":"stepped"},{"time":2.3333}]},"bone4":{"rotate":[{},{"time":0.8333,"angle":28.18},{"time":2.3333}],"translate":[{"curve":"stepped"},{"time":2.3333}],"scale":[{"curve":"stepped"},{"time":2.3333}]},"bone5":{"rotate":[{},{"time":0.8333,"angle":18.64},{"time":2.3333}],"translate":[{"curve":"stepped"},{"time":2.3333}],"scale":[{"curve":"stepped"},{"time":2.3333}]},"bone6":{"rotate":[{},{"time":0.8333,"angle":12.12},{"time":2.3333}],"translate":[{"curve":"stepped"},{"time":2.3333}],"scale":[{"curve":"stepped"},{"time":2.3333}]},"bone7":{"rotate":[{},{"time":0.8333,"angle":-33.27},{"time":2.3333}],"translate":[{"curve":"stepped"},{"time":2.3333}],"scale":[{"curve":"stepped"},{"time":2.3333}]},"bone8":{"rotate":[{},{"time":0.8333,"angle":-87.8},{"time":2.3333}],"translate":[{"curve":"stepped"},{"time":2.3333}],"scale":[{"curve":"stepped"},{"time":2.3333}]},"bone9":{"rotate":[{},{"time":0.8333,"angle":-39.31},{"time":2.3333}],"translate":[{"curve":"stepped"},{"time":2.3333}],"scale":[{"curve":"stepped"},{"time":2.3333}]},"bone10":{"rotate":[{},{"time":0.8333,"angle":60.05},{"time":2.3333}],"translate":[{"curve":"stepped"},{"time":2.3333}],"scale":[{"curve":"stepped"},{"time":2.3333}]},"manteau":{"rotate":[{},{"time":0.5,"angle":-9.63},{"time":0.8333,"angle":-20.72},{"time":0.9,"angle":13.1,"curve":"stepped"},{"time":1.6333,"angle":13.1},{"time":2.3333}],"translate":[{"curve":"stepped"},{"time":2.3333}],"scale":[{"curve":"stepped"},{"time":2.3333}]},"bone11":{"rotate":[{},{"time":0.8333,"angle":-7.64},{"time":0.9,"angle":14.98,"curve":"stepped"},{"time":1.6333,"angle":14.98},{"time":2.3333}],"translate":[{"curve":"stepped"},{"time":2.3333}],"scale":[{"curve":"stepped"},{"time":2.3333}]},"bone12":{"rotate":[{},{"time":0.8333,"angle":10.59},{"time":0.9,"angle":-12.56,"curve":"stepped"},{"time":1.6333,"angle":-12.56},{"time":2.3333}],"translate":[{"curve":"stepped"},{"time":2.3333}],"scale":[{"curve":"stepped"},{"time":2.3333}]},"bone13":{"rotate":[{},{"time":0.5,"angle":-14.25},{"time":0.8333,"angle":-9.44},{"time":0.9,"angle":-102.69,"curve":"stepped"},{"time":1.6333,"angle":-102.69},{"time":2.3333}],"translate":[{},{"time":0.5,"x":40.96,"y":-23.1,"curve":"stepped"},{"time":0.8333,"x":40.96,"y":-23.1},{"time":2.3333}],"scale":[{"curve":"stepped"},{"time":2.3333}]},"bone14":{"rotate":[{},{"time":0.8333,"angle":0.08},{"time":0.9,"angle":-88.43,"curve":"stepped"},{"time":1.6333,"angle":-88.43},{"time":2.3333}],"translate":[{"curve":"stepped"},{"time":2.3333}],"scale":[{"curve":"stepped"},{"time":2.3333}]},"bone15":{"rotate":[{},{"time":0.8333,"angle":-2.05},{"time":0.9,"angle":-84.91,"curve":"stepped"},{"time":1.6333,"angle":-84.91},{"time":2.3333}],"translate":[{"curve":"stepped"},{"time":2.3333}],"scale":[{"curve":"stepped"},{"time":2.3333}]},"bone16":{"rotate":[{},{"time":0.8333,"angle":-4.13},{"time":0.9,"angle":-26.55,"curve":"stepped"},{"time":1.6333,"angle":-26.55},{"time":2.3333}],"translate":[{"curve":"stepped"},{"time":2.3333}],"scale":[{"curve":"stepped"},{"time":2.3333}]},"eye light":{"translate":[{},{"time":1.6667,"x":2.88,"y":38.17},{"time":2.3333}],"scale":[{},{"time":0.8333,"x":1.332,"y":1.944},{"time":1,"x":1.071,"y":3.798},{"time":1.6667,"x":1.219,"y":4.322},{"time":2.3333}]},"swing_l":{"rotate":[{"time":0.8333,"angle":19.81}],"translate":[{"time":0.8333,"x":-95.7,"y":168.43},{"time":0.9,"x":191.4,"y":-141.64}],"scale":[{"time":0.8333,"x":0.767,"y":0.767},{"time":0.9,"x":1.15,"y":1.15},{"time":1.5,"x":1.332,"y":1.332}]},"swing_r":{"translate":[{"time":0.8667,"x":49.76,"y":65.08},{"time":0.9,"x":118.67,"y":-114.84}],"scale":[{"time":0.8667,"x":0.635,"y":0.635},{"time":0.9,"x":0.969,"y":0.969},{"time":1.5333,"x":1.123,"y":1.123}]},"effect_attack_1":{"translate":[{"time":0.9,"x":147.58,"y":-122.14}],"scale":[{"time":0.9,"x":0.63,"y":0.743},{"time":1,"x":1.261,"y":1.139},{"time":1.8333,"x":1.517,"y":1.371}]},"effect_attack_2":{"translate":[{"time":0.9667,"x":203.56,"y":-61.07}],"scale":[{"time":1.0667,"x":1.548,"y":1.548},{"time":1.5,"x":1.797,"y":1.797}]},"effect_attack_7":{"translate":[{"time":1.8333,"x":73.06,"y":-24.35}],"scale":[{"time":1.8333,"x":0.638,"y":0.93},{"time":1.9333,"x":1.13,"y":1.648},{"time":2.3333,"x":1.333,"y":1.944}]},"effect_attack_3":{"scale":[{"time":1.1667},{"time":1.2667,"x":1.392,"y":1.392},{"time":1.8333,"x":1.557,"y":1.557}]},"effect_attack_4":{"scale":[{"time":1.4333,"x":1.25,"y":1.25},{"time":2,"x":1.607,"y":1.607}]},"effect_attack_5":{"scale":[{"time":1.6,"x":1.318,"y":1.318},{"time":2.1667,"x":1.626,"y":1.626}]},"effect_attack_6":{"scale":[{"time":1.7667,"x":1.241,"y":1.241},{"time":2.3333,"x":1.44,"y":1.44}]},"fog":{"rotate":[{"time":0.8667,"angle":3.63}],"translate":[{"time":0.8667}],"scale":[{"time":0.8667,"curve":0.392,"c2":0.01,"c3":0.995,"c4":0.51},{"time":0.9333,"x":1.456,"y":1.456},{"time":1.3333,"x":1.758,"y":1.758}]},"fog2":{"rotate":[{"time":1.2,"angle":3.63}],"translate":[{"time":1.2,"x":457.81,"y":0.08,"curve":"stepped"},{"time":1.3333,"x":457.81,"y":0.08,"curve":"stepped"},{"time":1.6667,"x":457.81,"y":0.08}],"scale":[{"time":1.2,"curve":0.392,"c2":0.01,"c3":0.995,"c4":0.51},{"time":1.3333,"x":1.456,"y":1.456},{"time":1.6667,"x":1.758,"y":1.758}]},"fog3":{"rotate":[{"time":1.3333,"angle":3.63,"curve":"stepped"},{"time":1.4667,"angle":3.63,"curve":"stepped"},{"time":1.8,"angle":3.63}],"translate":[{"time":1.3333,"x":791.28,"y":0.13,"curve":"stepped"},{"time":1.4667,"x":791.28,"y":0.13,"curve":"stepped"},{"time":1.8,"x":791.28,"y":0.13}],"scale":[{"time":1.3333,"curve":0.392,"c2":0.01,"c3":0.995,"c4":0.51},{"time":1.4667,"x":1.456,"y":1.456},{"time":1.8,"x":1.758,"y":1.758}]},"fog4":{"rotate":[{"time":1.5333,"angle":3.63,"curve":"stepped"},{"time":1.6667,"angle":3.63,"curve":"stepped"},{"time":2,"angle":3.63}],"translate":[{"time":1.5333,"x":1271.7,"y":0.21,"curve":"stepped"},{"time":1.6667,"x":1271.7,"y":0.21,"curve":"stepped"},{"time":2,"x":1271.7,"y":0.21}],"scale":[{"time":1.5333,"curve":0.392,"c2":0.01,"c3":0.995,"c4":0.51},{"time":1.6667,"x":1.456,"y":1.456},{"time":2,"x":1.758,"y":1.758}]},"fog5":{"rotate":[{"time":1.7,"angle":3.63,"curve":"stepped"},{"time":1.8333,"angle":3.63,"curve":"stepped"},{"time":2.1667,"angle":3.63}],"translate":[{"time":1.7,"x":1661.69,"y":0.28,"curve":"stepped"},{"time":1.8333,"x":1661.69,"y":0.28,"curve":"stepped"},{"time":2.1667,"x":1661.69,"y":0.28}],"scale":[{"time":1.7,"curve":0.392,"c2":0.01,"c3":0.995,"c4":0.51},{"time":1.8333,"x":1.456,"y":1.456},{"time":2.1667,"x":1.758,"y":1.758}]},"fog6":{"rotate":[{"time":1.8667,"angle":3.63,"curve":"stepped"},{"time":2,"angle":3.63,"curve":"stepped"},{"time":2.3333,"angle":3.63}],"translate":[{"time":1.8667,"x":2172.5,"y":0.36,"curve":"stepped"},{"time":2,"x":2172.5,"y":0.36,"curve":"stepped"},{"time":2.3333,"x":2172.5,"y":0.36}],"scale":[{"time":1.8667,"curve":0.392,"c2":0.01,"c3":0.995,"c4":0.51},{"time":2,"x":1.456,"y":1.456},{"time":2.3333,"x":1.758,"y":1.758}]}},"ik":{"foot_r":[{"mix":0,"bendPositive":false,"curve":"stepped"},{"time":2.3333,"mix":0,"bendPositive":false}],"foot_r2":[{"mix":0}]},"deform":{"default":{"arm2_l":{"arm2_l":[{},{"time":0.5,"vertices":[-25.1701,-49.55566,-34.82489,-42.36453,-69.50952,-20.90866,1.5296,-54.73083,4.19989,-40.68265,-2.76587,-16.06891,0,0,0,0,0,0,7.46802,7.60352,-9.14276,-33.58374],"curve":"stepped"},{"time":0.9333,"vertices":[-25.1701,-49.55566,-34.82489,-42.36453,-69.50952,-20.90866,1.5296,-54.73083,4.19989,-40.68265,-2.76587,-16.06891,0,0,0,0,0,0,7.46802,7.60352,-9.14276,-33.58374]},{"time":1,"vertices":[-71.37259,36.47733,-59.0089,17.84386,-34.93988,25.09895,20.2268,-8.4082,19.29601,6.80833,-7.20113,36.71597,18.91064,38.50385,5.45532,42.88669,5.45532,42.88669,11.85648,49.40399,-17.7205,12.71431],"curve":"stepped"},{"time":1.6333,"vertices":[-71.37259,36.47733,-59.0089,17.84386,-34.93988,25.09895,20.2268,-8.4082,19.29601,6.80833,-7.20113,36.71597,18.91064,38.50385,5.45532,42.88669,5.45532,42.88669,11.85648,49.40399,-17.7205,12.71431]},{"time":2.3333}]},"body":{"body":[{"curve":0.25,"c3":0.352},{"time":0.5,"vertices":[55.40613,-11.13385,34.32983,5.14898,0,0,0,0,0,0,0,0,15.47565,1.24069,7.55969,-0.8916,0,0,0,0,26.76489,-20.01951,100.93365,-41.03126,50.95386,-22.87259,29.25336,-24.912,141.30853,-36.59556,122.96912,66.16703,36.87067,21.78742,26.62823,9.19872,62.71893,-0.46118],"curve":0.767,"c2":0.02,"c3":0.692},{"time":0.8333,"vertices":[55.40613,-11.13385,46.87299,19.87915,0,0,0,0,0,0,0,0,24.72589,10.95616,7.55969,-0.8916,0,0,0,0,26.76489,-20.01951,100.93365,-41.03126,50.95386,-22.87259,29.25336,-24.912,141.30853,-36.59556,139.58453,69.61068,56.15063,24.91676,37.91473,13.27084,77.2984,8.62574]},{"time":0.8667,"vertices":[24.91273,-7.41433,21.02516,24.82598,0,0,0,0,0,0,0,0,14.83554,6.5737,4.53582,-0.53496,0,0,0,0,16.59057,30.97245,7.75494,16.48893,2.03378,-24.51322,-1.83423,-24.59257,48.59751,33.49155,85.72161,64.19138,23.4117,18.24095,22.74884,7.96251,57.87014,17.99984]},{"time":0.9,"vertices":[-6.55585,-9.04218,0,0,0,0,0,0,0,0,0,0,0,0,0,0,0,0,0,0,-20.50464,11.02132,-60.98413,-15.48955,-71.34637,-26.97416,-48.46564,-24.11342,-15.95001,-1.10046,-23.91422,-4.59865,-25.69672,8.22723],"curve":"stepped"},{"time":1.6333,"vertices":[-6.55585,-9.04218,0,0,0,0,0,0,0,0,0,0,0,0,0,0,0,0,0,0,-20.50464,11.02132,-60.98413,-15.48955,-71.34637,-26.97416,-48.46564,-24.11342,-15.95001,-1.10046,-23.91422,-4.59865,-25.69672,8.22723]},{"time":2.3333}]},"face":{"face":[{},{"time":0.5,"vertices":[4.56467,15.26031,11.95776,4.40356,0,0,0,0,0,0,0,0,0,0,0,0,0,0,0,0,0,0,0,0,0,0,0,0,7.07971,-0.78748,0,0,22.49707,-10.38629,14.47345,-11.64368,4.64093,-3.3833,11.09045,-16.28461,0,0,0,0,9.36212,6.84277,5.8223,7.23633,0,0,0,0,5.82208,7.23645]},{"time":2.3333}]},"leg2_r":{"leg2_r":[{},{"time":0.5,"vertices":[13.48212,-6.72592,0,0,0,0,0,0,0,0,0,0,0,0,0,0,13.34558,3.82608]},{"time":0.9,"vertices":[31.81236,-47.28416,9.40491,-43.00787,-0.23642,-4.38388,0,0,0,0,0,0,0,0,0,0,43.40215,-9.5195]},{"time":2.3333}]},"mouth":{"mouth":[{"time":0.8333,"vertices":[-12.79309,11.64526,-2.83502,10.23761,-2.27179,20.27673,0.27917,34.55072,1.91132,22.86243,11.12134,23.74146,2.28009,41.40308,-18.8338,29.9812,-14.54517,12.21729,-32.41522,22.69434,-7.60931,6.95526,-5.88458,4.24286,-14.55023,21.16974,-3.44403,-0.64227,-8.09045,17.85223]},{"time":0.9,"vertices":[-12.79309,11.64526,5.91486,4.37831,5.90643,30.53246,6.95181,47.12558,-1.38608,35.55867,15.88104,36.72333,-5.24939,53.00002,-28.6828,40.07231,-14.54517,12.21729,-32.41522,22.69434,-7.60931,6.95526,-5.88458,4.24286,-14.55023,21.16974,-3.44403,-0.64227,-5.36417,21.27068]}]},"waist":{"waist":[{},{"time":0.5,"vertices":[12.53897,-13.07858,13.62967,-3.33674,19.30554,7.43495,20.26501,18.02522,12.73651,12.59686,0.56558,7.53249,-8.29749,8.75989,-13.20303,2.9617,-25.33405,1.8078,-19.68457,-3.92807,-15.00537,-5.83815,-14.98877,-13.49699,-9.14841,-9.23284,-5.62979,-6.66407,-0.42834,-5.53778,7.03458,-10.6545,-9.65311,1.31567]},{"time":2.3333}]}}}},"idle":{"bones":{"root":{"rotate":[{"curve":"stepped"},{"time":1}],"translate":[{"curve":"stepped"},{"time":1}],"scale":[{"curve":"stepped"},{"time":1}]},"body":{"rotate":[{},{"time":0.5,"angle":-5.92},{"time":1}],"translate":[{"curve":0.502,"c2":0.01,"c3":0.314},{"time":0.5,"y":-40.71,"curve":0.675,"c2":0.01,"c3":0.576},{"time":1}],"scale":[{"curve":"stepped"},{"time":1}]},"head":{"rotate":[{},{"time":0.5,"angle":-6.3},{"time":1}],"translate":[{"curve":"stepped"},{"time":1}],"scale":[{"curve":"stepped"},{"time":1}]},"mouth":{"rotate":[{"curve":0.25,"c3":0.468},{"time":0.5,"angle":-11.64,"curve":0.655,"c3":0.75},{"time":1}],"translate":[{"curve":"stepped"},{"time":1}],"scale":[{"curve":"stepped"},{"time":1}]},"arm2_l":{"rotate":[{"curve":0.539,"c2":0.06,"c3":0.362,"c4":0.94},{"time":0.5,"angle":-10.45,"curve":0.764,"c2":0.02,"c3":0.849,"c4":0.96},{"time":1}],"translate":[{"curve":"stepped"},{"time":1}],"scale":[{"curve":"stepped"},{"time":1}]},"arm1_l":{"rotate":[{"curve":0.539,"c2":0.06,"c3":0.362,"c4":0.94},{"time":0.5,"angle":7.35,"curve":0.764,"c2":0.02,"c3":0.849,"c4":0.96},{"time":1}],"translate":[{"curve":"stepped"},{"time":1}],"scale":[{"curve":"stepped"},{"time":1}]},"hand_l":{"rotate":[{"curve":"stepped"},{"time":1}],"translate":[{"curve":"stepped"},{"time":1}],"scale":[{"curve":"stepped"},{"time":1}]},"arm2_r":{"rotate":[{"curve":0.539,"c2":0.06,"c3":0.362,"c4":0.94},{"time":0.5,"angle":14.68,"curve":0.764,"c2":0.02,"c3":0.849,"c4":0.96},{"time":1}],"translate":[{"curve":"stepped"},{"time":1}],"scale":[{"curve":"stepped"},{"time":1}]},"arm1_r":{"rotate":[{"curve":0.539,"c2":0.06,"c3":0.362,"c4":0.94},{"time":0.5,"angle":-12.39,"curve":0.764,"c2":0.02,"c3":0.849,"c4":0.96},{"time":1}],"translate":[{"curve":"stepped"},{"time":1}],"scale":[{"curve":"stepped"},{"time":1}]},"hand_r":{"rotate":[{"curve":"stepped"},{"time":1}],"translate":[{"curve":"stepped"},{"time":1}],"scale":[{"curve":"stepped"},{"time":1}]},"horn_l":{"rotate":[{"curve":0.481,"c2":0.01,"c3":0.536,"c4":0.99},{"time":0.5,"angle":-3.69,"curve":0.767,"c2":0.01,"c3":0.576},{"time":1}],"translate":[{"curve":0.481,"c2":0.01,"c3":0.536,"c4":0.99},{"time":0.5,"x":12.63,"y":4.95,"curve":0.767,"c2":0.01,"c3":0.576},{"time":1}],"scale":[{"curve":"stepped"},{"time":1}]},"horn_r":{"rotate":[{"curve":0.481,"c2":0.01,"c3":0.536,"c4":0.99},{"time":0.5,"angle":3.29,"curve":0.767,"c2":0.01,"c3":0.576},{"time":1}],"translate":[{"curve":0.481,"c2":0.01,"c3":0.536,"c4":0.99},{"time":0.5,"x":20.21,"y":7.92,"curve":0.767,"c2":0.01,"c3":0.576},{"time":1}],"scale":[{"curve":"stepped"},{"time":1}]},"wing_l":{"rotate":[{"curve":0.42,"c3":0.508,"c4":0.99},{"time":0.5,"angle":-23.04,"curve":0.767,"c2":0.03,"c3":0.427,"c4":0.99},{"time":1}],"translate":[{"curve":"stepped"},{"time":1}],"scale":[{"curve":0.444,"c3":0.713,"c4":0.5},{"time":0.5,"y":0.689,"curve":0.258,"c2":0.49,"c3":0.533,"c4":0.99},{"time":1}]},"wing_r":{"rotate":[{"curve":0.42,"c3":0.508,"c4":0.99},{"time":0.5,"angle":27.74,"curve":0.767,"c2":0.03,"c3":0.427,"c4":0.99},{"time":1}],"translate":[{"curve":"stepped"},{"time":1}],"scale":[{"curve":0.444,"c3":0.713,"c4":0.5},{"time":0.5,"y":0.511,"curve":0.258,"c2":0.49,"c3":0.533,"c4":0.99},{"time":1}]},"waist":{"rotate":[{},{"time":0.5,"angle":10.32},{"time":1}],"translate":[{},{"time":0.5,"x":11.85,"y":-14.2},{"time":1}],"scale":[{"curve":"stepped"},{"time":1}]},"foot_left":{"rotate":[{"curve":"stepped"},{"time":1}],"translate":[{"curve":"stepped"},{"time":1}],"scale":[{"curve":"stepped"},{"time":1}]},"leg2_l":{"rotate":[{"curve":"stepped"},{"time":1}],"translate":[{"curve":"stepped"},{"time":1}],"scale":[{"curve":"stepped"},{"time":1}]},"leg1_l":{"rotate":[{"curve":"stepped"},{"time":1}],"translate":[{"curve":"stepped"},{"time":1}],"scale":[{"curve":"stepped"},{"time":1}]},"foot_left2":{"rotate":[{"curve":"stepped"},{"time":1}],"translate":[{"curve":"stepped"},{"time":1}],"scale":[{"curve":"stepped"},{"time":1}]},"foot_l":{"rotate":[{"curve":"stepped"},{"time":1}],"translate":[{"curve":"stepped"},{"time":1}],"scale":[{"curve":"stepped"},{"time":1}]},"foot_r2":{"rotate":[{"curve":"stepped"},{"time":1}],"translate":[{"curve":"stepped"},{"time":1}],"scale":[{"curve":"stepped"},{"time":1}]},"leg2_r":{"rotate":[{"curve":"stepped"},{"time":1}],"translate":[{"curve":"stepped"},{"time":1}],"scale":[{"curve":"stepped"},{"time":1}]},"leg1_r":{"rotate":[{"curve":"stepped"},{"time":1}],"translate":[{"curve":"stepped"},{"time":1}],"scale":[{"curve":"stepped"},{"time":1}]},"foot_r3":{"rotate":[{"curve":"stepped"},{"time":1}],"translate":[{"curve":"stepped"},{"time":1}],"scale":[{"curve":"stepped"},{"time":1}]},"foot_r":{"rotate":[{"curve":"stepped"},{"time":1}],"translate":[{"curve":"stepped"},{"time":1}],"scale":[{"curve":"stepped"},{"time":1}]},"tail":{"rotate":[{"curve":0.4,"c3":0.318,"c4":0.99},{"time":0.5,"angle":-8.57,"curve":0.747,"c2":0.01,"c3":0.502,"c4":0.99},{"time":1}],"translate":[{"curve":"stepped"},{"time":1}],"scale":[{"curve":"stepped"},{"time":1}]},"bone2":{"rotate":[{"curve":0.4,"c3":0.318,"c4":0.99},{"time":0.5,"angle":-1.99,"curve":0.747,"c2":0.01,"c3":0.502,"c4":0.99},{"time":1}],"translate":[{"curve":"stepped"},{"time":1}],"scale":[{"curve":"stepped"},{"time":1}]},"bone3":{"rotate":[{"curve":0.4,"c3":0.318,"c4":0.99},{"time":0.5,"angle":-1.99,"curve":0.747,"c2":0.01,"c3":0.502,"c4":0.99},{"time":1}],"translate":[{"curve":"stepped"},{"time":1}],"scale":[{"curve":"stepped"},{"time":1}]},"bone4":{"rotate":[{"curve":0.4,"c3":0.318,"c4":0.99},{"time":0.5,"angle":-1.99,"curve":0.747,"c2":0.01,"c3":0.502,"c4":0.99},{"time":1}],"translate":[{"curve":"stepped"},{"time":1}],"scale":[{"curve":"stepped"},{"time":1}]},"bone5":{"rotate":[{"curve":0.4,"c3":0.318,"c4":0.99},{"time":0.5,"angle":8.26,"curve":0.747,"c2":0.01,"c3":0.502,"c4":0.99},{"time":1}],"translate":[{"curve":"stepped"},{"time":1}],"scale":[{"curve":"stepped"},{"time":1}]},"bone6":{"rotate":[{"curve":0.4,"c3":0.318,"c4":0.99},{"time":0.5,"angle":4.26,"curve":0.747,"c2":0.01,"c3":0.502,"c4":0.99},{"time":1}],"translate":[{"curve":"stepped"},{"time":1}],"scale":[{"curve":"stepped"},{"time":1}]},"bone7":{"rotate":[{"curve":0.4,"c3":0.318,"c4":0.99},{"time":0.5,"angle":-1.99,"curve":0.747,"c2":0.01,"c3":0.502,"c4":0.99},{"time":1}],"translate":[{"curve":"stepped"},{"time":1}],"scale":[{"curve":"stepped"},{"time":1}]},"bone8":{"rotate":[{"curve":0.4,"c3":0.318,"c4":0.99},{"time":0.5,"angle":-1.99,"curve":0.747,"c2":0.01,"c3":0.502,"c4":0.99},{"time":1}],"translate":[{"curve":"stepped"},{"time":1}],"scale":[{"curve":"stepped"},{"time":1}]},"bone9":{"rotate":[{"curve":0.4,"c3":0.318,"c4":0.99},{"time":0.5,"angle":-1.99,"curve":0.747,"c2":0.01,"c3":0.502,"c4":0.99},{"time":1}],"translate":[{"curve":"stepped"},{"time":1}],"scale":[{"curve":"stepped"},{"time":1}]},"bone10":{"rotate":[{"curve":0.4,"c3":0.318,"c4":0.99},{"time":0.5,"angle":-1.99,"curve":0.747,"c2":0.01,"c3":0.502,"c4":0.99},{"time":1}],"translate":[{"curve":"stepped"},{"time":1}],"scale":[{"curve":"stepped"},{"time":1}]},"manteau":{"rotate":[{},{"time":0.5,"angle":-7.29},{"time":1}],"translate":[{"curve":"stepped"},{"time":1}],"scale":[{},{"time":0.5,"x":0.983},{"time":1}]},"bone11":{"rotate":[{"curve":"stepped"},{"time":1}],"translate":[{"curve":"stepped"},{"time":1}],"scale":[{},{"time":0.5,"x":0.983},{"time":1}]},"bone12":{"rotate":[{"curve":"stepped"},{"time":1}],"translate":[{"curve":"stepped"},{"time":1}],"scale":[{},{"time":0.5,"x":0.983},{"time":1}]},"bone13":{"rotate":[{},{"time":0.5,"angle":6.56},{"time":1}],"translate":[{"curve":"stepped"},{"time":1}],"scale":[{},{"time":0.5,"x":0.983},{"time":1}]},"bone14":{"rotate":[{},{"time":0.5,"angle":10.15},{"time":1}],"translate":[{"curve":"stepped"},{"time":1}],"scale":[{},{"time":0.5,"x":0.983},{"time":1}]},"bone15":{"rotate":[{"curve":"stepped"},{"time":1}],"translate":[{"curve":"stepped"},{"time":1}],"scale":[{},{"time":0.5,"x":0.983},{"time":1}]},"bone16":{"rotate":[{"curve":"stepped"},{"time":1}],"translate":[{"curve":"stepped"},{"time":1}],"scale":[{},{"time":0.5,"x":0.983},{"time":1}]}},"deform":{"default":{"arm2_l":{"arm2_l":[{"curve":0.25,"c3":0.75},{"time":0.5,"vertices":[11.96194,8.60498,2.21439,9.19733,-8.0274,19.0014,-7.08237,-7.54742,3.80878,3.23041,0.1123,21.66766,12.52667,12.93585,0,0,0,0,0,0,10.33954,9.15491],"curve":0.25,"c3":0.75},{"time":1}]},"body":{"body":[{"curve":0.25,"c3":0.461,"c4":0.99},{"time":0.5,"offset":2,"vertices":[-11.89584,-0.15648,0,0,0,0,0,0,0,0,0,0,0,0,0,0,0,0,-26.78653,-13.83698,-3.91208,-4.01733,0,0,0,0,0,0,-26.99545,2.02454,-25.36761,-1.12692,-17.43713,-1.02271,-17.48907,2.94261],"curve":0.475,"c3":0.75},{"time":1}]},"face":{"face":[{},{"time":0.5,"offset":4,"vertices":[1.16422,-6.55621,-3.17618,-22.4447,0.19104,-8.91724,5.1369,-7.6416,2.05869,6.33459,0,0,-8.35916,7.86707,0,0,0,0,0,0,0,0,0.74985,-0.86133,7.64221,5.13788,0,0,0,0,-12.10803,12.17572,-15.55411,9.17743,-11.39078,-0.8277,0,0,0,0,-5.13635,7.64368,-12.02902,1.64606,0,0,0,0,0,0,8.20142,13.19586,-7.53049,-3.52454,0.52628,-4.0835,0.67081,9.66931,2.28195,9.55786]},{"time":1}]},"leg1_l":{"leg1_l":[{"curve":"stepped"},{"time":1}]},"leg1_r":{"leg1_r":[{"curve":"stepped"},{"time":1}]},"leg2_l":{"leg2_l":[{},{"time":0.5,"offset":2,"vertices":[-0.94116,14.28732,-29.35101,7.65318,-28.86069,7.73509,-16.86566,5.85042,0,0,0,0,-3.28232,11.00748,-0.23468,1.40529,-1.17313,7.02634]},{"time":1}]},"leg2_r":{"leg2_r":[{},{"time":0.5,"vertices":[14.62625,-9.07965,17.78706,-8.68256,0,0,0,0,0,0,0,0,0,0,0,0,16.59335,5.93701]},{"time":1}]},"mouth":{"mouth":[{},{"time":0.5,"offset":2,"vertices":[-10.0372,-8.83005,-10.58524,-9.832,-10.414,-19.03821,-6.12335,-13.57422,0,0,12.47897,-8.12775,9.01871,-4.9332,0,0,12.76163,-0.47125,0,0,6.74899,2.81754,11.68213,11.83545,0,0,-0.45273,1.54968]},{"time":1}]},"waist":{"waist":[{},{"time":0.5,"vertices":[8.18301,-8.26695,8.7836,-2.00223,8.65625,-4.24802,-1.45026,-10.40431,3.81113,-4.41702,-0.28946,1.42558,-5.41592,5.53825,3.30798,-15.679,8.53369,-6.08896,-0.41504,-5.47729,-9.57242,-3.90097,-8.57742,-11.7798,1.71423,-19.92758,-3.5455,-4.3354,-0.21802,-3.55917,4.62482,-6.76732,4.00018,-22.04898]},{"time":1}]}}}},"skill":{"slots":{"Layer 136":{"attachment":[{"time":1,"name":null}]},"effect_sleep3":{"color":[{"time":2.5333,"color":"ffffff00","curve":1,"c3":0.801,"c4":0.69},{"time":2.8,"color":"ffffffff","curve":0.155,"c2":0.81,"c3":0.934,"c4":0.77},{"time":5,"color":"ffffff00"}],"attachment":[{"time":1.8667,"name":null},{"time":2.3,"name":null},{"time":2.5333,"name":"effect_sleep3"},{"time":5.0333,"name":null}]},"effect_sleep5":{"color":[{"time":3.5,"color":"ffffff00"},{"time":3.6667,"color":"ffffffa0"},{"time":5.9,"color":"ffffff00"}]},"effect_sleep6":{"color":[{"time":3.3333,"color":"ffffff00"},{"time":3.6667,"color":"ffffffff"},{"time":5.3333,"color":"ffffff00"}],"attachment":[{"time":3.3333,"name":"glow"}]},"face":{"attachment":[{"time":1.3333,"name":"face_sleep"},{"time":1.6667,"name":"face_sleep"},{"time":5.4,"name":"face"},{"time":6.0667,"name":"face"}]}},"bones":{"root":{"rotate":[{"curve":"stepped"},{"time":6.7333}],"translate":[{"curve":"stepped"},{"time":6.7333}],"scale":[{"curve":"stepped"},{"time":6.7333}]},"body":{"rotate":[{"curve":"stepped"},{"time":0.3333},{"time":0.6667,"angle":2.07},{"time":0.7667,"curve":"stepped"},{"time":1},{"time":1.8675,"angle":-3.95},{"time":2.3333,"angle":-6.18},{"time":2.8,"curve":0.376,"c2":0.01,"c3":0.379},{"time":3.3333,"angle":-3.61,"curve":0.72,"c3":0.495},{"time":4,"angle":2.15,"curve":0.72,"c3":0.495},{"time":5.3333,"angle":-7.01,"curve":"stepped"},{"time":5.4,"angle":-7.01,"curve":"stepped"},{"time":6.0667,"angle":-7.01,"curve":0.72,"c3":0.495},{"time":6.7333}],"translate":[{"curve":0.468,"c2":0.01,"c3":0.369},{"time":0.3333,"x":23.39,"y":9.36},{"time":0.6667,"x":23.39,"y":4.19},{"time":0.7667},{"time":1,"x":-23.39,"y":-23.39},{"time":1.8675,"x":-12.56,"y":-48.72},{"time":2.3333,"x":19.54,"y":-81.2},{"time":2.8,"x":-25.83,"y":-67.15,"curve":0.376,"c2":0.01,"c3":0.379},{"time":3.3333,"x":52.91,"y":-17.64,"curve":0.72,"c3":0.495},{"time":4,"x":-29.48,"y":-84.78,"curve":0.72,"c3":0.495},{"time":5.3333,"x":44.09,"y":-48.5,"curve":"stepped"},{"time":5.4,"x":44.09,"y":-48.5,"curve":"stepped"},{"time":6.0667,"x":44.09,"y":-48.5,"curve":0.72,"c3":0.495},{"time":6.7333}],"scale":[{"curve":"stepped"},{"time":0.3333,"curve":"stepped"},{"time":0.6667,"curve":"stepped"},{"time":0.7667,"curve":"stepped"},{"time":1,"curve":"stepped"},{"time":2.8,"curve":"stepped"},{"time":3.3333,"curve":"stepped"},{"time":4,"curve":"stepped"},{"time":5.3333,"curve":"stepped"},{"time":5.4,"curve":"stepped"},{"time":6.0667,"curve":"stepped"},{"time":6.7333}]},"head":{"rotate":[{"curve":0.468,"c2":0.01,"c3":0.369},{"time":0.3333,"angle":17.71,"curve":"stepped"},{"time":0.6667,"angle":17.71,"curve":"stepped"},{"time":0.7667,"angle":17.71,"curve":"stepped"},{"time":1.3333,"angle":17.71,"curve":"stepped"},{"time":1.6667,"angle":17.71},{"time":1.8333,"angle":-11.01,"curve":"stepped"},{"time":2.3333,"angle":-11.01,"curve":"stepped"},{"time":2.4667,"angle":-11.01},{"time":5.3333,"angle":-1.01},{"time":5.4,"angle":20.64,"curve":"stepped"},{"time":6.0667,"angle":20.64},{"time":6.7333}],"translate":[{"curve":"stepped"},{"time":0.3333,"curve":"stepped"},{"time":0.6667,"curve":"stepped"},{"time":0.7667,"curve":"stepped"},{"time":1.3333,"curve":"stepped"},{"time":1.6667,"curve":"stepped"},{"time":6.7333}],"scale":[{"curve":"stepped"},{"time":0.3333,"curve":"stepped"},{"time":0.6667,"curve":"stepped"},{"time":0.7667,"curve":"stepped"},{"time":1.3333,"curve":"stepped"},{"time":1.6667,"curve":"stepped"},{"time":6.7333}]},"mouth":{"rotate":[{"curve":"stepped"},{"time":0.3333,"curve":"stepped"},{"time":0.6667},{"time":0.7667,"angle":-39.34,"curve":"stepped"},{"time":1,"angle":-39.34},{"time":6.7333}],"translate":[{"curve":"stepped"},{"time":0.3333,"curve":"stepped"},{"time":0.6667,"curve":"stepped"},{"time":0.7667,"curve":"stepped"},{"time":1,"curve":"stepped"},{"time":6.7333}],"scale":[{"curve":"stepped"},{"time":0.3333,"curve":"stepped"},{"time":0.6667,"curve":"stepped"},{"time":0.7667,"curve":"stepped"},{"time":1,"curve":"stepped"},{"time":6.7333}]},"arm2_l":{"rotate":[{"curve":0.468,"c2":0.01,"c3":0.369},{"time":0.3333,"angle":-5.66,"curve":0.25,"c3":0.75},{"time":0.6667,"angle":-10.64,"curve":0.25,"c3":0.75},{"time":0.7667,"curve":0.25,"c3":0.75},{"time":1,"angle":7.36,"curve":0.25,"c3":0.75},{"time":1.3333,"curve":0.25,"c3":0.75},{"time":1.6667,"angle":-5.17,"curve":0.25,"c3":0.75},{"time":1.8333,"curve":"stepped"},{"time":2.3333,"curve":"stepped"},{"time":2.4667,"curve":0.85,"c2":0.06,"c3":0.837},{"time":2.8,"angle":55.81,"curve":0.25,"c3":0.75},{"time":3.3333,"angle":51.31,"curve":0.645,"c2":0.01,"c3":0.75},{"time":4,"angle":63.49,"curve":0.665,"c2":0.03,"c3":0.532},{"time":5.3333,"angle":55.81,"curve":"stepped"},{"time":5.4,"angle":55.81,"curve":0.689,"c3":0.536},{"time":6.0667,"angle":62.33,"curve":0.995,"c3":0.391},{"time":6.7333}],"translate":[{"curve":"stepped"},{"time":0.3333,"curve":"stepped"},{"time":0.6667,"curve":"stepped"},{"time":0.7667,"curve":"stepped"},{"time":1,"curve":"stepped"},{"time":1.3333,"curve":"stepped"},{"time":1.6667,"curve":"stepped"},{"time":1.8333,"curve":"stepped"},{"time":2.3333,"curve":"stepped"},{"time":2.4667,"curve":0.85,"c2":0.06,"c3":0.837},{"time":2.8,"x":49.23,"y":32.79,"curve":"stepped"},{"time":3.3333,"x":49.23,"y":32.79,"curve":"stepped"},{"time":4,"x":49.23,"y":32.79,"curve":"stepped"},{"time":5.3333,"x":49.23,"y":32.79,"curve":"stepped"},{"time":5.4,"x":49.23,"y":32.79,"curve":"stepped"},{"time":6.0667,"x":49.23,"y":32.79,"curve":0.995,"c3":0.391},{"time":6.7333}],"scale":[{"curve":"stepped"},{"time":0.3333,"curve":"stepped"},{"time":0.6667,"curve":"stepped"},{"time":0.7667,"curve":"stepped"},{"time":1,"curve":"stepped"},{"time":1.3333,"curve":"stepped"},{"time":1.6667,"curve":"stepped"},{"time":1.8333,"curve":"stepped"},{"time":2.3333,"curve":"stepped"},{"time":2.4667,"curve":"stepped"},{"time":6.7333}]},"arm1_l":{"rotate":[{"curve":0.468,"c2":0.01,"c3":0.369},{"time":0.3333,"angle":7.38,"curve":0.25,"c3":0.75},{"time":0.6667,"angle":9.69,"curve":0.25,"c3":0.75},{"time":0.7667,"curve":0.25,"c3":0.75},{"time":1,"angle":-4.14,"curve":0.25,"c3":0.75},{"time":1.3333,"curve":0.25,"c3":0.75},{"time":1.6667,"angle":5.86,"curve":0.25,"c3":0.75},{"time":1.8333,"curve":"stepped"},{"time":2.3333,"curve":"stepped"},{"time":2.4667,"curve":0.85,"c2":0.06,"c3":0.837},{"time":2.8,"angle":-50.78,"curve":0.25,"c3":0.75},{"time":3.3333,"angle":-57.4,"curve":0.645,"c2":0.01,"c3":0.75},{"time":4,"angle":-50.78,"curve":"stepped"},{"time":5.3333,"angle":-50.78,"curve":"stepped"},{"time":5.4,"angle":-50.78,"curve":0.689,"c3":0.536},{"time":6.0667,"angle":-47.34,"curve":0.995,"c3":0.391},{"time":6.7333}],"translate":[{"curve":"stepped"},{"time":0.3333,"curve":"stepped"},{"time":0.6667,"curve":"stepped"},{"time":0.7667,"curve":"stepped"},{"time":1,"curve":"stepped"},{"time":1.3333,"curve":"stepped"},{"time":1.6667,"curve":"stepped"},{"time":1.8333,"curve":"stepped"},{"time":2.3333,"curve":"stepped"},{"time":2.4667,"curve":"stepped"},{"time":6.7333}],"scale":[{"curve":"stepped"},{"time":0.3333,"curve":"stepped"},{"time":0.6667,"curve":"stepped"},{"time":0.7667,"curve":"stepped"},{"time":1,"curve":"stepped"},{"time":1.3333,"curve":"stepped"},{"time":1.6667,"curve":"stepped"},{"time":1.8333,"curve":"stepped"},{"time":2.3333,"curve":"stepped"},{"time":2.4667,"curve":"stepped"},{"time":6.7333}]},"hand_l":{"rotate":[{"curve":0.468,"c2":0.01,"c3":0.369},{"time":0.3333,"angle":-5.32,"curve":"stepped"},{"time":0.6667,"angle":-5.32,"curve":0.25,"c3":0.75},{"time":0.7667,"curve":"stepped"},{"time":1,"curve":"stepped"},{"time":6.7333}],"translate":[{"curve":"stepped"},{"time":0.3333,"curve":"stepped"},{"time":0.6667,"curve":"stepped"},{"time":0.7667,"curve":"stepped"},{"time":1,"curve":"stepped"},{"time":6.7333}],"scale":[{"curve":"stepped"},{"time":0.3333,"curve":"stepped"},{"time":0.6667,"curve":"stepped"},{"time":0.7667,"curve":"stepped"},{"time":1,"curve":"stepped"},{"time":6.7333}]},"arm2_r":{"rotate":[{"curve":0.468,"c2":0.01,"c3":0.369},{"time":0.3333,"angle":4.43,"curve":0.25,"c3":0.75},{"time":0.6667,"angle":11.41,"curve":0.25,"c3":0.75},{"time":0.7667,"curve":0.25,"c3":0.75},{"time":1,"angle":-6.51,"curve":0.25,"c3":0.75},{"time":1.3333,"curve":0.25,"c3":0.75},{"time":1.6667,"angle":4.83,"curve":0.25,"c3":0.75},{"time":1.8333,"curve":"stepped"},{"time":2.3333,"curve":"stepped"},{"time":2.4667,"curve":0.85,"c2":0.06,"c3":0.837},{"time":2.8,"angle":-60.07,"curve":0.25,"c3":0.75},{"time":3.3333,"angle":-63.96,"curve":0.645,"c2":0.01,"c3":0.75},{"time":4,"angle":-55.6,"curve":0.665,"c2":0.03,"c3":0.532},{"time":5.3333,"angle":-60.07,"curve":"stepped"},{"time":5.4,"angle":-60.07,"curve":0.689,"c3":0.536},{"time":6.0667,"angle":-54.44,"curve":0.995,"c3":0.391},{"time":6.7333}],"translate":[{"curve":"stepped"},{"time":0.3333,"curve":"stepped"},{"time":0.6667,"curve":"stepped"},{"time":0.7667,"curve":"stepped"},{"time":1,"curve":"stepped"},{"time":1.3333,"curve":"stepped"},{"time":1.6667,"curve":"stepped"},{"time":1.8333,"curve":"stepped"},{"time":2.3333,"curve":"stepped"},{"time":2.4667,"curve":"stepped"},{"time":6.7333}],"scale":[{"curve":"stepped"},{"time":0.3333,"curve":"stepped"},{"time":0.6667,"curve":"stepped"},{"time":0.7667,"curve":"stepped"},{"time":1,"curve":"stepped"},{"time":1.3333,"curve":"stepped"},{"time":1.6667,"curve":"stepped"},{"time":1.8333,"curve":"stepped"},{"time":2.3333,"curve":"stepped"},{"time":2.4667,"curve":"stepped"},{"time":6.7333}]},"arm1_r":{"rotate":[{"curve":0.468,"c2":0.01,"c3":0.369},{"time":0.3333,"angle":-5.49,"curve":0.25,"c3":0.75},{"time":0.6667,"angle":-10.57,"curve":0.25,"c3":0.75},{"time":0.7667,"curve":0.25,"c3":0.75},{"time":1,"angle":5.56,"curve":0.25,"c3":0.75},{"time":1.3333,"curve":0.25,"c3":0.75},{"time":1.6667,"angle":-3.53,"curve":0.25,"c3":0.75},{"time":1.8333,"curve":"stepped"},{"time":2.3333,"curve":"stepped"},{"time":2.4667,"curve":0.85,"c2":0.06,"c3":0.837},{"time":2.8,"angle":57.48,"curve":"stepped"},{"time":3.3333,"angle":57.48,"curve":"stepped"},{"time":4,"angle":57.48,"curve":"stepped"},{"time":5.3333,"angle":57.48,"curve":"stepped"},{"time":5.4,"angle":57.48,"curve":"stepped"},{"time":6.0667,"angle":57.48,"curve":0.995,"c3":0.391},{"time":6.7333}],"translate":[{"curve":"stepped"},{"time":0.3333,"curve":"stepped"},{"time":0.6667,"curve":"stepped"},{"time":0.7667,"curve":"stepped"},{"time":1,"curve":"stepped"},{"time":1.3333,"curve":"stepped"},{"time":1.6667,"curve":"stepped"},{"time":1.8333,"curve":"stepped"},{"time":2.3333,"curve":"stepped"},{"time":2.4667,"curve":"stepped"},{"time":6.7333}],"scale":[{"curve":"stepped"},{"time":0.3333,"curve":"stepped"},{"time":0.6667,"curve":"stepped"},{"time":0.7667,"curve":"stepped"},{"time":1,"curve":"stepped"},{"time":1.3333,"curve":"stepped"},{"time":1.6667,"curve":"stepped"},{"time":1.8333,"curve":"stepped"},{"time":2.3333,"curve":"stepped"},{"time":2.4667,"curve":"stepped"},{"time":6.7333}]},"hand_r":{"rotate":[{"curve":"stepped"},{"time":0.3333,"curve":"stepped"},{"time":0.6667,"curve":"stepped"},{"time":0.7667,"curve":"stepped"},{"time":1,"curve":"stepped"},{"time":6.7333}],"translate":[{"curve":"stepped"},{"time":0.3333,"curve":"stepped"},{"time":0.6667,"curve":"stepped"},{"time":0.7667,"curve":"stepped"},{"time":1,"curve":"stepped"},{"time":6.7333}],"scale":[{"curve":"stepped"},{"time":0.3333,"curve":"stepped"},{"time":0.6667,"curve":"stepped"},{"time":0.7667,"curve":"stepped"},{"time":1,"curve":"stepped"},{"time":6.7333}]},"horn_l":{"rotate":[{"curve":"stepped"},{"time":0.3333,"curve":"stepped"},{"time":0.6667,"curve":"stepped"},{"time":0.7667,"curve":"stepped"},{"time":1,"curve":"stepped"},{"time":6.7333}],"translate":[{"curve":"stepped"},{"time":0.3333,"curve":"stepped"},{"time":0.6667,"curve":"stepped"},{"time":0.7667,"curve":"stepped"},{"time":1,"curve":"stepped"},{"time":6.7333}],"scale":[{"curve":"stepped"},{"time":0.3333,"curve":"stepped"},{"time":0.6667,"curve":"stepped"},{"time":0.7667,"curve":"stepped"},{"time":1,"curve":"stepped"},{"time":6.7333}]},"horn_r":{"rotate":[{"curve":"stepped"},{"time":0.3333,"curve":"stepped"},{"time":0.6667,"curve":"stepped"},{"time":0.7667,"curve":"stepped"},{"time":1,"curve":"stepped"},{"time":6.7333}],"translate":[{"curve":"stepped"},{"time":0.3333,"curve":"stepped"},{"time":0.6667,"curve":"stepped"},{"time":0.7667,"curve":"stepped"},{"time":1,"curve":"stepped"},{"time":6.7333}],"scale":[{"curve":"stepped"},{"time":0.3333,"curve":"stepped"},{"time":0.6667,"curve":"stepped"},{"time":0.7667,"curve":"stepped"},{"time":1,"curve":"stepped"},{"time":6.7333}]},"wing_l":{"rotate":[{"curve":0.468,"c2":0.01,"c3":0.369},{"time":0.3333,"angle":-7.13},{"time":0.6667,"angle":-9.99},{"time":0.7667,"curve":"stepped"},{"time":1,"curve":0.75,"c2":0.02,"c3":0.416},{"time":2.4667,"angle":15.24,"curve":0.601,"c3":0.41},{"time":2.8,"angle":52.56},{"time":3.3333,"angle":60.8},{"time":4,"angle":52.56},{"time":5.3333,"angle":58.02},{"time":5.4,"angle":52.56},{"time":6.0667,"angle":44.68,"curve":0.761,"c2":0.03,"c3":0.573},{"time":6.7333}],"translate":[{"curve":"stepped"},{"time":0.3333,"curve":"stepped"},{"time":0.6667,"curve":"stepped"},{"time":0.7667,"curve":"stepped"},{"time":1,"curve":"stepped"},{"time":2.4667,"curve":"stepped"},{"time":6.7333}],"scale":[{"curve":"stepped"},{"time":0.3333,"curve":"stepped"},{"time":0.6667,"curve":"stepped"},{"time":0.7667,"curve":"stepped"},{"time":1,"curve":0.75,"c2":0.02,"c3":0.416},{"time":2.4667,"y":1.238,"curve":0.658,"c3":0.602,"c4":0.74},{"time":6.0667,"y":1.195,"curve":0.761,"c2":0.03,"c3":0.573},{"time":6.7333}]},"wing_r":{"rotate":[{"curve":0.468,"c2":0.01,"c3":0.369},{"time":0.3333,"angle":9.27},{"time":0.6667,"angle":14.42},{"time":0.7667,"curve":"stepped"},{"time":1,"curve":0.75,"c2":0.02,"c3":0.416},{"time":2.4667,"angle":-30.23,"curve":0.601,"c3":0.41},{"time":2.8,"angle":-105.5,"curve":"stepped"},{"time":3.3333,"angle":-105.5,"curve":"stepped"},{"time":4,"angle":-105.5,"curve":"stepped"},{"time":5.3333,"angle":-105.5,"curve":"stepped"},{"time":5.4,"angle":-105.5,"curve":"stepped"},{"time":6.0667,"angle":-105.5,"curve":0.761,"c2":0.03,"c3":0.573},{"time":6.7333}],"translate":[{"curve":"stepped"},{"time":0.3333,"curve":"stepped"},{"time":0.6667,"curve":"stepped"},{"time":0.7667,"curve":"stepped"},{"time":1,"curve":"stepped"},{"time":2.4667,"curve":"stepped"},{"time":6.7333}],"scale":[{"curve":"stepped"},{"time":0.3333,"curve":"stepped"},{"time":0.6667,"curve":"stepped"},{"time":0.7667,"curve":"stepped"},{"time":1,"curve":0.75,"c2":0.02,"c3":0.416},{"time":2.4667,"y":1.332,"curve":0.601,"c3":0.41},{"time":6.7333}]},"waist":{"rotate":[{"curve":"stepped"},{"time":0.3333,"curve":"stepped"},{"time":0.6667,"curve":"stepped"},{"time":0.7667,"curve":"stepped"},{"time":1,"curve":"stepped"},{"time":6.7333}],"translate":[{"curve":"stepped"},{"time":0.3333,"curve":"stepped"},{"time":0.6667,"curve":"stepped"},{"time":0.7667,"curve":"stepped"},{"time":1,"curve":"stepped"},{"time":6.7333}],"scale":[{"curve":"stepped"},{"time":0.3333,"curve":"stepped"},{"time":0.6667,"curve":"stepped"},{"time":0.7667,"curve":"stepped"},{"time":1,"curve":"stepped"},{"time":6.7333}]},"foot_left":{"rotate":[{"curve":"stepped"},{"time":0.3333,"curve":"stepped"},{"time":0.6667,"curve":"stepped"},{"time":0.7667,"curve":"stepped"},{"time":1,"curve":"stepped"},{"time":6.7333}],"translate":[{"curve":"stepped"},{"time":0.3333,"curve":"stepped"},{"time":0.6667,"curve":"stepped"},{"time":0.7667,"curve":"stepped"},{"time":1,"curve":"stepped"},{"time":6.7333}],"scale":[{"curve":"stepped"},{"time":0.3333,"curve":"stepped"},{"time":0.6667,"curve":"stepped"},{"time":0.7667,"curve":"stepped"},{"time":1,"curve":"stepped"},{"time":6.7333}]},"leg2_l":{"rotate":[{"curve":"stepped"},{"time":0.3333,"curve":"stepped"},{"time":0.6667,"curve":"stepped"},{"time":0.7667,"curve":"stepped"},{"time":1,"curve":"stepped"},{"time":6.7333}],"translate":[{"curve":"stepped"},{"time":0.3333,"curve":"stepped"},{"time":0.6667,"curve":"stepped"},{"time":0.7667,"curve":"stepped"},{"time":1,"curve":"stepped"},{"time":6.7333}],"scale":[{"curve":"stepped"},{"time":0.3333,"curve":"stepped"},{"time":0.6667,"curve":"stepped"},{"time":0.7667,"curve":"stepped"},{"time":1,"curve":"stepped"},{"time":6.7333}]},"leg1_l":{"rotate":[{"curve":"stepped"},{"time":0.3333,"curve":"stepped"},{"time":0.6667,"curve":"stepped"},{"time":0.7667,"curve":"stepped"},{"time":1,"curve":"stepped"},{"time":6.7333}],"translate":[{"curve":"stepped"},{"time":0.3333,"curve":"stepped"},{"time":0.6667,"curve":"stepped"},{"time":0.7667,"curve":"stepped"},{"time":1,"curve":"stepped"},{"time":6.7333}],"scale":[{"curve":"stepped"},{"time":0.3333,"curve":"stepped"},{"time":0.6667,"curve":"stepped"},{"time":0.7667,"curve":"stepped"},{"time":1,"curve":"stepped"},{"time":6.7333}]},"foot_left2":{"rotate":[{"curve":"stepped"},{"time":6.7333}],"translate":[{"curve":"stepped"},{"time":6.7333}],"scale":[{"curve":"stepped"},{"time":6.7333}]},"foot_l":{"rotate":[{"curve":"stepped"},{"time":0.3333,"curve":"stepped"},{"time":0.6667,"curve":"stepped"},{"time":0.7667,"curve":"stepped"},{"time":1,"curve":"stepped"},{"time":6.7333}],"translate":[{"curve":"stepped"},{"time":0.3333,"curve":"stepped"},{"time":0.6667,"curve":"stepped"},{"time":0.7667,"curve":"stepped"},{"time":1,"curve":"stepped"},{"time":6.7333}],"scale":[{"curve":"stepped"},{"time":0.3333,"curve":"stepped"},{"time":0.6667,"curve":"stepped"},{"time":0.7667,"curve":"stepped"},{"time":1,"curve":"stepped"},{"time":6.7333}]},"foot_r2":{"rotate":[{"curve":"stepped"},{"time":0.3333,"curve":"stepped"},{"time":0.6667,"curve":"stepped"},{"time":0.7667,"curve":"stepped"},{"time":1,"curve":"stepped"},{"time":6.7333}],"translate":[{"curve":"stepped"},{"time":0.3333,"curve":"stepped"},{"time":0.6667,"curve":"stepped"},{"time":0.7667,"curve":"stepped"},{"time":1,"curve":"stepped"},{"time":6.7333}],"scale":[{"curve":"stepped"},{"time":0.3333,"curve":"stepped"},{"time":0.6667,"curve":"stepped"},{"time":0.7667,"curve":"stepped"},{"time":1,"curve":"stepped"},{"time":6.7333}]},"leg2_r":{"rotate":[{"curve":"stepped"},{"time":0.3333,"curve":"stepped"},{"time":0.6667,"curve":"stepped"},{"time":0.7667,"curve":"stepped"},{"time":1,"curve":"stepped"},{"time":6.7333}],"translate":[{"curve":"stepped"},{"time":0.3333,"curve":"stepped"},{"time":0.6667,"curve":"stepped"},{"time":0.7667,"curve":"stepped"},{"time":1,"curve":"stepped"},{"time":6.7333}],"scale":[{"curve":"stepped"},{"time":0.3333,"curve":"stepped"},{"time":0.6667,"curve":"stepped"},{"time":0.7667,"curve":"stepped"},{"time":1,"curve":"stepped"},{"time":6.7333}]},"leg1_r":{"rotate":[{"curve":"stepped"},{"time":0.3333,"curve":"stepped"},{"time":0.6667,"curve":"stepped"},{"time":0.7667,"curve":"stepped"},{"time":1,"curve":"stepped"},{"time":6.7333}],"translate":[{"curve":"stepped"},{"time":0.3333,"curve":"stepped"},{"time":0.6667,"curve":"stepped"},{"time":0.7667,"curve":"stepped"},{"time":1,"curve":"stepped"},{"time":6.7333}],"scale":[{"curve":"stepped"},{"time":0.3333,"curve":"stepped"},{"time":0.6667,"curve":"stepped"},{"time":0.7667,"curve":"stepped"},{"time":1,"curve":"stepped"},{"time":6.7333}]},"foot_r3":{"rotate":[{"curve":"stepped"},{"time":0.3333,"curve":"stepped"},{"time":0.6667,"curve":"stepped"},{"time":0.7667,"curve":"stepped"},{"time":1,"curve":"stepped"},{"time":6.7333}],"translate":[{"curve":"stepped"},{"time":0.3333,"curve":"stepped"},{"time":0.6667,"curve":"stepped"},{"time":0.7667,"curve":"stepped"},{"time":1,"curve":"stepped"},{"time":6.7333}],"scale":[{"curve":"stepped"},{"time":0.3333,"curve":"stepped"},{"time":0.6667,"curve":"stepped"},{"time":0.7667,"curve":"stepped"},{"time":1,"curve":"stepped"},{"time":6.7333}]},"foot_r":{"rotate":[{"curve":"stepped"},{"time":0.3333,"curve":"stepped"},{"time":0.6667,"curve":"stepped"},{"time":0.7667,"curve":"stepped"},{"time":1,"curve":"stepped"},{"time":6.7333}],"translate":[{"curve":"stepped"},{"time":0.3333,"curve":"stepped"},{"time":0.6667,"curve":"stepped"},{"time":0.7667,"curve":"stepped"},{"time":1,"curve":"stepped"},{"time":6.7333}],"scale":[{"curve":"stepped"},{"time":0.3333,"curve":"stepped"},{"time":0.6667,"curve":"stepped"},{"time":0.7667,"curve":"stepped"},{"time":1,"curve":"stepped"},{"time":6.7333}]},"tail":{"rotate":[{"curve":"stepped"},{"time":0.3333,"curve":"stepped"},{"time":0.6667,"curve":"stepped"},{"time":0.7667},{"time":1,"angle":11.42},{"time":2.4667},{"time":2.8,"angle":-292.98,"curve":"stepped"},{"time":3.3333,"angle":-292.98,"curve":"stepped"},{"time":4,"angle":-292.98,"curve":"stepped"},{"time":5.3333,"angle":-292.98,"curve":"stepped"},{"time":5.4,"angle":-292.98,"curve":"stepped"},{"time":6.0667,"angle":-292.98},{"time":6.7333}],"translate":[{"curve":"stepped"},{"time":0.3333,"curve":"stepped"},{"time":0.6667,"curve":"stepped"},{"time":0.7667,"curve":"stepped"},{"time":1,"curve":"stepped"},{"time":6.7333}],"scale":[{"curve":"stepped"},{"time":0.3333,"curve":"stepped"},{"time":0.6667,"curve":"stepped"},{"time":0.7667,"curve":"stepped"},{"time":1,"curve":"stepped"},{"time":6.7333}]},"bone2":{"rotate":[{"curve":"stepped"},{"time":0.3333,"curve":"stepped"},{"time":0.6667,"curve":"stepped"},{"time":0.7667,"curve":"stepped"},{"time":1,"curve":"stepped"},{"time":2.4667,"curve":"stepped"},{"time":6.7333}],"translate":[{"curve":"stepped"},{"time":0.3333,"curve":"stepped"},{"time":0.6667,"curve":"stepped"},{"time":0.7667,"curve":"stepped"},{"time":1,"curve":"stepped"},{"time":6.7333}],"scale":[{"curve":"stepped"},{"time":0.3333,"curve":"stepped"},{"time":0.6667,"curve":"stepped"},{"time":0.7667,"curve":"stepped"},{"time":1,"curve":"stepped"},{"time":6.7333}]},"bone3":{"rotate":[{"curve":"stepped"},{"time":0.3333},{"time":0.6667,"angle":-11.4},{"time":0.7667,"curve":"stepped"},{"time":1,"curve":"stepped"},{"time":2.4667,"curve":"stepped"},{"time":6.7333}],"translate":[{"curve":"stepped"},{"time":0.3333,"curve":"stepped"},{"time":0.6667,"curve":"stepped"},{"time":0.7667,"curve":"stepped"},{"time":1,"curve":"stepped"},{"time":6.7333}],"scale":[{"curve":"stepped"},{"time":0.3333,"curve":"stepped"},{"time":0.6667,"curve":"stepped"},{"time":0.7667,"curve":"stepped"},{"time":1,"curve":"stepped"},{"time":6.7333}]},"bone4":{"rotate":[{"curve":"stepped"},{"time":0.3333,"curve":"stepped"},{"time":0.6667,"curve":"stepped"},{"time":0.7667,"curve":"stepped"},{"time":1,"curve":"stepped"},{"time":2.4667},{"time":2.8,"angle":-14.87,"curve":"stepped"},{"time":3.3333,"angle":-14.87,"curve":"stepped"},{"time":4,"angle":-14.87,"curve":"stepped"},{"time":5.3333,"angle":-14.87,"curve":"stepped"},{"time":5.4,"angle":-14.87,"curve":"stepped"},{"time":6.0667,"angle":-14.87},{"time":6.7333}],"translate":[{"curve":"stepped"},{"time":0.3333,"curve":"stepped"},{"time":0.6667,"curve":"stepped"},{"time":0.7667,"curve":"stepped"},{"time":1,"curve":"stepped"},{"time":6.7333}],"scale":[{"curve":"stepped"},{"time":0.3333,"curve":"stepped"},{"time":0.6667,"curve":"stepped"},{"time":0.7667,"curve":"stepped"},{"time":1,"curve":"stepped"},{"time":6.7333}]},"bone5":{"rotate":[{"curve":"stepped"},{"time":0.3333,"curve":"stepped"},{"time":0.6667,"curve":"stepped"},{"time":0.7667},{"time":1,"angle":-6.15},{"time":2.4667},{"time":2.8,"angle":19.96,"curve":"stepped"},{"time":3.3333,"angle":19.96,"curve":"stepped"},{"time":4,"angle":19.96,"curve":"stepped"},{"time":5.3333,"angle":19.96,"curve":"stepped"},{"time":5.4,"angle":19.96,"curve":"stepped"},{"time":6.0667,"angle":19.96},{"time":6.7333}],"translate":[{"curve":"stepped"},{"time":0.3333,"curve":"stepped"},{"time":0.6667,"curve":"stepped"},{"time":0.7667,"curve":"stepped"},{"time":1,"curve":"stepped"},{"time":6.7333}],"scale":[{"curve":"stepped"},{"time":0.3333,"curve":"stepped"},{"time":0.6667,"curve":"stepped"},{"time":0.7667,"curve":"stepped"},{"time":1,"curve":"stepped"},{"time":6.7333}]},"bone6":{"rotate":[{"curve":"stepped"},{"time":0.3333,"curve":"stepped"},{"time":0.6667,"curve":"stepped"},{"time":0.7667,"curve":"stepped"},{"time":1,"curve":"stepped"},{"time":2.4667},{"time":2.8,"angle":26.99,"curve":"stepped"},{"time":3.3333,"angle":26.99,"curve":"stepped"},{"time":4,"angle":26.99,"curve":"stepped"},{"time":5.3333,"angle":26.99,"curve":"stepped"},{"time":5.4,"angle":26.99,"curve":"stepped"},{"time":6.0667,"angle":26.99},{"time":6.7333}],"translate":[{"curve":"stepped"},{"time":0.3333,"curve":"stepped"},{"time":0.6667,"curve":"stepped"},{"time":0.7667,"curve":"stepped"},{"time":1,"curve":"stepped"},{"time":6.7333}],"scale":[{"curve":"stepped"},{"time":0.3333,"curve":"stepped"},{"time":0.6667,"curve":"stepped"},{"time":0.7667,"curve":"stepped"},{"time":1,"curve":"stepped"},{"time":6.7333}]},"bone7":{"rotate":[{"curve":"stepped"},{"time":0.3333,"curve":"stepped"},{"time":0.6667,"curve":"stepped"},{"time":0.7667,"curve":"stepped"},{"time":1,"curve":"stepped"},{"time":2.4667},{"time":2.8,"angle":48.81,"curve":"stepped"},{"time":3.3333,"angle":48.81,"curve":"stepped"},{"time":4,"angle":48.81,"curve":"stepped"},{"time":5.3333,"angle":48.81,"curve":"stepped"},{"time":5.4,"angle":48.81,"curve":"stepped"},{"time":6.0667,"angle":48.81},{"time":6.7333}],"translate":[{"curve":"stepped"},{"time":0.3333,"curve":"stepped"},{"time":0.6667,"curve":"stepped"},{"time":0.7667,"curve":"stepped"},{"time":1,"curve":"stepped"},{"time":6.7333}],"scale":[{"curve":"stepped"},{"time":0.3333,"curve":"stepped"},{"time":0.6667,"curve":"stepped"},{"time":0.7667,"curve":"stepped"},{"time":1,"curve":"stepped"},{"time":6.7333}]},"bone8":{"rotate":[{"curve":"stepped"},{"time":0.3333,"curve":"stepped"},{"time":0.6667,"curve":"stepped"},{"time":0.7667,"curve":"stepped"},{"time":1,"curve":"stepped"},{"time":2.4667},{"time":2.8,"angle":50.03,"curve":"stepped"},{"time":3.3333,"angle":50.03,"curve":"stepped"},{"time":4,"angle":50.03,"curve":"stepped"},{"time":5.3333,"angle":50.03,"curve":"stepped"},{"time":5.4,"angle":50.03,"curve":"stepped"},{"time":6.0667,"angle":50.03},{"time":6.7333}],"translate":[{"curve":"stepped"},{"time":0.3333,"curve":"stepped"},{"time":0.6667,"curve":"stepped"},{"time":0.7667,"curve":"stepped"},{"time":1,"curve":"stepped"},{"time":6.7333}],"scale":[{"curve":"stepped"},{"time":0.3333,"curve":"stepped"},{"time":0.6667,"curve":"stepped"},{"time":0.7667,"curve":"stepped"},{"time":1,"curve":"stepped"},{"time":6.7333}]},"bone9":{"rotate":[{"curve":"stepped"},{"time":0.3333,"curve":"stepped"},{"time":0.6667,"curve":"stepped"},{"time":0.7667,"curve":"stepped"},{"time":1,"curve":"stepped"},{"time":2.4667,"curve":"stepped"},{"time":6.7333}],"translate":[{"curve":"stepped"},{"time":0.3333,"curve":"stepped"},{"time":0.6667,"curve":"stepped"},{"time":0.7667,"curve":"stepped"},{"time":1,"curve":"stepped"},{"time":6.7333}],"scale":[{"curve":"stepped"},{"time":0.3333,"curve":"stepped"},{"time":0.6667,"curve":"stepped"},{"time":0.7667,"curve":"stepped"},{"time":1,"curve":"stepped"},{"time":6.7333}]},"bone10":{"rotate":[{"curve":"stepped"},{"time":0.3333,"curve":"stepped"},{"time":0.6667,"curve":"stepped"},{"time":0.7667,"curve":"stepped"},{"time":1,"curve":"stepped"},{"time":2.4667,"curve":"stepped"},{"time":6.7333}],"translate":[{"curve":"stepped"},{"time":0.3333,"curve":"stepped"},{"time":0.6667,"curve":"stepped"},{"time":0.7667,"curve":"stepped"},{"time":1,"curve":"stepped"},{"time":6.7333}],"scale":[{"curve":"stepped"},{"time":0.3333,"curve":"stepped"},{"time":0.6667,"curve":"stepped"},{"time":0.7667,"curve":"stepped"},{"time":1,"curve":"stepped"},{"time":6.7333}]},"manteau":{"rotate":[{"curve":0.468,"c2":0.01,"c3":0.369},{"time":0.3333,"angle":1.82},{"time":0.6667,"angle":0.12},{"time":0.7667,"angle":-3.91},{"time":1},{"time":1.6667,"angle":0.32},{"time":2.3333,"angle":0.38},{"time":3,"angle":0.61},{"time":3.3333,"angle":4.41},{"time":3.6667,"angle":5.91},{"time":4,"angle":6.05},{"time":6.7333}],"translate":[{"curve":"stepped"},{"time":0.3333,"curve":"stepped"},{"time":0.6667,"curve":"stepped"},{"time":0.7667,"curve":"stepped"},{"time":1,"curve":"stepped"},{"time":6.7333}],"scale":[{"curve":"stepped"},{"time":0.3333,"curve":"stepped"},{"time":0.6667,"curve":"stepped"},{"time":0.7667,"curve":"stepped"},{"time":1,"curve":"stepped"},{"time":6.7333}]},"bone11":{"rotate":[{"curve":0.468,"c2":0.01,"c3":0.369},{"time":0.3333,"angle":-3.59},{"time":0.6667,"angle":-0.58},{"time":0.7667,"angle":-5.05},{"time":1},{"time":1.6667,"angle":0.57},{"time":2.3333,"angle":0.55},{"time":3,"angle":0.66},{"time":3.3333,"angle":0.07},{"time":3.6667,"angle":0.23},{"time":4,"angle":1.33},{"time":6.7333}],"translate":[{"curve":"stepped"},{"time":0.3333,"curve":"stepped"},{"time":0.6667,"curve":"stepped"},{"time":0.7667,"curve":"stepped"},{"time":1,"curve":"stepped"},{"time":6.7333}],"scale":[{"curve":"stepped"},{"time":0.3333,"curve":"stepped"},{"time":0.6667,"curve":"stepped"},{"time":0.7667,"curve":"stepped"},{"time":1,"curve":"stepped"},{"time":6.7333}]},"bone12":{"rotate":[{"curve":0.468,"c2":0.01,"c3":0.369},{"time":0.3333,"angle":-0.59},{"time":0.6667,"angle":-0.89},{"time":0.7667,"angle":8.25},{"time":1},{"time":1.6667,"angle":0.84},{"time":2.3333,"angle":0.78},{"time":3,"angle":1.07},{"time":3.3333,"angle":-0.62},{"time":3.6667,"angle":1.01},{"time":4,"angle":3.44},{"time":6.7333}],"translate":[{"curve":"stepped"},{"time":0.3333,"curve":"stepped"},{"time":0.6667,"curve":"stepped"},{"time":0.7667,"curve":"stepped"},{"time":1,"curve":"stepped"},{"time":6.7333}],"scale":[{"curve":"stepped"},{"time":0.3333,"curve":"stepped"},{"time":0.6667,"curve":"stepped"},{"time":0.7667,"curve":"stepped"},{"time":1,"curve":"stepped"},{"time":6.7333}]},"bone13":{"rotate":[{"curve":0.468,"c2":0.01,"c3":0.369},{"time":0.3333,"angle":-0.59},{"time":0.6667,"angle":-1.54},{"time":0.7667,"angle":16.79},{"time":1},{"time":1.6667,"angle":2.49},{"time":2.3333,"angle":2.51},{"time":3,"angle":3.09},{"time":3.3333,"angle":-3.39},{"time":3.6667,"angle":2.71},{"time":4,"angle":9.4},{"time":6.7333}],"translate":[{"curve":"stepped"},{"time":0.3333,"curve":"stepped"},{"time":0.6667,"curve":"stepped"},{"time":0.7667,"curve":"stepped"},{"time":1,"curve":"stepped"},{"time":6.7333}],"scale":[{"curve":"stepped"},{"time":0.3333,"curve":"stepped"},{"time":0.6667,"curve":"stepped"},{"time":0.7667,"curve":"stepped"},{"time":1,"curve":"stepped"},{"time":6.7333}]},"bone14":{"rotate":[{"curve":0.468,"c2":0.01,"c3":0.369},{"time":0.3333,"angle":-2.41},{"time":0.6667,"angle":-2.62},{"time":0.7667,"angle":18.48},{"time":1},{"time":1.6667,"angle":5.6},{"time":2.3333,"angle":5.36},{"time":3,"angle":6.47},{"time":3.3333,"angle":-6.74},{"time":3.6667,"angle":3.71},{"time":4,"angle":17.97},{"time":6.7333}],"translate":[{"curve":"stepped"},{"time":0.3333,"curve":"stepped"},{"time":0.6667,"curve":"stepped"},{"time":0.7667,"curve":"stepped"},{"time":1,"curve":"stepped"},{"time":6.7333}],"scale":[{"curve":"stepped"},{"time":0.3333,"curve":"stepped"},{"time":0.6667,"curve":"stepped"},{"time":0.7667,"curve":"stepped"},{"time":1,"curve":"stepped"},{"time":6.7333}]},"bone15":{"rotate":[{"curve":0.468,"c2":0.01,"c3":0.369},{"time":0.3333,"angle":0.72},{"time":0.6667,"angle":-6.43},{"time":0.7667,"angle":-8.87},{"time":1},{"time":1.6667,"angle":17.11},{"time":2.3333,"angle":16.05},{"time":3,"angle":18.56},{"time":3.3333,"angle":-3.63},{"time":3.6667,"angle":-1.57},{"time":4,"angle":40.14},{"time":6.7333}],"translate":[{"curve":"stepped"},{"time":0.3333,"curve":"stepped"},{"time":0.6667,"curve":"stepped"},{"time":0.7667,"curve":"stepped"},{"time":1,"curve":"stepped"},{"time":6.7333}],"scale":[{"curve":"stepped"},{"time":0.3333,"curve":"stepped"},{"time":0.6667,"curve":"stepped"},{"time":0.7667,"curve":"stepped"},{"time":1,"curve":"stepped"},{"time":6.7333}]},"bone16":{"rotate":[{"curve":0.354,"c2":0.08,"c3":0.686,"c4":0.42},{"time":0.3333,"angle":-4.04,"curve":0.354,"c2":0.24,"c3":0.686,"c4":0.58},{"time":0.6667,"angle":-4.94,"curve":0.339,"c2":0.31,"c3":0.672,"c4":0.65},{"time":0.7667,"angle":-5.55,"curve":0.386,"c2":0.23,"c3":0.711,"c4":0.58},{"time":1.6667,"angle":10.7,"curve":0.36,"c2":0.3,"c3":0.688,"c4":0.64},{"time":2.3333,"angle":85.72,"curve":0.344,"c2":0.32,"c3":0.671,"c4":0.66},{"time":3,"angle":30.89,"curve":0.331,"c2":0.33,"c3":0.663,"c4":0.67},{"time":3.3333,"angle":3.45,"curve":0.326,"c2":0.33,"c3":0.658,"c4":0.67},{"time":3.6667,"angle":-2.54,"curve":0.322,"c2":0.34,"c3":0.654,"c4":0.67},{"time":4,"angle":85.44,"curve":0.207,"c2":0.54,"c3":0.482},{"time":6.7333}],"translate":[{"curve":"stepped"},{"time":6.7333}],"scale":[{"curve":"stepped"},{"time":6.7333}]},"effect_sleep2":{"translate":[{"time":2.5333}],"scale":[{"time":2.5333,"curve":1,"c3":0.801,"c4":0.69},{"time":2.8,"x":1.263,"y":1.263,"curve":0.155,"c2":0.81,"c3":0.934,"c4":0.77},{"time":5,"x":1.617,"y":1.617}]},"effect_sleep1":{"translate":[{"time":3,"y":-7.51},{"time":3.3333,"x":-25.22,"y":15.07},{"time":3.6667,"x":40,"y":631.07},{"time":5.3333,"x":40,"y":703.54}],"scale":[{"time":3.3333,"x":1.151,"y":1.215},{"time":3.6667,"x":1.151,"y":9.148},{"time":5.3333,"x":1.337,"y":10.631}]},"effect_sleep5":{"translate":[{"time":3.5,"x":31.52,"y":-409.82},{"time":3.6667,"x":31.52,"y":-245.89},{"time":5.9,"x":31.52,"y":-138.71}],"scale":[{"time":3.5,"x":0.48,"y":0.48},{"time":3.6667,"x":0.93,"y":0.93},{"time":5.9,"x":1.142,"y":1.142}]}},"deform":{"default":{"arm2_l":{"arm2_l":[{},{"time":0.3333,"vertices":[2.70163,-6.08691,-2.0717,-6.91974,-9.26917,-3.25702,0,0,0,0,1.79404,8.51086,7.12256,6.1615,0,0,0,0,3.73738,-2.62695],"curve":"stepped"},{"time":0.6667,"vertices":[2.70163,-6.08691,-2.0717,-6.91974,-9.26917,-3.25702,0,0,0,0,1.79404,8.51086,7.12256,6.1615,0,0,0,0,3.73738,-2.62695],"curve":0.25,"c3":0.75},{"time":1,"vertices":[9.96067,-10.85356,-2.66404,-11.41718,-8.52764,-2.99646,12.52623,-6.01178,0,0,11.40033,17.72935,6.55275,5.66858,0,0,0,0,3.43839,-2.4168],"curve":0.25,"c3":0.75},{"time":1.8333,"vertices":[7.79531,-8.49409,-2.0849,-8.93519,-6.6738,-2.34505,9.80314,-4.70487,0,0,8.922,13.87514,5.12824,4.43628,0,0,0,0,2.69091,-1.89141],"curve":"stepped"},{"time":2.3333,"vertices":[7.79531,-8.49409,-2.0849,-8.93519,-6.6738,-2.34505,9.80314,-4.70487,0,0,8.922,13.87514,5.12824,4.43628,0,0,0,0,2.69091,-1.89141],"curve":0.25,"c3":0.75},{"time":2.4667,"vertices":[10.11735,13.77297,-2.11833,11.20983,-6.30304,-2.21477,9.25852,-4.44349,0,0,8.42633,13.1043,4.84334,4.18982,0,0,0,0,2.54142,-1.78633],"curve":0.85,"c2":0.06,"c3":0.837},{"time":2.8,"vertices":[14.58247,8.63559,8.06387,-11.97024,2.34139,-7.79106,49.96768,-33.14216,60.14203,-24.94373,7.435,11.56262,4.27353,3.6969,0,0,0,0,2.24243,-1.57617],"curve":0.25,"c3":0.75},{"time":3.3333,"vertices":[29.04744,2.01144,9.05577,-16.3135,1.87311,-6.23285,55.28945,-36.08148,60.82456,-22.78512,5.948,9.25009,3.41883,2.95752,0,0,0,0,1.79394,-1.26094],"curve":0.645,"c2":0.01,"c3":0.75},{"time":4,"vertices":[21.78558,1.50858,6.79183,-12.23512,1.40483,-4.67464,52.62773,-32.23237,55.6993,-21.05899,4.461,6.93757,2.56412,2.21814,0,0,0,0,1.34546,-0.9457],"curve":0.665,"c2":0.03,"c3":0.532},{"time":5.3333,"vertices":[14.52372,1.00572,-0.34498,-27.05415,7.02182,4.42563,56.2538,-26.11697,64.3435,-21.46822,2.974,4.62505,1.70941,1.47876,0,0,0,0,0.89697,-0.63047]},{"time":6.0667,"vertices":[7.26186,0.50286,13.98321,-6.27067,14.86662,3.42668,62.8791,-26.57289,59.3825,-18.16307,1.487,2.31252,0.85471,0.73938,0,0,0,0,0.44849,-0.31523],"curve":0.995,"c3":0.391},{"time":6.7333}]},"body":{"body":[{},{"time":0.3333,"offset":20,"vertices":[25.24344,-3.70274,0,0,0,0,0,0,0,0,5.25568,-4.73807,13.45767,-8.32155],"curve":"stepped"},{"time":0.6667,"offset":20,"vertices":[25.24344,-3.70274,0,0,0,0,0,0,0,0,5.25568,-4.73807,13.45767,-8.32155]},{"time":1,"offset":2,"vertices":[-14.612,11.26793,0,0,0,0,0,0,0,0,-5.2558,4.73819,0,0,0,0,0,0,3.23651,-4.44139,0,0,0,0,0,0,0,0,-15.66997,4.59941,12.38106,-7.65582,-17.55869,10.11314]},{"time":1.8675,"offset":2,"vertices":[-11.43548,8.81838,0,0,0,0,0,0,0,0,-4.11323,3.70815,0,0,0,0,0,0,2.53292,-3.47587,0,0,0,0,0,0,0,0,-12.26345,3.59954,9.68952,-5.99152,-13.74158,7.91463],"curve":"stepped"},{"time":2.3333,"offset":2,"vertices":[-11.43548,8.81838,0,0,0,0,0,0,0,0,-4.11323,3.70815,0,0,0,0,0,0,2.53292,-3.47587,0,0,0,0,0,0,0,0,-12.26345,3.59954,9.68952,-5.99152,-13.74158,7.91463]},{"time":2.8,"offset":2,"vertices":[-9.52956,7.34865,0,0,0,0,0,0,0,0,-3.42769,3.09012,0,0,0,0,0,0,0.80831,-17.28505,-65.27509,16.05327,-82.46655,2.37697,-46.49652,-0.87415,0,0,-10.21954,2.99962,8.0746,-4.99293,-11.45132,6.59553]},{"time":3.3333,"offset":2,"vertices":[-7.62365,5.87892,0,0,0,0,0,0,0,0,-2.74216,2.4721,0,0,0,0,0,0,-1.10848,1.39407,-79.83256,33.82383,-101.29545,5.02723,-37.19722,-0.69932,0,0,-6.41852,13.91341,6.45968,-3.99434,-9.16105,5.27642,-2.53604,13.07542]},{"time":4,"offset":2,"vertices":[-5.71774,4.40919,0,0,0,0,0,0,0,0,2.66363,-6.76249,0,0,0,0,0,0,-0.83136,1.04555,-76.19913,17.91983,-105.56271,-20.3937,-52.54958,-9.13408,0,0,1.64961,-12.96991,4.84476,-2.99576,-8.63687,-15.47843,-7.17754,-14.27656]},{"time":5.3333,"offset":2,"vertices":[-3.81183,2.93946,0,0,0,0,0,0,0,0,1.77575,-4.50833,0,0,0,0,0,0,-8.12233,11.29382,-53.3418,17.34149,-80.06139,-4.21516,-18.59861,-0.34966,0,0,4.24454,5.90868,18.08839,7.87653,-0.8889,18.02309,-4.78503,-9.51771]},{"time":5.4,"offset":2,"vertices":[-3.5577,2.7435,0,0,0,0,0,0,0,0,7.92122,-19.18247,0,0,0,0,0,0,29.05222,17.50239,-67.8342,15.60435,-74.72398,-3.93415,-64.05246,-9.05631,0,0,-7.63605,6.58663,14.04125,5.81464,-0.82964,16.82155,-4.46603,-8.88319],"curve":"stepped"},{"time":6.0667,"offset":2,"vertices":[-3.5577,2.7435,0,0,0,0,0,0,0,0,7.92122,-19.18247,0,0,0,0,0,0,29.05222,17.50239,-67.8342,15.60435,-74.72398,-3.93415,-64.05246,-9.05631,0,0,-7.63605,6.58663,14.04125,5.81464,-0.82964,16.82155,-4.46603,-8.88319]},{"time":6.7333}]}}}}}}